ts,it_mwh,facility_mwh,valid_hours,overhead_mwh,pue,coverage_pct,best_pue,pue_gap,avoidable_mwh
2016-06-12 00:00:00-06:00,18.03854389550679,18.57822050417973,24,0.5396766086729379,1.0299179696431797,100.0,,,
2016-06-13 00:00:00-06:00,18.337080182150185,18.875905250697635,24,0.5388250685474496,1.0293844528788152,100.0,,,
2016-06-14 00:00:00-06:00,19.546931833333332,20.064364649717515,24,0.5174328163841828,1.026471306125998,100.0,,,
2016-06-15 00:00:00-06:00,19.232229833333335,19.78252459122807,24,0.5502947578947364,1.0286131542033137,100.0,,,
2016-06-16 00:00:00-06:00,18.7011855,19.265586516787657,24,0.5644010167876559,1.0301799592751837,100.0,,,
2016-06-17 00:00:00-06:00,20.23444373527038,20.87999599398778,24,0.6455522587174016,1.0319036325961435,100.0,,,
2016-06-18 00:00:00-06:00,19.979507166666668,20.752238242937853,24,0.7727310762711852,1.038676183042212,100.0,,,
2016-06-19 00:00:00-06:00,19.018989166666668,19.779486000000002,24,0.7604968333333346,1.0399861857362118,100.0,,,
2016-06-20 00:00:00-06:00,19.703213121468924,20.50380526091236,24,0.8005921394434381,1.0406325676176695,100.0,,,
2016-06-21 00:00:00-06:00,20.28987316666667,21.173653291155272,24,0.8837801244886023,1.0435576958628074,100.0,,,
2016-06-22 00:00:00-06:00,20.761535333333335,21.47750743939394,24,0.7159721060606046,1.0344855086372677,100.0,,,
2016-06-23 00:00:00-06:00,20.727946666666668,21.48906850802849,24,0.7611218413618204,1.0367195966682896,100.0,,,
2016-06-24 00:00:00-06:00,18.754212833333334,19.457877342657344,24,0.7036645093240104,1.0375203435930582,100.0,,,
2016-06-25 00:00:00-06:00,17.5737065,18.221622008474576,24,0.6479155084745756,1.0368684607583822,100.0,,,
2016-06-26 00:00:00-06:00,15.289640666666667,15.8987965,24,0.6091558333333325,1.0398410823781732,100.0,,,
2016-06-27 00:00:00-06:00,17.651108,18.31258420272053,24,0.6614762027205288,1.0374750527117351,100.0,,,
2016-06-28 00:00:00-06:00,19.285654666666666,20.017863524139702,24,0.7322088574730365,1.037966502570358,100.0,,,
2016-06-29 00:00:00-06:00,20.2376825,20.925929760717846,24,0.6882472607178478,1.0340082052733977,100.0,,,
2016-06-30 00:00:00-06:00,20.719712,21.40502341510556,24,0.6853114151055593,1.033075334980793,100.0,,,
2016-07-01 00:00:00-06:00,20.485177500000002,21.216794743021346,24,0.7316172430213435,1.0357144693045175,100.0,,,
2016-07-02 00:00:00-06:00,19.86982283333333,20.543837684210526,24,0.6740148508771959,1.033921532996584,100.0,,,
2016-07-03 00:00:00-06:00,17.71945465823212,18.342596279283608,24,0.623141621051488,1.0351670879872135,100.0,,,
2016-07-04 00:00:00-06:00,16.468541166666665,17.083934333333335,24,0.6153931666666708,1.0373678008536824,100.0,,,
2016-07-05 00:00:00-06:00,17.736965333333334,18.37340347401269,24,0.6364381406793562,1.0358820197659906,100.0,,,
2016-07-06 00:00:00-06:00,18.533884133143964,19.179309692264205,24,0.6454255591202411,1.034824085145004,100.0,,,
2016-07-09 00:00:00-06:00,12.350413273809524,12.763956880952382,15,0.41354360714285754,1.0334841918221331,62.5,,,
2016-07-10 00:00:00-06:00,18.288246355932202,18.933088189265536,24,0.6448418333333343,1.0352599052300149,100.0,,,
2016-07-11 00:00:00-06:00,18.892133166666667,19.582041636363638,24,0.6899084696969702,1.0365182938110051,100.0,,,
2016-07-12 00:00:00-06:00,20.720397833333333,21.4262260480226,24,0.7058282146892658,1.0340644142244115,100.0,,,
2016-07-13 00:00:00-06:00,21.343785500000003,22.07351459830612,24,0.729729098306116,1.0341893005955347,100.0,1.0298646179667432,0.0043246826287914875,0.09230509838450164
2016-07-14 00:00:00-06:00,20.352454166666668,21.087514620689653,24,0.7350604540229853,1.036116551252422,100.0,1.0299179696431797,0.0061985816092422485,0.1261563481004458
2016-07-15 00:00:00-06:00,20.04071415677966,20.791791688920252,24,0.7510775321405916,1.037477583197129,100.0,1.0299441686063802,0.007533414590748855,0.15097500843771103
2016-07-16 00:00:00-06:00,19.786574583333334,20.52754278687184,24,0.7409682035385075,1.037448028228324,100.0,1.0299703675695806,0.007477660658743446,0.14795729033308466
2016-07-17 00:00:00-06:00,18.090272166666665,18.824185248587572,24,0.7339130819209068,1.0405694881292733,100.0,1.0299965665327808,0.01057292159649248,0.1912670292773768
2016-07-18 00:00:00-06:00,19.304973333333333,20.10825825925926,24,0.8032849259259258,1.041610258250858,100.0,1.0300227654959813,0.011587492754876694,0.22369623863308777
2016-07-19 00:00:00-06:00,20.14727295762712,21.01744415819209,24,0.8701712005649718,1.0431905202453493,100.0,1.0300489644591817,0.013141555786167602,0.26476651151180275
2016-07-20 00:00:00-06:00,20.559109,21.40499247368421,24,0.8458834736842107,1.0411439753388247,100.0,1.0300751634223821,0.0110688119164426,0.2275649106906423
2016-07-21 00:00:00-06:00,20.327468,21.164239215202876,24,0.8367712152028766,1.0411645570025188,100.0,1.0301013623855826,0.011063194616936167,0.2248867345535422
2016-07-22 00:00:00-06:00,20.58099822881356,21.42870958508077,24,0.8477113562672116,1.0411890301355942,100.0,1.0301275613487828,0.011061468786811357,0.227656069509441
2016-07-23 00:00:00-06:00,20.827514305555557,21.632610343204107,24,0.8050960376485499,1.0386554067776488,100.0,1.0301537603119832,0.008501646465665536,0.17706816338442477
2016-07-24 00:00:00-06:00,18.28016583333333,19.074781166666668,24,0.7946153333333363,1.043468715797117,100.0,1.0301799592751837,0.013288756521933287,0.24292067293973035
2016-07-25 00:00:00-06:00,17.831309611581922,18.70341594630236,24,0.8721063347204385,1.048908709103115,100.0,1.0303523266072796,0.018556382495835466,0.3308846015541815
2016-07-26 00:00:00-06:00,18.205789499999998,18.989603100208146,24,0.7838136002081484,1.043052985986032,100.0,1.0305246939393757,0.012528292046656286,0.2280874477959485
2016-07-27 00:00:00-06:00,19.474903160451976,20.322795538462685,24,0.8478923780107088,1.0435376941813266,100.0,1.0306970612714716,0.012840632909854932,0.25007008243833745
2016-07-28 00:00:00-06:00,21.614338833333335,22.54471518688671,24,0.930376353553374,1.0430444049539263,100.0,1.0308694286035676,0.01217497635035869,0.2631540641244728
2016-07-29 00:00:00-06:00,21.080937666666664,21.977213380102764,24,0.8962757134361006,1.0425159320523631,100.0,1.0310417959356637,0.011474136116699452,0.24188554825498984
2016-07-30 00:00:00-06:00,13.669591352425181,14.447876996244933,24,0.7782856438197516,1.0569355457492644,100.0,1.0312141632677596,0.025721382481504795,0.3516007875415985
2016-07-31 00:00:00-06:00,18.214044443502825,18.960209118644066,24,0.746164675141241,1.040966446384587,100.0,1.0313865305998555,0.009579915784731385,0.1744890118681117
2016-08-01 00:00:00-06:00,19.172640166666667,19.953467028047584,24,0.7808268613809162,1.0407261000359487,100.0,1.0315588979319514,0.00916720210399724,0.17575946727504868
2016-08-02 00:00:00-06:00,19.988977833333333,20.711909177871622,22,0.7229313445382886,1.036166498885838,91.66666666666667,1.0317312652640476,0.004435233621790324,0.08865578655162151
2016-08-03 00:00:00-06:00,21.46220496969697,22.3266296167136,24,0.8644246470166301,1.0402766001087556,100.0,1.0319036325961435,0.008372967512612073,0.1797023449602941
2016-08-04 00:00:00-06:00,21.13337125,21.948579668079095,24,0.815208418079095,1.03857446161502,100.0,1.0320208028346085,0.0065536587804115864,0.1385009040522603
2016-08-05 00:00:00-06:00,21.159894824561405,21.956227979044918,24,0.7963331544835128,1.0376340790484067,100.0,1.0321379730730733,0.005496105975333343,0.11629702438269703
2016-08-06 00:00:00-06:00,18.6756115,19.52549807329765,24,0.8498865732976526,1.0455078310714299,100.0,1.0322551433115383,0.013252687759891524,0.24750204793453937
2016-08-07 00:00:00-06:00,17.79096993929559,18.624723837600673,24,0.8337538983050834,1.0468638810109807,100.0,1.0323723135500034,0.01449156746097735,0.25781904107152215
2016-08-08 00:00:00-06:00,20.223856418079098,21.060282853375522,24,0.8364264352964241,1.0413584045498216,100.0,1.0324894837884684,0.00886892076135326,0.1793637800609291
2016-08-09 00:00:00-06:00,21.594152833333332,22.437508904236203,24,0.8433560709028711,1.0390548347699495,100.0,1.0326066540269332,0.006448180743016341,0.13924300046165175
2016-08-10 00:00:00-06:00,21.784462666666666,22.678203265536723,24,0.8937405988700569,1.0410265156660305,100.0,1.0327238242653982,0.008302691400632334,0.18086967084992944
2016-08-11 00:00:00-06:00,22.117898333333333,23.010954683646816,24,0.8930563503134827,1.040377089036872,100.0,1.0328409945038632,0.0075360945330087414,0.1666825727114765
2016-08-12 00:00:00-06:00,22.211672833333335,23.133488186697484,24,0.9218153533641491,1.0415013925462098,100.0,1.032958164742328,0.008543227803881726,0.18975938092045774
2016-08-13 00:00:00-06:00,21.292058,22.133452834836216,24,0.8413948348362155,1.0395168393227285,100.0,1.033075334980793,0.006441504341935467,0.1371528840557418
2016-08-14 00:00:00-06:00,18.999404,19.815761075757575,24,0.8163570757575762,1.0429675097049138,100.0,1.0331162206649271,0.009851289039986666,0.1871686203914788
2016-08-15 00:00:00-06:00,20.382563916666665,21.15362343919553,24,0.7710595225288657,1.0378293685564444,100.0,1.033157106349061,0.004672262207383371,0.09523268307741764
2016-08-16 00:00:00-06:00,22.084055333333335,22.876447210038986,24,0.7923918767056506,1.0358807232071017,100.0,1.033197992033195,0.002682731173906605,0.05924558368901176
2016-08-17 00:00:00-06:00,21.468853666666664,22.2589368062218,24,0.7900831395551364,1.0368013659146529,100.0,1.0332388777173291,0.0035624881973237432,0.07648253779757055
2016-08-18 00:00:00-06:00,18.915756193877552,19.715592677428493,24,0.7998364835509406,1.0422841400234277,100.0,1.0332797634014632,0.009004376621964516,0.17032459285893153
2016-08-19 00:00:00-06:00,10.065192177954389,10.5733755982379,15,0.5081834202835118,1.0504891919894561,62.5,1.033320649085597,0.017168542903859052,0.17280468374279645
2016-08-21 00:00:00-06:00,0.4924431932773109,0.593119112725001,4,0.10067591944769005,1.2044416915942548,16.666666666666668,1.0333615347697311,0.1710801568245237,0.08424725873305158
2016-08-22 00:00:00-06:00,4.439831897901534,4.84965760296281,15,0.4098257050612757,1.0923065815295796,62.5,1.0334024204538652,0.05890416107571439,0.2615245732630867
2016-08-23 00:00:00-06:00,14.054909655172414,14.83880630895342,24,0.7838966537810048,1.055773866429125,100.0,1.033443306137999,0.0223305602911259,0.31385400744115516
2016-08-24 00:00:00-06:00,21.604842333333334,22.387698781325824,24,0.78285644799249,1.03623523078364,100.0,1.0334841918221331,0.0027510389615068576,0.05943576301621273
2016-08-25 00:00:00-06:00,22.372136959183674,23.158306341971706,24,0.7861693827880316,1.0351405582856184,100.0,1.0335279259395782,0.0016126323460401437,0.036078031710419775
2016-08-26 00:00:00-06:00,21.142178833333336,21.861991618240516,24,0.7198127849071803,1.034046291566331,100.0,1.0335716600570233,0.0004746315093078213,0.010034744249720872
2016-08-27 00:00:00-06:00,18.807929166666664,19.46110518181818,24,0.6531760151515158,1.034728757715078,100.0,1.0336153941744683,0.0011133635406097575,0.020940062608537525
2016-08-28 00:00:00-06:00,18.882926166666667,19.551850142857145,24,0.6689239761904773,1.0354248049421124,100.0,1.0336591282919134,0.0017656766501989996,0.033341141819915036
2016-08-29 00:00:00-06:00,20.40370933333333,21.148708313761098,24,0.7449989804277664,1.0365129187177093,100.0,1.0337028624093585,0.00281005630835085,0.057335572125890445
2016-08-30 00:00:00-06:00,20.536608166666664,21.304215555235004,24,0.7676073885683401,1.0373775154270244,100.0,1.0337465965268038,0.0036309189002206033,0.07456675873877479
2016-08-31 00:00:00-06:00,18.189759666666664,18.944426709634257,24,0.7546670429675935,1.0414885659182482,100.0,1.0337903306442489,0.0076982352739993765,0.14002904949150444
2016-09-01 00:00:00-06:00,17.100474111517165,17.862677922626883,23,0.7622038111097176,1.0445720864894836,95.83333333333333,1.033834064761694,0.010738021727789704,0.18362526256497666
2016-09-02 00:00:00-06:00,19.15000426356589,19.94359801024347,24,0.7935937466775798,1.0414409174930286,100.0,1.033877798879139,0.007563118613889586,0.1448337537018401
2016-09-03 00:00:00-06:00,16.718312666666666,17.45177083333333,24,0.7334581666666651,1.0438715426185952,100.0,1.033921532996584,0.009950009622011091,0.16634737189712323
2016-09-04 00:00:00-06:00,16.398474999999998,17.097684153386584,24,0.6992091533865867,1.0426386693510576,100.0,1.0339302002242654,0.00870846912679224,0.14280561326397437
2016-09-05 00:00:00-06:00,16.282107333333332,16.958862166666666,24,0.6767548333333337,1.0415643269927264,100.0,1.0339388674519467,0.007625459540779644,0.12415855070896488
2016-09-06 00:00:00-06:00,18.363845,19.123961572454846,24,0.7601165724548444,1.0413920163481474,100.0,1.033947534679628,0.007444481668519298,0.13670930746602977
2016-09-07 00:00:00-06:00,20.452677,21.22976023163842,24,0.777083231638418,1.0379942064130978,100.0,1.0339562019073094,0.004038004505788395,0.08258800188143468
2016-09-08 00:00:00-06:00,20.478181,21.20703774201788,24,0.7288567420178822,1.035591869317782,100.0,1.0339648691349907,0.0016270001827911607,0.03331800423023047
2016-09-09 00:00:00-06:00,19.4538975,20.21783224576271,24,0.763934745762711,1.0392689817432579,100.0,1.0339735363626723,0.005295445380585573,0.10301705165076022
2016-09-10 00:00:00-06:00,17.294537666666667,18.08978340845099,24,0.7952457417843242,1.0459824805445406,100.0,1.0340310570491578,0.011951423495382807,0.20669434381118296
2016-09-11 00:00:00-06:00,15.8882955,16.53276321774736,24,0.644467717747359,1.0405624201631547,100.0,1.0340571651611794,0.006505255001975296,0.10335741377423659
2016-09-12 00:00:00-06:00,17.104378364124596,17.808075386325694,24,0.7036970222010979,1.0411413386222244,100.0,1.0341393460470854,0.007001992575139004,0.11976473030796865
2016-09-13 00:00:00-06:00,19.972433600628932,20.885566294624464,24,0.9131326939955322,1.0457196510077158,100.0,1.0343670254205746,0.01135262558714123,0.22673956073197926
2016-09-14 00:00:00-06:00,20.6582455,21.561919291969332,24,0.9036737919693323,1.0437439758361537,100.0,1.034631458083954,0.009112517752199789,0.1882486288480514
2016-09-15 00:00:00-06:00,18.73421562264151,19.46864253528513,24,0.7344269126436203,1.0392024372643613,100.0,1.0347859541730335,0.004416483091327805,0.08273934652668544
2016-09-16 00:00:00-06:00,17.93192433333333,18.706439841314392,24,0.7745155079810608,1.0431919906410339,100.0,1.0347859541730335,0.00840603646800031,0.15073640988742215
2016-09-17 00:00:00-06:00,19.931881931818182,20.67803479174415,24,0.7461528599259672,1.0374351434790936,100.0,1.0347859541730335,0.0026491893060600624,0.052803328463424504
2016-09-18 00:00:00-06:00,18.200692999999998,18.86849424576271,24,0.667801245762714,1.036690979061221,100.0,1.0347859541730335,0.0019050248881875564,0.034672773147261034
2016-09-19 00:00:00-06:00,16.975415333333334,17.695080783698877,24,0.7196654503655431,1.042394570985983,100.0,1.0347859541730335,0.0076086168129494425,0.12915943051199977
2016-09-20 00:00:00-06:00,18.1773385,18.88902901190476,24,0.7116905119047594,1.039152624676311,100.0,1.0350139690293725,0.004138655646938494,0.0752297446293375
2016-09-21 00:00:00-06:00,20.515018527777777,21.25551795959596,24,0.7404994318181828,1.0360954795539439,100.0,1.0350139690293725,0.001081510524571394,0.022187208449568813
2016-09-22 00:00:00-06:00,21.542254083333333,22.298808595573966,24,0.7565545122406334,1.0351195612731148,100.0,1.0350013708218704,0.0001181904512443932,0.0025460887309305385
2016-09-23 00:00:00-06:00,20.252537217514124,20.974060102511316,24,0.7215228849971922,1.0356262959671654,100.0,1.0350013708218704,0.0006249251452949967,0.012656319763247341
2016-09-24 00:00:00-06:00,17.4401245,18.197906542540792,24,0.7577820425407928,1.0434504950088397,100.0,1.0350013708218704,0.008449124186969303,0.14735377773670594
2016-09-25 00:00:00-06:00,16.910419833333332,17.717347978996692,24,0.8069281456633597,1.047717806749704,100.0,1.0350013708218704,0.012716435927833558,0.21504027032334916
2016-09-26 00:00:00-06:00,18.723373388888888,19.49204429876899,24,0.7686709098801039,1.0410540821845844,100.0,1.0350013708218704,0.006052711362714014,0.11332717485926497
2016-09-27 00:00:00-06:00,18.492591805084746,19.180149820067438,24,0.6875580149826916,1.0371801866514807,100.0,1.0351321594806169,0.002048027170863831,0.03787333047650738
2016-09-28 00:00:00-06:00,20.7921875,21.538550363636364,24,0.7463628636363637,1.0358963126720728,100.0,1.0351564761065755,0.0007398365654973649,0.015382820589177242
2016-09-29 00:00:00-06:00,21.86872233898305,22.678205779661017,24,0.8094834406779654,1.0370155799744636,100.0,1.0351564761065755,0.0018591038678881233,0.040656226286174796
2016-09-30 00:00:00-06:00,21.459994,22.280111147989363,24,0.8201171479893645,1.03821609400214,100.0,1.0352227783328942,0.0029933156692458773,0.0642365363021225
2016-10-01 00:00:00-06:00,19.00886913559322,19.753821683281846,24,0.7449525476886265,1.0391897351901769,100.0,1.0353588450572735,0.003830890132903386,0.07282088920919579
2016-10-02 00:00:00-06:00,19.985181166666667,20.72726592655367,24,0.7420847598870033,1.037131750455419,100.0,1.0353588450572735,0.0017729053981454523,0.03543183557329816
2016-10-03 00:00:00-06:00,20.901044166666665,21.630818471654006,24,0.7297743049873411,1.0349156864684874,100.0,1.0352121664522562,0.0,0.0
2016-10-04 00:00:00-06:00,22.366921491525424,23.242741131062786,24,0.8758196395373616,1.0391569148158901,100.0,1.0353588450572735,0.003798069758616629,0.08495112811031506
2016-10-05 00:00:00-06:00,22.157177666666666,22.986678655788655,24,0.8295009891219891,1.0374371231571562,100.0,1.0353753350284831,0.002061788128673081,0.04568340587803365
2016-10-06 00:00:00-06:00,21.508643333333332,22.48895024310777,24,0.9803069097744377,1.0455773474217778,100.0,1.035391824999693,0.010185522422084814,0.2190767689402917
2016-10-07 00:00:00-06:00,22.1845675,23.039198911424332,24,0.8546314114243323,1.038523690462946,100.0,1.035558456442648,0.0029652340202979133,0.06578243427659543
2016-10-08 00:00:00-06:00,20.991561,21.67019431034483,24,0.6786333103448285,1.0323288635059027,100.0,1.035558456442648,0.0,0.0
2016-10-09 00:00:00-06:00,18.2975445,18.967360661016947,24,0.6698161610169464,1.0366068879360806,100.0,1.035558456442648,0.0010484314934324779,0.019183721906282224
2016-10-10 00:00:00-06:00,19.631040166666665,20.36294317019774,24,0.7319030035310767,1.0372829456471615,100.0,1.0356194106372887,0.0016635350098728185,0.03265692259746953
2016-10-11 00:00:00-06:00,18.769291166666665,19.455980354553493,24,0.6866891878868273,1.0365857816253794,100.0,1.0358298377591144,0.0007559438662649853,0.014188530531583235
2016-10-12 00:00:00-06:00,19.183625499999998,19.89263063927032,24,0.7090051392703209,1.036958870953268,100.0,1.0358298377591144,0.0011290331941535836,0.021658949973711136
2016-10-13 00:00:00-06:00,19.135402166666665,19.81658574399164,24,0.6811835773249761,1.0355980800085602,100.0,1.0356206527754444,0.0,0.0
2016-10-14 00:00:00-06:00,21.114691166666667,21.851286760934467,24,0.7365955942678006,1.034885454324364,100.0,1.0355968378704046,0.0,0.0
2016-10-15 00:00:00-06:00,20.0600285,20.72846514912281,24,0.6684366491228069,1.0333218195140055,100.0,1.035558456442648,0.0,0.0
2016-10-16 00:00:00-06:00,20.177553015151517,20.87576664570034,24,0.6982136305488247,1.0346034838825366,100.0,1.0353679556108135,0.0,0.0
2016-10-17 00:00:00-06:00,21.802753,22.53228929424806,24,0.7295362942480601,1.033460742056201,100.0,1.0351363588831177,0.0,0.0
2016-10-18 00:00:00-06:00,20.803466333333333,21.54655865864948,24,0.7430923253161481,1.035719639862396,100.0,1.0351363588831177,0.0005832809792782889,0.01213426621528958
2016-10-19 00:00:00-06:00,19.93929466666667,20.671943247142377,24,0.7326485804757077,1.036743956730852,100.0,1.0351363588831177,0.0016075978477343433,0.032054367191474205
2016-10-20 00:00:00-06:00,20.641572749999998,21.425825804757697,24,0.7842530547576985,1.0379938614298514,100.0,1.0351363588831177,0.00285750254673367,0.05898334670171332
2016-10-21 00:00:00-06:00,21.501523666666667,22.285386898550726,24,0.7838632318840588,1.0364561713874847,100.0,1.0351363588831177,0.0013198125043669684,0.028377979798208976
2016-10-22 00:00:00-06:00,20.626439166666668,21.369757833333335,24,0.7433186666666671,1.0360371783350713,100.0,1.0351363588831177,0.0009008194519535273,0.018580697625869436
2016-10-23 00:00:00-06:00,21.457405333333334,22.182084079096047,24,0.7246787457627129,1.0337728972587823,100.0,1.0350787863121893,0.0,0.0
2016-10-24 00:00:00-06:00,21.793849166666668,22.600711264367817,24,0.8068620977011491,1.0370224686575895,100.0,1.0350787863121893,0.0019436823454002106,0.042360319863565095
2016-10-25 00:00:00-06:00,22.004240833333334,22.773576899686518,24,0.7693360663531834,1.0349630815341626,100.0,1.0349536025210275,9.479013135083036e-06,0.00020857848788669717
2016-10-26 00:00:00-06:00,22.431662,23.164323166666666,24,0.7326611666666665,1.0326619207558791,100.0,1.0349096400396627,0.0,0.0
2016-10-27 00:00:00-06:00,22.128503166666665,22.826852811578252,24,0.6983496449115876,1.0315588288847095,100.0,1.0348541150025068,0.0,0.0
2016-10-28 00:00:00-06:00,22.184355833333335,22.864250368421054,24,0.679894535087719,1.0306474769966563,100.0,1.0347037029485697,0.0,0.0
2016-10-29 00:00:00-06:00,21.858498500000003,22.540542454545456,24,0.6820439545454526,1.031202690090788,100.0,1.0344920454192956,0.0,0.0
2016-10-30 00:00:00-06:00,18.225458500000002,18.901913166666667,24,0.6764546666666647,1.0371159203850298,100.0,1.0344920454192956,0.00262387496573413,0.04782132429717631
2016-10-31 00:00:00-06:00,14.955517,15.598829833333333,24,0.6433128333333329,1.0430150848903006,100.0,1.0344920454192956,0.008523039471004967,0.1274664617002858
2016-11-01 00:00:00-06:00,19.32347083333333,20.04784699122807,24,0.7243761578947385,1.0374868554486172,100.0,1.0344920454192956,0.0029948100293215596,0.05787012425296929
2016-11-02 00:00:00-06:00,22.05715048022599,22.832056748295344,24,0.7749062680693548,1.0351317487163199,100.0,1.0344920454192956,0.00063970329702423,0.014110031885160143
2016-11-03 00:00:00-06:00,22.21095066666667,22.999688000000003,24,0.7887373333333336,1.0355111919867996,100.0,1.0344920454192956,0.0010191465675040146,0.02263621413293434
2016-11-04 00:00:00-06:00,22.427004,23.207460114942528,24,0.7804561149425275,1.034799838397609,100.0,1.0344920454192956,0.00030779297831329266,0.006902874355804128
2016-11-05 00:00:00-06:00,22.164258166666666,22.94204358231054,24,0.7777854156438728,1.035091876741158,100.0,1.0344920454192956,0.0005998313218624762,0.013294816274212851
2016-11-06 00:00:00-06:00,22.502859208333334,23.295662955508472,25,0.7928037471751388,1.035231245053586,100.0,1.0344920454192956,0.0007391996342904772,0.0166341052972901
2016-11-07 00:00:00-07:00,21.85516966666667,22.624256166666665,24,0.7690864999999967,1.0351901409016742,100.0,1.0344920454192956,0.0006980954823785357,0.01525699521091641
2016-11-08 00:00:00-07:00,18.583621212121212,19.31543955207509,20,0.7318183399538789,1.0393797490597014,83.33333333333333,1.0344920454192956,0.004887703640405805,0.09083123305040738
2016-11-09 00:00:00-07:00,15.9403025,16.470938296308955,17,0.530635796308955,1.0332889414306257,70.83333333333333,1.0339916127048214,0.0,0.0
2016-11-10 00:00:00-07:00,22.314169166666666,23.117321659877554,24,0.803152493210888,1.0359929373669288,100.0,1.0339916127048214,0.00200132466210734,0.044657897067685186
2016-11-11 00:00:00-07:00,22.244907666666666,23.110047884470738,24,0.8651402178040719,1.0388916074981267,100.0,1.0339916127048214,0.004899994793305273,0.10899993174422322
2016-11-12 00:00:00-07:00,21.534318666666667,22.363423309097378,24,0.8291046424307105,1.0385015497942869,100.0,1.0339916127048214,0.0045099370894654545,0.09711842245116828
2016-11-13 00:00:00-07:00,20.507665099999997,21.21698430439871,24,0.7093192043987138,1.0345880040921243,100.0,1.0339916127048214,0.0005963913873028304,0.012230594839330835
2016-11-14 00:00:00-07:00,21.35599464285714,22.08109915421137,24,0.7251045113542283,1.0339532072132613,100.0,1.0339171452223654,3.606199089589701e-05,0.0007701396843835395
2016-11-15 00:00:00-07:00,22.25977252631579,23.031129500907443,24,0.7713569745916544,1.0346525093048344,100.0,1.0339171452223654,0.0007353640824689922,0.01636903719978269
2016-11-16 00:00:00-07:00,22.57788029257466,23.34834323749483,24,0.7704629449201725,1.0341246802151556,100.0,1.0339171452223654,0.0002075349927901371,0.00468570022373606
2016-11-17 00:00:00-07:00,22.59472833020796,23.51516735337906,24,0.9204390231710988,1.0407368926821978,100.0,1.0339171452223654,0.0068197474598323815,0.1540903411355385
2016-11-18 00:00:00-07:00,22.09622311212121,22.976069951423142,24,0.8798468393019334,1.0398188792191947,100.0,1.0339351762178135,0.005883703001381191,0.130007614243976
2016-11-19 00:00:00-07:00,22.151710833333336,23.007728824561404,24,0.8560179912280681,1.0386434256779822,100.0,1.0339351762178135,0.004708249460168679,0.10429578057285435
2016-11-20 00:00:00-07:00,21.879819794117648,22.553648399380805,24,0.6738286052631572,1.0307968078166858,100.0,1.033741681738524,0.0,0.0
2016-11-21 00:00:00-07:00,17.096331565228557,17.799839078054063,24,0.7035075128255066,1.0411496179833304,100.0,1.033741681738524,0.00740793624480629,0.12664853425528247
2016-11-22 00:00:00-07:00,22.411846,23.477512828328496,24,1.0656668283284958,1.0475492660590517,100.0,1.033741681738524,0.013807584320527644,0.3094534534236802
2016-11-23 00:00:00-07:00,21.062522903954804,22.042125984531047,24,0.9796030805762435,1.0465092944963543,100.0,1.033741681738524,0.012767612757830227,0.2689181361406247
2016-11-24 00:00:00-07:00,19.7468115,20.66345355905296,24,0.9166420590529611,1.0464197503000907,100.0,1.033741681738524,0.012678068561566613,0.2503514300693321
2016-11-25 00:00:00-07:00,18.767805666666668,19.567826467177923,24,0.8000208005112555,1.042627295631698,100.0,1.033741681738524,0.008885613893173883,0.16676347477612086
2016-11-26 00:00:00-07:00,18.640488166666668,19.426187092012604,24,0.7856989253459368,1.0421501260225008,100.0,1.033741681738524,0.00840844428397669,0.15673750617554347
2016-11-27 00:00:00-07:00,19.801603333333333,20.690594153384346,24,0.8889908200510135,1.0448948908371736,100.0,1.033741681738524,0.011153209098649475,0.22085142246518108
2016-11-28 00:00:00-07:00,20.172311,21.180578982196174,24,1.0082679821961733,1.049982770055259,100.0,1.033741681738524,0.016241088316734986,0.32762028450364467
2016-11-29 00:00:00-07:00,20.494436166666667,21.47498032696664,24,0.9805441602999743,1.0478444077371003,100.0,1.033741681738524,0.014102725998576204,0.28902741775381047
2016-11-30 00:00:00-07:00,18.426843833333333,19.33544792825451,24,0.9086040949211771,1.0493087206436054,100.0,1.033741681738524,0.015567038905081265,0.2868513948513568
2016-12-01 00:00:00-07:00,19.850467388125853,20.711555233609957,24,0.8610878454841036,1.0433787189312826,100.0,1.033741681738524,0.009637037192758546,0.19129969251300943
2016-12-02 00:00:00-07:00,21.232161,22.057114922402686,24,0.8249539224026847,1.0388539782833544,100.0,1.033741681738524,0.005112296544830253,0.10854510331957964
2016-12-03 00:00:00-07:00,20.644800333333333,21.520776156264297,24,0.8759758229309647,1.0424308207775013,100.0,1.033741681738524,0.008689139038977167,0.1793855405282555
2016-12-04 00:00:00-07:00,19.331848166666667,20.08656174033601,24,0.754713573669342,1.0390399079882426,100.0,1.033741681738524,0.005298226249718541,0.10242450541220657
2016-12-05 00:00:00-07:00,20.181659500000002,20.885799359957044,24,0.7041398599570421,1.034890087207994,100.0,1.033741681738524,0.0011484054694699264,0.023176728152779703
2016-12-06 00:00:00-07:00,20.246490525983372,20.968237926205326,24,0.7217474002219539,1.0356480249895998,100.0,1.033741681738524,0.0019063432510757483,0.03859676057217748
2016-12-07 00:00:00-07:00,21.232324499999997,21.9135639137931,24,0.6812394137931044,1.0320850132915549,100.0,1.0334468498019815,0.0,0.0
2016-12-08 00:00:00-07:00,21.850189999999998,22.504843734463275,24,0.6546537344632775,1.0299610087813094,100.0,1.0333185317056675,0.0,0.0
2016-12-09 00:00:00-07:00,21.677594562146894,22.44862205754853,24,0.7710274954016363,1.0355679451975726,100.0,1.0333185317056675,0.0022494134919051056,0.048761873680141975
2016-12-10 00:00:00-07:00,21.208060833333334,21.94540050183181,24,0.7373396684984748,1.0347669536735569,100.0,1.0333185317056675,0.0014484219678894128,0.03071822120733505
2016-12-11 00:00:00-07:00,21.095288333333333,21.963948832750738,24,0.8686604994174054,1.0411779391535885,100.0,1.0333185317056675,0.007859407447921019,0.16579646624304137
2016-12-12 00:00:00-07:00,21.5221185,22.40933840061872,24,0.8872199006187174,1.0412236323584372,100.0,1.0333185317056675,0.007905100652769725,0.1701345130033374
2016-12-13 00:00:00-07:00,22.008247576271188,22.91095771502324,24,0.9027101387520524,1.041016902214665,100.0,1.0333185317056675,0.007698370508997465,0.16942764409588107
2016-12-14 00:00:00-07:00,21.98379183333333,22.780261313948806,24,0.7964694806154746,1.0362298500028468,100.0,1.0333185317056675,0.0029113182971793883,0.06400181540576613
2016-12-15 00:00:00-07:00,22.02841303766202,22.769831996201958,24,0.7414189585399384,1.0336573931709168,100.0,1.0333185317056675,0.00033886146524930716,0.0074645803190590936
2016-12-16 00:00:00-07:00,21.842409666666665,22.650037218297992,24,0.8076275516313274,1.0369752039246767,100.0,1.0333185317056675,0.003656672219009227,0.07987053262431859
2016-12-17 00:00:00-07:00,21.239463666666666,21.858943833333335,24,0.6194801666666692,1.029166469379304,100.0,1.033226239363151,0.0,0.0
2016-12-18 00:00:00-07:00,21.749237333333333,22.403710500000003,24,0.6544731666666692,1.030091775478656,100.0,1.0326286150308814,0.0,0.0
2016-12-19 00:00:00-07:00,22.122468166666664,22.89840298318986,24,0.775934816523197,1.0350745138687711,100.0,1.0326286150308814,0.002445898837889704,0.054109319180101964
2016-12-20 00:00:00-07:00,22.264728166666668,23.007236490045834,24,0.7425083233791661,1.0333490855051535,100.0,1.0326286150308814,0.0007204704742720391,0.016041079261776364
2016-12-21 00:00:00-07:00,22.48623316666667,23.413009726128767,24,0.9267765594620982,1.0412152872645624,100.0,1.0326286150308814,0.008586672233680925,0.1930819139722918
2016-12-22 00:00:00-07:00,23.239348333333332,24.15186395235167,24,0.9125156190183361,1.0392659727772775,100.0,1.0326286150308814,0.0066373577463960665,0.15424786868144652
2016-12-23 00:00:00-07:00,22.609555920903958,23.46171435236689,24,0.8521584314629322,1.0376901888053032,100.0,1.0326286150308814,0.005061573774421735,0.11443993530056913
2016-12-24 00:00:00-07:00,21.74588659039548,22.59286702632874,24,0.8469804359332613,1.0389489953611433,100.0,1.0326286150308814,0.006320380330261832,0.13744227387004013
2016-12-25 00:00:00-07:00,20.64076783333333,21.508535947957117,24,0.8677681146237859,1.0420414648151997,100.0,1.0326286150308814,0.009412849784318222,0.19428844704815415
2016-12-26 00:00:00-07:00,20.396224666666665,21.23889841709646,24,0.8426737504297961,1.04131518279493,100.0,1.0326286150308814,0.008686567764048636,0.1771731876977603
2016-12-27 00:00:00-07:00,20.71616836723164,21.451126714704035,24,0.7349583474723964,1.0354775233742035,100.0,1.0326286150308814,0.0028489083433220763,0.05901846490307109
2016-12-28 00:00:00-07:00,21.405214333333333,22.143778287289106,24,0.7385639539557722,1.034503927055084,100.0,1.0326286150308814,0.0018753120242025467,0.0401414558199327
2016-12-29 00:00:00-07:00,21.23096836781609,21.985306229272556,24,0.7543378614564666,1.035530073258456,100.0,1.0326286150308814,0.0029014582275745937,0.06160076785017594
2016-12-30 00:00:00-07:00,22.771657833333336,23.511964957076362,24,0.7403071237430261,1.0325100231683333,100.0,1.0324919072020902,1.811596624312628e-05,0.00041253058460868886
2016-12-31 00:00:00-07:00,21.82858324576271,22.617427108835173,24,0.7888438630724615,1.0361381155245424,100.0,1.0324919072020902,0.0036462083224522157,0.079591561898041
2017-01-01 00:00:00-07:00,20.16373464971751,20.970874849509183,24,0.8071401997916716,1.0400293008122372,100.0,1.0324919072020902,0.007537393610147047,0.15198200470548137
2017-01-02 00:00:00-07:00,20.550663093220336,21.30437825720566,24,0.7537151639853228,1.0366759534992316,100.0,1.0324919072020902,0.004184046297141419,0.08598492581898938
2017-01-03 00:00:00-07:00,21.985795754237287,22.70615758888024,24,0.7203618346429543,1.0327648743168243,100.0,1.0324919072020902,0.00027296711473412394,0.006001399232167905
2017-01-04 00:00:00-07:00,21.84686913559322,22.491957690383583,24,0.6450885547903624,1.0295277346509746,100.0,1.032304478484468,0.0,0.0
2017-01-05 00:00:00-07:00,22.117807833333334,22.724304796296295,24,0.6064969629629609,1.0274212059139478,100.0,1.0320323948508703,0.0,0.0
2017-01-06 00:00:00-07:00,22.051740084940583,22.75243986062834,24,0.700699775687756,1.031775260046996,100.0,1.0317536169307675,2.1643116228542425e-05,0.00047726837369997704
2017-01-07 00:00:00-07:00,22.33354597740113,23.07781175618547,24,0.7442657787843387,1.0333250160783893,100.0,1.0317536169307675,0.0015713991476218325,0.03509491511226114
2017-01-08 00:00:00-07:00,22.100649333333333,22.900933123213417,24,0.8002837898800834,1.0362108722603482,100.0,1.0317536169307675,0.004457255329580745,0.09850823702819514
2017-01-09 00:00:00-07:00,21.69811212820513,22.382401911136483,24,0.684289782931355,1.031536835042983,100.0,1.031556629500537,0.0,0.0
2017-01-10 00:00:00-07:00,21.67163318361582,22.464530204894082,24,0.7928970212782609,1.0365868605545476,100.0,1.031556629500537,0.005030231054010681,0.10901332223135266
2017-01-11 00:00:00-07:00,21.4730566299435,22.289456442286887,24,0.8163998123433878,1.0380197298602074,100.0,1.031556629500537,0.0064631003596704595,0.13878252002821198
2017-01-12 00:00:00-07:00,17.369111155172412,18.160848670935014,24,0.7917375157626019,1.0455830761107674,100.0,1.031556629500537,0.014026446610230447,0.24362691028518393
2017-01-13 00:00:00-07:00,8.652676873618276,9.12361928214198,17,0.4709424085237046,1.0544273657045478,70.83333333333333,1.031556629500537,0.02287073620401081,0.19789309023506857
2017-01-18 00:00:00-07:00,15.100098042372881,15.633988948709726,16,0.5338909063368451,1.035356784097605,66.66666666666667,1.0315478319638463,0.0038089521337587584,0.05751555065846264
2017-01-19 00:00:00-07:00,22.976343310734464,23.803526752688217,24,0.8271834419537534,1.0360015269082132,100.0,1.0315478319638463,0.0044536949443669815,0.10232962404305819
2017-01-20 00:00:00-07:00,23.173636166666668,24.044564311035103,24,0.8709281443684347,1.0375827141715979,100.0,1.0315478319638463,0.006034882207751613,0.13985016459112595
2017-01-21 00:00:00-07:00,23.210266999999998,24.102495527082866,24,0.8922285270828674,1.0384411143173349,100.0,1.0315478319638463,0.006893282353488628,0.15999492393085943
2017-01-22 00:00:00-07:00,23.012237627117997,23.896900933338614,24,0.8846633062206166,1.0384431675248353,100.0,1.0315478319638463,0.006895335560989091,0.15867710044819794
2017-01-23 00:00:00-07:00,23.308031159107802,24.148554066324163,24,0.8405229072163607,1.0360615146546996,100.0,1.0315478319638463,0.004513682690853393,0.10520505680073644
2017-01-24 00:00:00-07:00,23.431122573446327,24.261786650255306,24,0.8306640768089792,1.0354513137048902,100.0,1.0315478319638463,0.003903481741043935,0.09146295913761011
2017-01-25 00:00:00-07:00,23.139577508474577,23.902896126067652,24,0.7633186175930753,1.032987577984668,100.0,1.0316560475449896,0.0013315304396783745,0.030811051813830977
2017-01-26 00:00:00-07:00,22.38557333908046,23.130736684656558,24,0.7451633455760991,1.0332876596140248,100.0,1.0319301366692755,0.0013575229447493342,0.03038892943917069
2017-01-27 00:00:00-07:00,22.362559166666667,23.206919178598486,24,0.8443600119318191,1.0377577541836271,100.0,1.032297518229944,0.005460235953683057,0.12210484957819796
2017-01-28 00:00:00-07:00,23.234848123800557,24.024988804513406,24,0.7901406807128488,1.0340067073605475,100.0,1.032297518229944,0.0017091891306033613,0.03971274986441981
2017-01-29 00:00:00-07:00,23.323639166666666,23.99225458412193,24,0.6686154174552641,1.028666856517435,100.0,1.0319301366692755,0.0,0.0
2017-01-30 00:00:00-07:00,23.102237499999998,23.764581115174618,24,0.6623436151746205,1.0286701067450554,100.0,1.0316560475449896,0.0,0.0
2017-01-31 00:00:00-07:00,22.342280666666667,23.014630257053955,24,0.672349590387288,1.0300931494156007,100.0,1.0311668214298344,0.0,0.0
2017-02-01 00:00:00-07:00,22.833714333333333,23.626152394340444,24,0.7924380610071111,1.0347047374526486,100.0,1.0311668214298344,0.0035379160228141693,0.08078376380026156
2017-02-02 00:00:00-07:00,23.4293575,24.171007250313515,24,0.7416497503135169,1.0316547199518176,100.0,1.0311668214298344,0.0004878985219831655,0.011431148895265194
2017-02-03 00:00:00-07:00,23.561507000000002,24.316915560799448,24,0.7554085607994452,1.0320611309284862,100.0,1.0311668214298344,0.0008943094986517686,0.02107127951265014
2017-02-04 00:00:00-07:00,23.522942666666665,24.18445350759263,24,0.6615108409259634,1.0281219424924826,100.0,1.0304449786161434,0.0,0.0
2017-02-05 00:00:00-07:00,22.79740266666667,23.553849338497972,24,0.7564466718313021,1.0331812655543144,100.0,1.0304449786161434,0.002736286938171073,0.0623802351410264
2017-02-06 00:00:00-07:00,22.711477636363636,23.399286609780855,24,0.6878089734172192,1.030284642172113,100.0,1.0301888957938568,9.57463782562673e-05,0.0021745417285300283
2017-02-07 00:00:00-07:00,22.855505802259884,23.545727037715455,24,0.6902212354555708,1.030199341962816,100.0,1.0301462456892083,5.3096273607611266e-05,0.0012135421895171376
2017-02-08 00:00:00-07:00,23.126606,23.805379102044302,24,0.6787731020443033,1.0293503120191654,100.0,1.0300924624471284,0.0,0.0
2017-02-09 00:00:00-07:00,22.871548166666667,23.589252533765748,24,0.7177043670990813,1.0313797895039338,100.0,1.0300924624471284,0.001287327056805454,0.02944316278597918
2017-02-10 00:00:00-07:00,21.64461364481118,22.366438597622782,24,0.7218249528116019,1.0333489414344268,100.0,1.0300924624471284,0.0032564789872984168,0.0704852295225202
2017-02-11 00:00:00-07:00,21.78248,22.544006733252623,24,0.761526733252623,1.0349605156645443,100.0,1.0300924624471284,0.004868053217415902,0.10603827184729753
2017-02-12 00:00:00-07:00,22.069188666666665,22.9166956349727,24,0.8475069683060354,1.038402271198402,100.0,1.0300924624471284,0.008309808751273629,0.18339073711577544
2017-02-13 00:00:00-07:00,21.6950825,22.513389896316575,24,0.8183073963165732,1.0377185657771328,100.0,1.0300924624471284,0.007626103330004463,0.16544894089797157
2017-02-14 00:00:00-07:00,21.529705000000003,22.351735715909005,24,0.8220307159090012,1.0381812345273194,100.0,1.0300924624471284,0.008088772080190987,0.17414887669874832
2017-02-15 00:00:00-07:00,21.975881172413793,22.720562209279546,24,0.744681036865753,1.033886287927355,100.0,1.0300924624471284,0.0037938254802265536,0.08337265794233444
2017-02-16 00:00:00-07:00,22.422744166666668,23.09416391718704,24,0.6714197505203714,1.0299436922407783,100.0,1.0300263921299826,0.0,0.0
2017-02-17 00:00:00-07:00,22.552411187853107,23.27637250405498,24,0.7239613162018728,1.0321012822164135,100.0,1.0300263921299826,0.002074890086430914,0.04679377439879004
2017-02-18 00:00:00-07:00,16.082439784716733,16.67737486036044,17,0.5949350756437077,1.0369928371321544,70.83333333333333,1.0300263921299826,0.006966445002171806,0.1120374322609689
2017-02-23 00:00:00-07:00,15.2710186953748,15.800356673186977,16,0.5293379778121778,1.0346629120408648,66.66666666666667,1.029974085451044,0.004688826589820838,0.07160315851252448
2017-02-24 00:00:00-07:00,14.386587778953068,14.820320111669748,15,0.43373233271668,1.0301483812131749,62.5,1.029974085451044,0.00017429576213090492,0.0025075212813957877
2017-03-08 00:00:00-07:00,4.901800766608078,5.052802306783081,5,0.15100154017500333,1.0308053197926061,20.833333333333332,1.0299436922407783,0.0008616275518278371,0.0042235265940803336
2017-03-09 00:00:00-07:00,23.54325818947479,24.30330051980549,24,0.7600423303306982,1.0322828014803185,100.0,1.0299436922407783,0.0023391092395401714,0.05507025275988029
2017-03-10 00:00:00-07:00,23.274265173135284,24.08040654699917,24,0.8061413738638876,1.0346365983143644,100.0,1.0299436922407783,0.004692906073586078,0.10922394038925952
2017-03-11 00:00:00-07:00,23.261941333333333,24.08804531469714,24,0.8261039813638078,1.03551311429799,100.0,1.0299436922407783,0.005569422057211781,0.1295555691554331
2017-03-12 00:00:00-07:00,15.307402864861256,15.817617177335402,16,0.5102143124741456,1.0333312134643926,69.56521739130434,1.0299436922407783,0.003387521223614298,0.051854152083131815
2017-04-01 00:00:00-06:00,7.784447409466721,8.079940117679481,8,0.29549270821275986,1.037959368554974,33.333333333333336,1.0296109261689352,0.008348442386038712,0.06498801070508123
2017-04-02 00:00:00-06:00,17.23471960327164,17.804771266102886,18,0.5700516628312471,1.0330757723916224,75.0,1.0296109261689352,0.003464846222687168,0.059715653116468224
2017-04-03 00:00:00-06:00,6.767545057073774,7.014575234681254,7,0.24703017760747947,1.036502184399832,29.166666666666668,1.0296109261689352,0.006891258230896868,0.046636900577525064
2017-04-09 00:00:00-06:00,9.283263934714375,9.609106045354675,10,0.3258421106403002,1.0350999511520758,41.666666666666664,1.030048312263154,0.0050516388889216834,0.04689569710872726
2017-04-10 00:00:00-06:00,22.27844347457627,23.07530473182388,24,0.7968612572476097,1.0357682644282116,100.0,1.030048312263154,0.005719952165057496,0.12743163098651358
2017-04-11 00:00:00-06:00,22.792774016949153,23.554449240173103,24,0.7616752232239499,1.0334173989816928,100.0,1.030048312263154,0.0033690867185387496,0.0767908322191585
2017-04-12 00:00:00-06:00,22.66184924293785,23.47753286889332,24,0.8156836259554687,1.035993692183336,100.0,1.030048312263154,0.005945379920181848,0.1347333034431509
2017-04-13 00:00:00-06:00,22.312968437853105,23.109357406515265,24,0.7963889686621606,1.0356917534697498,100.0,1.030048312263154,0.005643441206595767,0.125921925523651
2017-04-14 00:00:00-06:00,22.48706441525424,23.345047125,24,0.8579827097457624,1.0381545004675552,100.0,1.030048312263154,0.008106188204401121,0.1822843763145421
2017-04-15 00:00:00-06:00,22.378478491525424,23.242728391848264,24,0.8642499003228394,1.0386196899244122,100.0,1.0300632579806361,0.008556431943776088,0.19147992821799428
2017-04-16 00:00:00-06:00,22.18329613559322,23.005897594475833,24,0.8226014588826125,1.0370820212584524,100.0,1.0300782036981184,0.007003817560333969,0.15536775902055647
2017-04-17 00:00:00-06:00,22.35477123446328,23.175258886171218,24,0.8204876517079391,1.0367030216101265,100.0,1.0300931494156007,0.006609872194525801,0.14776218079766404
2017-04-18 00:00:00-06:00,21.925395121468927,22.812230378531073,24,0.8868352570621454,1.0404478574798304,100.0,1.030098672595358,0.01034918488447234,0.2269099677771898
2017-04-19 00:00:00-06:00,21.749073794077535,22.52644660763686,24,0.7773728135593245,1.0357428008622147,100.0,1.030098672595358,0.005644128266856674,0.12275456217910474
2017-04-20 00:00:00-06:00,22.142697175141244,22.948549047438146,24,0.8058518722969019,1.0363935732816507,100.0,1.030098672595358,0.0062949006862926815,0.13938607964416763
2017-04-21 00:00:00-06:00,22.063862946327685,22.998253520990485,24,0.9343905746627996,1.0423493645213346,100.0,1.030098672595358,0.012250691925976609,0.27029758765243106
2017-04-22 00:00:00-06:00,20.98220625141243,21.775445337619328,24,0.7932390862068992,1.0378053230771909,100.0,1.030098672595358,0.007706650481832833,0.16170252991736347
2017-04-23 00:00:00-06:00,20.942305107344634,21.748473496571748,24,0.8061683892271141,1.038494730407895,100.0,1.030098672595358,0.00839605781253705,0.17583280440905547
2017-04-24 00:00:00-06:00,21.13481991448382,21.88990899814657,24,0.7550890836627495,1.0357272542050515,100.0,1.030098672595358,0.005628581609693484,0.11895905869484724
2017-04-25 00:00:00-06:00,16.122530234463277,16.832678449847876,24,0.7101482153845993,1.0440469457992765,100.0,1.030098672595358,0.013948273203918449,0.22488145644872914
2017-04-26 00:00:00-06:00,18.881129649717515,19.623108532461426,24,0.7419788827439113,1.0392973776733223,100.0,1.030098672595358,0.009198705077964275,0.17368194318655836
2017-04-27 00:00:00-06:00,17.426494685382153,18.249460795004076,24,0.8229661096219232,1.0472249941528546,100.0,1.030098672595358,0.017126321557496604,0.2984517516018604
2017-04-28 00:00:00-06:00,9.159485109345853,9.701123490965745,17,0.541638381619892,1.0591341516639656,70.83333333333333,1.030098672595358,0.029035479068607595,0.2659500381716345
2017-04-29 00:00:00-06:00,14.682903687786563,15.34270380860867,22,0.6598001208221067,1.0449366239030047,91.66666666666667,1.030098672595358,0.014837951307646646,0.2178642099742424
2017-04-30 00:00:00-06:00,19.57937807200435,20.3368697125757,24,0.7574916405713523,1.0386882380934486,100.0,1.0301534772881389,0.008534760805309682,0.16710530856128258
2017-05-01 00:00:00-06:00,19.58271630288668,20.291885707887317,24,0.7091694050006367,1.0362140468171976,100.0,1.0302078719837457,0.006006174833451894,0.1176172178290261
2017-05-02 00:00:00-06:00,20.551564570621466,21.4050233406599,24,0.8534587700384328,1.0415276786886802,100.0,1.0303367099341623,0.011190968754517971,0.22999191696628338
2017-05-03 00:00:00-06:00,20.049043646892656,20.944198526522282,24,0.8951548796296258,1.044648258310733,100.0,1.0303367099341623,0.014311548376570782,0.28693285805648333
2017-05-04 00:00:00-06:00,21.43836514124294,22.302671245226964,24,0.8643061039840241,1.040315858895475,100.0,1.0303367099341623,0.0099791489613128,0.21393663923147904
2017-05-05 00:00:00-06:00,22.81801565819209,23.637051710889192,24,0.8190360526971041,1.0358942716564863,100.0,1.0303367099341623,0.005557561722324023,0.12681253040135854
2017-05-06 00:00:00-06:00,22.51648874858757,23.315052338212634,24,0.7985635896250649,1.035465724631473,100.0,1.030862766763739,0.004602957867734014,0.10364244903905556
2017-05-07 00:00:00-06:00,22.58867811864407,23.362315193064486,24,0.7736370744204173,1.0342488865597619,100.0,1.030862766763739,0.0033861197960229905,0.07648797014353204
2017-05-08 00:00:00-06:00,21.5308613482369,22.264762263106157,24,0.7339009148692561,1.0340859988367048,100.0,1.0314519387751817,0.0026340600615231136,0.05671358196758252
2017-05-09 00:00:00-06:00,22.301611742937855,23.03896821182013,24,0.7373564688822754,1.0330629228677057,100.0,1.032119434142804,0.0009434887249017976,0.02104131922659939
2017-05-10 00:00:00-06:00,22.268919620689655,23.02255994662522,24,0.7536403259355637,1.0338426981987654,100.0,1.0323608136190572,0.0014818845797082147,0.03299996859266171
2017-05-11 00:00:00-06:00,22.332286183615818,23.112384951292196,24,0.7800987676763782,1.034931433408224,100.0,1.0330642078200973,0.0018672255881266864,0.04169941620341552
2017-05-12 00:00:00-06:00,22.6646560480226,23.46809479879876,24,0.8034387507761593,1.0354489716973339,100.0,1.0330642078200973,0.0023847638772365176,0.054049853033314464
2017-05-13 00:00:00-06:00,21.82632100282486,22.63197540960452,24,0.8056544067796629,1.0369120570835273,100.0,1.0330642078200973,0.003847849263429959,0.08398439319410547
2017-05-14 00:00:00-06:00,19.469508584745764,20.27688015536723,24,0.8073715706214664,1.041468513039617,100.0,1.0330642078200973,0.008404305219519737,0.16362769262026314
2017-05-15 00:00:00-06:00,19.820632598870056,20.620365607133877,24,0.7997330082638214,1.040348510789177,100.0,1.0330642078200973,0.00728430296907967,0.14437949288898644
2017-05-16 00:00:00-06:00,21.05901702824859,21.902553068300744,24,0.8435360400521539,1.0400558126203439,100.0,1.0330642078200973,0.00699160480024652,0.14723632454317606
2017-05-17 00:00:00-06:00,23.065040482758622,23.876612388237206,24,0.8115719054785835,1.0351862337326154,100.0,1.0330642078200973,0.0021220259125180885,0.04894461357769252
2017-05-18 00:00:00-06:00,23.05885535875706,23.95482228950342,24,0.8959669307463578,1.038855655096778,100.0,1.0331013164988994,0.005754338597878661,0.13268846141379695
2017-05-19 00:00:00-06:00,22.420463279661018,23.32035689116054,24,0.8998936114995217,1.0401371550745728,100.0,1.0333398320161227,0.006797323058450155,0.15239913203197483
2017-05-20 00:00:00-06:00,22.134675259887004,22.882718225585148,24,0.7480429656981435,1.0337950729755572,100.0,1.0333398320161227,0.0004552409594344997,0.010076610802082045
2017-05-21 00:00:00-06:00,22.59950949717514,23.29353638374941,24,0.6940268865742674,1.0307098207888548,100.0,1.0331268606061765,0.0,0.0
2017-05-22 00:00:00-06:00,22.413242116403666,23.214845641218034,24,0.801603524814368,1.0357647287550469,100.0,1.0331524047134535,0.0026123240415933946,0.05855065123073491
2017-05-23 00:00:00-06:00,23.073183401129942,23.848145420620824,24,0.7749620194908822,1.033587130393673,100.0,1.0331779488207304,0.00040918157294256297,0.009441121476866585
2017-05-24 00:00:00-06:00,22.812210149717515,23.563337211182777,24,0.7511270614652616,1.0329265361197175,100.0,1.033069347629664,0.0,0.0
2017-05-25 00:00:00-06:00,22.248702638710306,23.01654616197053,24,0.7678435232602254,1.034511833598974,100.0,1.033069347629664,0.00144248596931007,0.03209344139169155
2017-05-26 00:00:00-06:00,21.646143342684592,22.452048255458326,24,0.8059049127737339,1.037230877575524,100.0,1.0332034929280076,0.0040273846475162856,0.08717734537626477
2017-05-27 00:00:00-06:00,21.754781542957335,22.498019273990963,24,0.7432377310336271,1.0341643389783537,100.0,1.0332290370352846,0.0009353019430691223,0.020347289448172275
2017-05-28 00:00:00-06:00,20.63004919491525,21.341574028248587,24,0.7115248333333355,1.0344897303254472,100.0,1.0332545811425615,0.0012351491828856975,0.025481188405991315
2017-05-29 00:00:00-06:00,20.28320748245614,21.060793392308458,24,0.7775859098523163,1.0383364371993378,100.0,1.0332801252498385,0.0050563119494992925,0.10255822436771646
2017-05-30 00:00:00-06:00,21.08801570056497,21.831425056635233,24,0.7434093560702628,1.0352526935974515,100.0,1.0333056693571157,0.0019470242403358817,0.04105887774958366
2017-05-31 00:00:00-06:00,22.062874110948762,22.794724003418832,24,0.7318498924700698,1.0331711040361187,100.0,1.0331711040361187,0.0,0.0
2017-06-01 00:00:00-06:00,21.022377441262417,21.83134298098652,24,0.8089655397241025,1.0384811633215316,100.0,1.033187114978946,0.005294048342585622,0.11129348245012467
2017-06-02 00:00:00-06:00,21.457823189265536,22.297278225005407,24,0.8394550357398707,1.0391211647302516,100.0,1.0332031259217735,0.005918038808478077,0.12698823037953424
2017-06-03 00:00:00-06:00,20.635122393921684,21.47037201178648,24,0.8352496178647968,1.0404770857143464,100.0,1.0332191368646009,0.00725794884974551,0.14976866284332171
2017-06-04 00:00:00-06:00,20.915008057471262,21.755094812843577,24,0.8400867553723153,1.0401666952775674,100.0,1.0332351478074282,0.006931547470139243,0.14497337118870682
2017-06-05 00:00:00-06:00,22.04342730381843,22.92224306704517,24,0.8788157632267399,1.0398674739238263,100.0,1.0332511587502555,0.006616315173570753,0.1458462625477577
2017-06-06 00:00:00-06:00,22.3298584519774,23.17031363158638,24,0.8404551796089805,1.0376381776631707,100.0,1.033267169693083,0.004371007970087604,0.09760398926452125
2017-06-07 00:00:00-06:00,21.96846280225989,22.832286528248588,24,0.8638237259886985,1.0393210819420573,100.0,1.0333829247747728,0.005938157167284519,0.1304521848434629
2017-06-08 00:00:00-06:00,20.975540592635888,21.8392559495078,24,0.8637153568719107,1.041177263253713,100.0,1.0335192378288809,0.007658025424832182,0.16063122315800513
2017-06-09 00:00:00-06:00,21.191385059588626,21.955898373281773,24,0.764513313693147,1.0360766090344444,100.0,1.0335192378288809,0.002557371205563541,0.05419423795740138
2017-06-10 00:00:00-06:00,21.220559177966102,22.048931757062146,24,0.8283725790960439,1.0390363219059828,100.0,1.0335192378288809,0.005517084077101941,0.11707560914795624
2017-06-11 00:00:00-06:00,20.201083598870056,20.980867199375556,24,0.7797836005054997,1.038601077842632,100.0,1.0337118959428035,0.004889181899828454,0.09876677228851694
2017-06-12 00:00:00-06:00,21.017997901283014,21.817802268820163,24,0.7998043675371491,1.0380533089447272,100.0,1.033732690200992,0.004320618743735238,0.09081075568807129
2017-06-13 00:00:00-06:00,22.839815358149654,23.64281410704821,24,0.8029987488985562,1.0351578476579948,100.0,1.0337534844591802,0.00140436319881454,0.0320753961567045
2017-06-14 00:00:00-06:00,22.498166280742865,23.35269918476865,24,0.8545329040257847,1.0379823356873852,100.0,1.0337742787173687,0.004208056970016472,0.09467356543026957
2017-06-15 00:00:00-06:00,22.321068319194058,23.20946537470029,24,0.8883970555062319,1.039800830444226,100.0,1.0337950729755572,0.0060057574686689374,0.13405492276666933
2017-06-16 00:00:00-06:00,22.01866105978958,22.902113656028884,24,0.8834525962393052,1.0401229027432854,100.0,1.033799835497878,0.006323067245407543,0.13922547453488604
2017-06-17 00:00:00-06:00,21.891610896966995,22.807804547279215,24,0.9161936503122199,1.04185135824971,100.0,1.0338045980201989,0.008046760229511118,0.17615654392564623
2017-06-18 00:00:00-06:00,22.143197209680395,23.06050905270848,24,0.9173118430280844,1.0414263502393892,100.0,1.0338093605425196,0.007616989696869636,0.16866450500188804
2017-06-19 00:00:00-06:00,21.967073459882904,22.881516984290066,24,0.9144435244071616,1.041627917623035,100.0,1.0338141230648406,0.00781379455819442,0.1716461990602901
2017-06-20 00:00:00-06:00,22.470552142520962,23.358866744610427,24,0.8883146020894657,1.0395323887217043,100.0,1.0338188855871613,0.0057135031345429965,0.12838557010120535
2017-06-21 00:00:00-06:00,22.29377630080537,23.21547428436785,24,0.9216979835624812,1.0413432866252086,100.0,1.033823648109482,0.007519638515726568,0.16764113893252822
2017-06-22 00:00:00-06:00,15.560641330966515,16.24467769601641,17,0.6840363650498951,1.0439593941214123,70.83333333333333,1.033828410631803,0.01013098348960928,0.15764460041175354
2017-06-23 00:00:00-06:00,22.61607387397336,23.39512102388473,24,0.7790471499113707,1.0344466132473993,100.0,1.0338331731541237,0.0006134400932755746,0.013873606466777504
2017-06-24 00:00:00-06:00,21.449141621425102,22.147953717138478,24,0.6988120957133752,1.0325799562540696,100.0,1.0337742787173687,0.0,0.0
2017-06-25 00:00:00-06:00,19.941709051616833,20.641575482881144,24,0.6998664312643115,1.0350956093809607,100.0,1.0337950729755572,0.0013005364054035073,0.025934918607592342
2017-06-26 00:00:00-06:00,20.814168849225407,21.507461188370222,24,0.6932923391448149,1.0333086727683876,100.0,1.0336079246518615,0.0,0.0
2017-06-27 00:00:00-06:00,22.274278756818806,22.957457951256693,24,0.6831791944378871,1.0306712150771098,100.0,1.0334513452640888,0.0,0.0
2017-06-28 00:00:00-06:00,21.997173417961726,22.6613396095354,24,0.6641661915736741,1.0301932516034698,100.0,1.0333412906323791,0.0,0.0
2017-06-29 00:00:00-06:00,22.034373459221666,22.734829241973692,24,0.7004557827520266,1.031789230769295,100.0,1.0332261315290263,0.0,0.0
2017-06-30 00:00:00-06:00,22.843990381352665,23.51208538464128,24,0.6680950032886166,1.029245985142507,100.0,1.033113905049421,0.0,0.0
2017-07-01 00:00:00-06:00,21.32887112187104,21.963110505691308,24,0.6342393838202689,1.0297361909215115,100.0,1.0331061953350709,0.0,0.0
2017-07-02 00:00:00-06:00,19.967388474589832,20.64219082883462,24,0.6748023542447896,1.0337952234015746,100.0,1.0331061953350709,0.0006890280665037274,0.013758091073775442
2017-07-03 00:00:00-06:00,20.186865322700196,20.86330888169864,24,0.676443558998443,1.0335090935707476,100.0,1.0331170134519123,0.0003920801188352918,0.007914868554636325
2017-07-04 00:00:00-06:00,21.195776990532117,21.842110377202882,24,0.646333386670765,1.0304934981604814,100.0,1.0330083681685105,0.0,0.0
2017-07-05 00:00:00-06:00,22.672917794507807,23.394448418116706,24,0.7215306236088992,1.0318234569607834,100.0,1.032822562160023,0.0,0.0
2017-07-06 00:00:00-06:00,22.690055535806867,23.433459343856438,24,0.7434038080495711,1.0327634195022757,100.0,1.0327267268526346,3.669264964112351e-05,0.0008325582581129963
2017-07-07 00:00:00-06:00,22.04670803711677,22.782976344647807,24,0.7362683075310379,1.0333958387933242,100.0,1.032745073177455,0.0006507656158691866,0.01434723953366244
2017-07-08 00:00:00-06:00,22.077012192383194,22.789669875835585,24,0.7126576834523917,1.032280531316564,100.0,1.032550013760319,0.0,0.0
2017-07-09 00:00:00-06:00,21.528102622671984,22.220607957101922,24,0.6925053344299386,1.0321675043345733,100.0,1.0322692286183648,0.0,0.0
2017-07-10 00:00:00-06:00,21.704097802542172,22.446244993479116,24,0.7421471909369437,1.0341938742484849,100.0,1.0322692286183648,0.0019246456301200698,0.0417726969913614
2017-07-11 00:00:00-06:00,22.1170405562984,22.872968152031557,24,0.7559275957331586,1.0341785146981561,100.0,1.0322692286183648,0.0019092860797913502,0.042227757660321275
2017-07-12 00:00:00-06:00,23.135734641395384,23.910764447941453,24,0.775029806546069,1.0334992520686745,100.0,1.0322692286183648,0.0012300234503097585,0.028457496149060152
2017-07-13 00:00:00-06:00,23.251706474191646,24.069307329528392,24,0.817600855336746,1.035163047333504,100.0,1.0322692286183648,0.0028938187151392736,0.0672862233539408
2017-07-14 00:00:00-06:00,23.181846962948068,23.987352556569437,24,0.8055055936213691,1.0347472569769278,100.0,1.0322692286183648,0.0024780283585630336,0.057445274178053646
2017-07-15 00:00:00-06:00,21.326753403409125,22.062894579482066,24,0.736141176072941,1.0345172639336313,100.0,1.0322692286183648,0.0022480353152665167,0.04794329481084409
2017-07-16 00:00:00-06:00,19.37025033718117,20.07315025795489,24,0.7028999207737208,1.0362876012719622,100.0,1.0322692286183648,0.004018372653597391,0.07783688424826445
2017-07-17 00:00:00-06:00,14.569351514726142,15.273816841235957,24,0.7044653265098155,1.048352551985431,100.0,1.0322692286183648,0.016083323367066304,0.23432359165979783
2017-07-18 00:00:00-06:00,16.603636384989954,17.357911898436097,24,0.7542755134461423,1.0454283324421645,100.0,1.0322692286183648,0.0131591038237997,0.21848897504270115
2017-07-19 00:00:00-06:00,23.48282343555215,24.29831799672119,24,0.815494561169043,1.0347272790006339,100.0,1.0322692286183648,0.0024580503822690947,0.057721963122516616
2017-07-20 00:00:00-06:00,22.48150835529347,23.345249577352032,24,0.863741222058561,1.0384200743298964,100.0,1.0322692286183648,0.006150845711531572,0.13828028925591804
2017-07-21 00:00:00-06:00,22.98395547164921,23.780754634385524,24,0.7967991627363133,1.0346676255842546,100.0,1.0322692286183648,0.0023983969658898374,0.055124649067350595
2017-07-22 00:00:00-06:00,22.681747351005622,23.417266174345524,24,0.7355188233399019,1.0324277848596746,100.0,1.0322692286183648,0.00015855624130978185,0.003596332606313553
2017-07-23 00:00:00-06:00,21.244039845520415,21.95187969300061,24,0.7078398474801944,1.033319455839255,100.0,1.0322692286183648,0.0010502272208903207,0.022311068927444146
2017-07-24 00:00:00-06:00,22.167417839529826,22.901187727801126,24,0.7337698882713006,1.0331012792551242,100.0,1.0322692286183648,0.0008320506367593961,0.018444414128692386
2017-07-25 00:00:00-06:00,22.278178074049137,23.10213904745518,24,0.8239609734060416,1.0369851147911344,100.0,1.0322692286183648,0.004715886172769634,0.10506135193390798
2017-07-26 00:00:00-06:00,22.779653618057996,23.770582753837054,24,0.9909291357790586,1.04350062351227,100.0,1.0322692286183648,0.011231394893905122,0.25584728533078394
2017-07-27 00:00:00-06:00,22.205853295052183,23.330635949642918,24,1.1247826545907351,1.0506525301975833,100.0,1.0322692286183648,0.018383301579218525,0.4082168979468277
2017-07-28 00:00:00-06:00,21.70135714427158,22.75152441492652,24,1.050167270654942,1.0483917786188848,100.0,1.0322692286183648,0.016122550000519986,0.34988121563766017
2017-07-29 00:00:00-06:00,19.52529669549279,20.530854342485128,24,1.0055576469923366,1.0515002492753136,100.0,1.0322692286183648,0.019231020656948816,0.37549138408407634
2017-07-30 00:00:00-06:00,16.855656672871444,17.84220414966713,24,0.9865474767956854,1.058529162995085,100.0,1.0322692286183648,0.02625993437672025,0.4426284381061309
2017-07-31 00:00:00-06:00,19.674788910284125,20.648867437091237,24,0.9740785268071122,1.0495089696387012,100.0,1.0322692286183648,0.01723974102033643,0.3391882654430855
2017-08-01 00:00:00-06:00,22.72335391307505,23.704873002901046,24,0.9815190898259942,1.043194287849437,100.0,1.0322692286183648,0.01092505923107212,0.24825398742895938
2017-08-02 00:00:00-06:00,21.583775104460035,22.67635005485449,24,1.0925749503944537,1.0506201971205995,100.0,1.0322692286183648,0.01835096850223472,0.396083177101264
2017-08-03 00:00:00-06:00,21.879520505303343,22.83121456669971,24,0.9516940613963669,1.0434970255022584,100.0,1.0322692286183648,0.011227796883893637,0.2456588121505318
2017-08-04 00:00:00-06:00,22.861743836337016,23.7144690564712,24,0.8527252201341824,1.037299220314893,100.0,1.0322692286183648,0.00502999169652818,0.1149943816649295
2017-08-05 00:00:00-06:00,21.257751099234056,22.072029184231322,24,0.814278084997266,1.0383049966666797,100.0,1.0322692286183648,0.00603576804831496,0.12830685486378915
2017-08-06 00:00:00-06:00,19.338077100059472,20.14694506378234,24,0.808867963722868,1.0418277349675258,100.0,1.0322692286183648,0.009558506349161,0.1848431327414834
2017-08-07 00:00:00-06:00,21.252267138966644,22.084937509627743,24,0.8326703706610985,1.039180307927448,100.0,1.0322692286183648,0.00691107930908319,0.14687610369522097
2017-08-08 00:00:00-06:00,22.55720491954023,23.311008754409627,24,0.7538038348693981,1.0334174308190291,100.0,1.0322692286183648,0.001148202200664361,0.025900232329453043
2017-08-09 00:00:00-06:00,22.222526385221528,22.95225013281782,24,0.7297237475962923,1.0328371191891834,100.0,1.0322692286183648,0.0005678905708186299,0.012619963193935518
2017-08-10 00:00:00-06:00,21.829512510033116,22.595701789629196,24,0.7661892795960803,1.035098781030677,100.0,1.0322692286183648,0.0028295524123123084,0.06176774978236592
2017-08-11 00:00:00-06:00,22.103687647877567,22.908100376063665,24,0.8044127281860973,1.0363926934274852,100.0,1.0322692286183648,0.004123464809120403,0.09114377816781248
2017-08-12 00:00:00-06:00,22.41434999542178,23.16825182995478,24,0.753901834533,1.0336347846217708,100.0,1.0322692286183648,0.0013655560034060432,0.03060805019869243
2017-08-13 00:00:00-06:00,21.790749958960085,22.54097268941165,24,0.750222730451565,1.0344284952039056,100.0,1.0322692286183648,0.0021592665855407756,0.047052038260256536
2017-08-14 00:00:00-06:00,21.25576530625365,22.011074499687435,24,0.755309193433785,1.0355343212794867,100.0,1.0322692286183648,0.00326509266112196,0.06940204330797957
2017-08-15 00:00:00-06:00,21.247826075297095,21.99855343046673,24,0.7507273551696336,1.0353319606678462,100.0,1.0322692286183648,0.003062732049481376,0.06507639790261849
2017-08-16 00:00:00-06:00,22.05148768679955,22.78998863906021,24,0.738500952260658,1.033489847159053,100.0,1.0322692286183648,0.001220618540688223,0.026916454720265586
2017-08-17 00:00:00-06:00,21.916215650657183,22.627217817441252,24,0.7110021667840698,1.0324418311134271,100.0,1.0322692286183648,0.00017260249506234615,0.00378279350362787
2017-08-18 00:00:00-06:00,21.82194426836158,22.560698557698004,24,0.7387542893364234,1.0338537336660465,100.0,1.0322692286183648,0.0015845050476817057,0.03457698084344779
2017-08-19 00:00:00-06:00,18.76916857284666,19.415773490588748,22,0.6466049177420885,1.0344503761704997,91.66666666666667,1.0324130595053636,0.0020373166651361796,0.03823873992421074
2017-08-20 00:00:00-06:00,18.86879801061206,19.578957757227144,24,0.7101597466150835,1.0376367241949211,100.0,1.0324130595053636,0.0052236646895575944,0.0985642739024288
2017-08-21 00:00:00-06:00,21.08393072466079,21.840537231243776,24,0.7566065065829868,1.0358854578144683,100.0,1.0324130595053636,0.0034723983091047295,0.07321180539759338
2017-08-22 00:00:00-06:00,22.108761121468927,22.901951023650227,24,0.7931899021813003,1.0358767231607142,100.0,1.0324130595053636,0.0034636636553506683,0.0765773123612618
2017-08-23 00:00:00-06:00,23.064543073446327,23.858177350282485,24,0.7936342768361584,1.0344092780988083,100.0,1.0324130595053636,0.0019962185934447874,0.04604186973252174
2017-08-24 00:00:00-06:00,22.558223720338983,23.337874825005176,24,0.7796511046661934,1.0345617241114264,100.0,1.0324130595053636,0.002148664606062889,0.048470056883540676
2017-08-25 00:00:00-06:00,22.087212347457626,22.842648467085247,24,0.7554361196276211,1.0342024202848115,100.0,1.0324130595053636,0.0017893607794479127,0.03952199150187834
2017-08-26 00:00:00-06:00,22.564630937853106,23.30700244915254,24,0.7423715112994351,1.0328997852144826,100.0,1.0324130595053636,0.0004867257091190069,0.010982785994235236
2017-08-27 00:00:00-06:00,22.161329194915254,22.903547240112996,24,0.7422180451977418,1.0334915852144841,100.0,1.0324130595053636,0.0010785257091205924,0.02390156328500086
2017-08-28 00:00:00-06:00,21.828158350282486,22.57206518584597,24,0.7439068355634859,1.0340801465531726,100.0,1.0324130595053636,0.001667087047809046,0.036389440063280806
2017-08-29 00:00:00-06:00,22.699632943502824,23.424680562745927,24,0.725047619243103,1.0319409402366848,100.0,1.0322692286183648,0.0,0.0
2017-08-30 00:00:00-06:00,22.44485822316384,23.206695946662588,24,0.761837723498747,1.033942639152539,100.0,1.0322692286183648,0.0016734105341742467,0.037559462188689836
2017-08-31 00:00:00-06:00,22.8686355480226,23.64673039699622,24,0.7780948489736197,1.034024541925104,100.0,1.0322692286183648,0.0017553133067391702,0.04014162028441248
2017-09-01 00:00:00-06:00,23.149407155367232,23.886753405077407,24,0.7373462497101748,1.0318516256058514,100.0,1.0321448479247843,0.0,0.0
2017-09-02 00:00:00-06:00,22.264846533898304,22.988497360012556,24,0.7236508261142518,1.032501945387878,100.0,1.0321448479247843,0.00035709746309375845,0.007950720213426946
2017-09-03 00:00:00-06:00,22.37971679777908,23.099596629164232,24,0.7198798313851533,1.0321666193495618,100.0,1.032144051438274,2.2567911287740827e-05,0.0005050634633370415
2017-09-04 00:00:00-06:00,22.95289725141243,23.672187073446327,24,0.7192898220338968,1.0313376483219188,100.0,1.0319320087736015,0.0,0.0
2017-09-05 00:00:00-06:00,22.97302986440678,23.775675604125013,24,0.8026457397182334,1.0349386103816376,100.0,1.0319320087736015,0.003006601608036119,0.06907074853178721
2017-09-06 00:00:00-06:00,23.207439263783364,23.96316767662801,24,0.7557284128446469,1.0325640586302862,100.0,1.0319320087736015,0.0006320498566847466,0.014668258660694235
2017-09-07 00:00:00-06:00,23.725762734463277,24.484460584550945,24,0.7586978500876675,1.0319778065126484,100.0,1.0319320087736015,4.5797739046893327e-05,0.0010865862904014553
2017-09-08 00:00:00-06:00,23.516976446327686,24.28931403923415,24,0.7723375929064638,1.0328417045732539,100.0,1.0319320087736015,0.000909695799652388,0.021393294693748437
2017-09-09 00:00:00-06:00,22.908679677966102,23.732742027991783,24,0.824062350025681,1.0359716213072845,100.0,1.0319320087736015,0.004039612533683012,0.09254218955724118
2017-09-10 00:00:00-06:00,21.923995460451977,22.752935183615822,24,0.8289397231638453,1.0378097014597154,100.0,1.0319320087736015,0.005877692686113933,0.12886250776829367
2017-09-11 00:00:00-06:00,22.98908177118644,23.84589986396182,24,0.8568180927753772,1.0372706531432359,100.0,1.0319320087736015,0.005338644369634382,0.12273053196080891
2017-09-12 00:00:00-06:00,23.878266446327682,24.733196187795276,24,0.8549297414675934,1.0358036770964618,100.0,1.0319320087736015,0.0038716683228603443,0.09244872780506594
2017-09-13 00:00:00-06:00,23.591803033898305,24.443769305388596,24,0.8519662714902907,1.036112808769475,100.0,1.0319320087736015,0.004180799995873619,0.09863261002677326
2017-09-14 00:00:00-06:00,22.35808984180791,23.166119856064082,24,0.8080300142561718,1.036140386767085,100.0,1.0319320087736015,0.004208377993483614,0.09409129326659395
2017-09-15 00:00:00-06:00,22.526957802259886,23.32756715080559,24,0.8006093485457022,1.0355400562993635,100.0,1.0319320087736015,0.003608047525762048,0.08127833436138984
2017-09-16 00:00:00-06:00,23.786102497175143,24.54308698279341,24,0.7569844856182684,1.03182465415291,100.0,1.0318489284605572,0.0,0.0
2017-09-17 00:00:00-06:00,23.345982903954802,24.1114844039548,24,0.7655014999999992,1.0327894311903365,100.0,1.0318489284605572,0.0009405027297793023,0.021956960650550413
2017-09-18 00:00:00-06:00,23.301458972881356,24.056591429714544,24,0.7551324568331879,1.0324070890888002,100.0,1.0318489284605572,0.0005581606282429874,0.013005956979281653
2017-09-19 00:00:00-06:00,23.657376785310735,24.480319267290856,24,0.822942481980121,1.0347858720537055,100.0,1.0318489284605572,0.0029369435931483334,0.06948038118031448
2017-09-20 00:00:00-06:00,23.45278840677966,24.22114824604566,24,0.7683598392660009,1.0327619823254741,100.0,1.0318489284605572,0.0009130538649169129,0.021413659097888737
2017-09-21 00:00:00-06:00,22.790163420903955,23.620631634318304,24,0.8304682134143491,1.0364397656162752,100.0,1.0318489284605572,0.004590837155717953,0.10462592901757004
2017-09-22 00:00:00-06:00,23.125304776836156,23.896106286500963,24,0.7708015096648069,1.0333315178806592,100.0,1.0318489284605572,0.0014825894201020429,0.03428533219877252
2017-09-23 00:00:00-06:00,22.31059743502825,23.030543615624392,24,0.7199461805961427,1.0322692470559218,100.0,1.0318489284605572,0.00042031859536462157,0.009377558975636602
2017-09-24 00:00:00-06:00,23.353274855932202,24.152470641242935,24,0.799195785310733,1.0342220005648468,100.0,1.0318489284605572,0.0023730721042896086,0.05541900510442064
2017-09-25 00:00:00-06:00,23.512250355402543,24.278688458063097,24,0.7664381026605547,1.0325973945953857,100.0,1.0319320087736015,0.0006653858217842146,0.015644718024725713
2017-09-26 00:00:00-06:00,24.25518357765249,25.021586783660336,24,0.7664032060078476,1.031597501769229,100.0,1.0319320087736015,0.0,0.0
2017-09-27 00:00:00-06:00,23.96319983005543,24.697401091323776,24,0.7342012612683462,1.0306386987745888,100.0,1.0319320087736015,0.0,0.0
2017-09-28 00:00:00-06:00,23.640875661165623,24.383814279411414,24,0.7429386182457911,1.0314260194458955,100.0,1.0319320087736015,0.0,0.0
2017-09-29 00:00:00-06:00,23.495857601694915,24.255731515144525,24,0.75987391344961,1.0323407609260788,100.0,1.031974119885052,0.00036664104102679396,0.008614545690902734
2017-09-30 00:00:00-06:00,23.196877576271188,23.979797664036624,24,0.7829200877654365,1.0337510979739062,100.0,1.031974119885052,0.0017769780888541309,0.04122034318286562
2017-10-01 00:00:00-06:00,23.69461138700565,24.501927960451976,24,0.8073165734463252,1.0340717372511568,100.0,1.031974119885052,0.002097617366104698,0.049702228328485185
2017-10-02 00:00:00-06:00,23.93685970621469,24.707275939686166,24,0.7704162334714759,1.0321853510831018,100.0,1.0321477380658703,3.761301723148591e-05,0.000900337516597514
2017-10-03 00:00:00-06:00,23.780428533898306,24.47910451426345,24,0.6986759803651452,1.0293802939408432,100.0,1.0321477380658703,0.0,0.0
2017-10-04 00:00:00-06:00,23.66245684180791,24.468222614409346,24,0.8057657726014362,1.0340524983516408,100.0,1.0321477380658703,0.0019047602857704682,0.045071308056033405
2017-10-05 00:00:00-06:00,23.618955358757063,24.38422150971168,24,0.7652661509546164,1.0324005079534935,100.0,1.0321477380658703,0.0002527698876231277,0.005970160691808692
2017-10-06 00:00:00-06:00,23.92649966666667,24.67158484343262,24,0.7450851767659508,1.0311405841701105,100.0,1.031974119885052,0.0,0.0
2017-10-07 00:00:00-06:00,23.834678457627117,24.57255699982569,24,0.7378785421985725,1.0309581915908939,100.0,1.0319320087736015,0.0,0.0
2017-10-08 00:00:00-06:00,23.965129053672317,24.691863759058666,24,0.7267347053863489,1.0303246731431637,100.0,1.0318489284605572,0.0,0.0
2017-10-09 00:00:00-06:00,23.376331381355932,24.013161245641356,24,0.6368298642854242,1.0272425067003172,100.0,1.0318019389145419,0.0,0.0
2017-10-10 00:00:00-06:00,23.144453627118644,23.861181989332437,24,0.716728362213793,1.0309676077802932,100.0,1.0315803535368957,0.0,0.0
2017-10-11 00:00:00-06:00,22.913131511299433,23.63044985429376,24,0.7173183429943286,1.0313059933619544,100.0,1.0314171823334979,0.0,0.0
2017-10-12 00:00:00-06:00,23.539216901129944,24.272312403367913,24,0.733095502237969,1.0311435807451512,100.0,1.0313344828259223,0.0,0.0
2017-10-13 00:00:00-06:00,23.502255372881354,24.24807110318384,24,0.7458157303024855,1.0317337939899616,100.0,1.0313344828259223,0.00039931116403923994,0.009384712950492735
2017-10-14 00:00:00-06:00,23.098560192090396,23.83432554271743,24,0.7357653506270339,1.0318532992752933,100.0,1.0313344828259223,0.0005188164493710179,0.011983912984443077
2017-10-15 00:00:00-06:00,22.33784568079096,23.10123914893824,24,0.7633934681472816,1.0341748922011647,100.0,1.0313344828259223,0.0028404093752423254,0.06344862629443493
2017-10-16 00:00:00-06:00,22.92401820621469,23.647275061495,24,0.7232568552803116,1.0315501780174052,100.0,1.0313344828259223,0.00021569519148290084,0.004944600496546983
2017-10-17 00:00:00-06:00,22.885147333333336,23.652353558440595,24,0.7672062251072589,1.033524198639953,100.0,1.0313344828259223,0.0021897158140307127,0.0501119690222228
2017-10-18 00:00:00-06:00,22.002562683817597,22.763636110068603,24,0.7610734262510057,1.0345902173845758,100.0,1.0313344828259223,0.003255734558653467,0.07163450370864413
2017-10-19 00:00:00-06:00,22.061784356229555,22.84898961366689,24,0.7872052574373356,1.0356818489713437,100.0,1.0313344828259223,0.004347366145421416,0.09591065441786019
2017-10-20 00:00:00-06:00,22.9208633220339,23.70717087456807,24,0.7863075525341721,1.0343053200696106,100.0,1.0313344828259223,0.0029708372436882957,0.06809415441458734
2017-10-21 00:00:00-06:00,22.33512513276836,23.083066250137325,24,0.7479411173689634,1.0334872141043725,100.0,1.0313344828259223,0.0021527312784501706,0.04808152248140897
2017-10-22 00:00:00-06:00,22.155454892655367,22.899839077884945,24,0.7443841852295776,1.033598235235348,100.0,1.0313344828259223,0.002263752409425779,0.050154464395172745
2017-10-23 00:00:00-06:00,22.095955652542372,22.878971522824173,24,0.7830158702818011,1.0354370674251288,100.0,1.0313344828259223,0.004102584599206427,0.09065052736486853
2017-10-24 00:00:00-06:00,23.148682946327686,23.890739506418164,24,0.7420565600904787,1.0320561027947466,100.0,1.0313344828259223,0.0007216199688242497,0.016704551866051427
2017-10-25 00:00:00-06:00,22.937205468926553,23.680979127954238,24,0.7437736590276849,1.0324265159517922,100.0,1.0313344828259223,0.0010920331258699179,0.02504818818695244
2017-10-26 00:00:00-06:00,22.499627742937854,23.340855788494984,24,0.8412280455571306,1.0373885317200937,100.0,1.0313344828259223,0.006054048894171382,0.13621384645640067
2017-10-27 00:00:00-06:00,22.231797134041635,23.12976912713747,24,0.8979719930958368,1.0403913362325914,100.0,1.0313344828259223,0.009056853406669063,0.2013501276098205
2017-10-28 00:00:00-06:00,20.39577886908241,21.148764295045133,24,0.7529854259627236,1.0369186894403999,100.0,1.0313344828259223,0.00558420661447756,0.11389424326815165
2017-10-29 00:00:00-06:00,17.167830994350282,17.833637011652083,24,0.6658060173018008,1.0387821861434277,100.0,1.0313344828259223,0.0074477033175053275,0.12786091185099338
2017-10-30 00:00:00-06:00,6.416345926327684,6.750568801388202,11,0.33422287506051873,1.0520892855369797,45.833333333333336,1.0313344828259223,0.02075480271105734,0.13316999382682754
2017-10-31 00:00:00-06:00,10.681159673999886,11.185955245916961,16,0.5047955719170751,1.0472603712821418,66.66666666666667,1.0313344828259223,0.01592588845621945,0.17010695755119148
2017-11-01 00:00:00-06:00,22.61210155023336,23.36396477244005,24,0.7518632222066906,1.0332504796396924,100.0,1.0313344828259223,0.0019159968137700822,0.04332471452289265
2017-11-02 00:00:00-06:00,22.59708741729982,23.515473664590782,24,0.918386247290961,1.0406417973401239,100.0,1.0313344828259223,0.009307314514201526,0.21031819969771529
2017-11-03 00:00:00-06:00,21.8481066571411,22.705861959904833,24,0.857755302763735,1.0392599375416989,100.0,1.0313344828259223,0.007925454715776548,0.1731561799366279
2017-11-04 00:00:00-06:00,21.79404927683616,22.488793200829463,24,0.694743923993304,1.0318776889585046,100.0,1.0313344828259223,0.0005432061325822968,0.011838661220978172
2017-11-05 00:00:00-06:00,22.6458386009887,23.363996677259884,25,0.7181580762711839,1.031712584767774,100.0,1.0313344828259223,0.0003781019418516163,0.008562435549892116
2017-11-06 00:00:00-07:00,22.632392830508472,23.313020274195413,24,0.6806274436869408,1.0300731543846948,100.0,1.0312897521002742,0.0,0.0
2017-11-07 00:00:00-07:00,23.238683666666667,24.11051171800117,24,0.8718280513345036,1.0375162407578638,100.0,1.0312897521002742,0.006226488657589568,0.14469540026781197
2017-11-08 00:00:00-07:00,22.229964827683617,23.067373963208322,24,0.8374091355247053,1.0376702861212743,100.0,1.0312897521002742,0.006380534021000139,0.14183904686867183
2017-11-09 00:00:00-07:00,22.411125824858757,23.212685193628243,24,0.8015593687694853,1.0357661357592478,100.0,1.0312897521002742,0.004476383658973626,0.10032079742159956
2017-11-10 00:00:00-07:00,22.91546918361582,23.765083848107174,24,0.8496146644913551,1.0370760318143002,100.0,1.0312897521002742,0.00578627971402601,0.1325953144745444
2017-11-11 00:00:00-07:00,21.62559709322034,22.38739569597277,24,0.7617986027524317,1.0352267083987825,100.0,1.0312897521002742,0.003936956298508321,0.08513903068515705
2017-11-12 00:00:00-07:00,21.762660209039545,22.58699954994417,24,0.8243393409046256,1.037878611023951,100.0,1.0312897521002742,0.006588858923676888,0.14339109792127813
2017-11-13 00:00:00-07:00,22.5221192740113,23.282819603032085,24,0.7607003290207857,1.033775699336544,100.0,1.0312897521002742,0.0024859472362697144,0.055988800164165256
2017-11-14 00:00:00-07:00,22.814899299435027,23.489119929894752,24,0.6742206304597254,1.0295517688511744,100.0,1.031143281087647,0.0,0.0
2017-11-15 00:00:00-07:00,22.671293788135593,23.539505517976956,24,0.868211729841363,1.0382956410849264,100.0,1.031143281087647,0.007152359997279367,0.16215325477682924
2017-11-16 00:00:00-07:00,21.509477759887005,22.278005336291084,24,0.7685275764040789,1.0357297180797809,100.0,1.031143281087647,0.004586436992133791,0.09865186447942483
2017-11-17 00:00:00-07:00,21.756817381355933,22.61702480109098,24,0.8602074197350476,1.039537373718648,100.0,1.031143281087647,0.008394092631000882,0.18262874045487176
2017-11-18 00:00:00-07:00,21.952996324858756,22.850406556528377,24,0.8974102316696211,1.040878712791175,100.0,1.031143281087647,0.009735431703527864,0.2137218964084606
2017-11-19 00:00:00-07:00,21.004411463276835,21.76081611085135,24,0.7564046475745165,1.036011703964997,100.0,1.031143281087647,0.004868422877349898,0.1022583572930874
2017-11-20 00:00:00-07:00,20.50563186723164,21.192482389163423,24,0.6868505219317846,1.0334957013945707,100.0,1.031143281087647,0.0023524203069236194,0.0482378648107758
2017-11-21 00:00:00-07:00,21.675956960451977,22.56661870475766,24,0.8906617443056817,1.041089846502773,100.0,1.031143281087647,0.009946565415125841,0.21560132384258787
2017-11-22 00:00:00-07:00,22.4677465480226,23.24218831932696,24,0.7744417713043603,1.0344690451999299,100.0,1.031143281087647,0.003325764112282803,0.0747224251532794
2017-11-23 00:00:00-07:00,22.552960421878044,23.295795178940192,24,0.7428347570621483,1.0329373502709447,100.0,1.031143281087647,0.0017940691832976086,0.040461571285022035
2017-11-24 00:00:00-07:00,21.344094971751414,22.040278317998386,24,0.696183346246972,1.0326171405800226,100.0,1.031143281087647,0.001473859492375551,0.03145819698028109
2017-11-25 00:00:00-07:00,21.67532015719508,22.410633470434345,24,0.7353133132392635,1.0339239885688691,100.0,1.031143281087647,0.0027807074812220556,0.06027272491899558
2017-11-26 00:00:00-07:00,18.820473166798823,19.47994889620709,24,0.6594757294082676,1.0350403373795962,100.0,1.031143281087647,0.0038970562919491414,0.07334444337213333
2017-11-27 00:00:00-07:00,21.21353988983051,21.943976838885643,24,0.7304369490551323,1.03443258187217,100.0,1.031143281087647,0.0032893007845229416,0.06977771340212821
2017-11-28 00:00:00-07:00,20.57054228850231,21.47513827574144,24,0.90459598723913,1.0439753106433536,100.0,1.031143281087647,0.012832029555706503,0.26396180662297214
2017-11-29 00:00:00-07:00,19.967827173446327,20.811487667899595,24,0.8436604944532675,1.042250991413587,100.0,1.031143281087647,0.011107710325939824,0.22179684008107156
2017-11-30 00:00:00-07:00,20.099824943502824,20.951696423006638,24,0.8518714795038136,1.0423820347638986,100.0,1.031143281087647,0.01123875367625149,0.22589698147580375
2017-12-01 00:00:00-07:00,20.684122008474578,21.44161674803737,24,0.7574947395627909,1.0366220398067867,100.0,1.031143281087647,0.005478758719139609,0.11332331380167758
2017-12-02 00:00:00-07:00,21.191112728813557,21.941150486895204,24,0.7500377580816462,1.0353939770733143,100.0,1.031143281087647,0.0042506959856671855,0.09007697780818859
2017-12-03 00:00:00-07:00,20.826443931261768,21.382383327212807,24,0.5559393959510395,1.02669391845223,100.0,1.0311232865311288,0.0,0.0
2017-12-04 00:00:00-07:00,9.25312772787194,9.637505009680225,10,0.3843772818082858,1.0415402546157964,41.666666666666664,1.0311232865311288,0.010416968084667522,0.09638953622459409
2017-12-05 00:00:00-07:00,21.651575159355268,22.559758730198347,24,0.9081835708430788,1.0419453810708394,100.0,1.0311232865311288,0.010822094539710614,0.23431539330819262
2017-12-06 00:00:00-07:00,21.295365059322034,22.20328531996526,24,0.9079202606432268,1.0426346417689507,100.0,1.0311232865311288,0.011511355237821874,0.24513851211695561
2017-12-07 00:00:00-07:00,22.340999666666665,23.27307916850108,24,0.9320795018344157,1.0417205816991753,100.0,1.0311232865311288,0.010597295168046417,0.23675416781689326
2017-12-08 00:00:00-07:00,22.258809129943504,23.040361254251206,24,0.7815521243077015,1.0351120367556557,100.0,1.0311232865311288,0.003988750224526827,0.08878482991476194
2017-12-09 00:00:00-07:00,20.99688581638418,21.655060982243743,24,0.6581751658595643,1.031346323050725,100.0,1.0311232865311288,0.00022303651959609816,0.004683072334843006
2017-12-10 00:00:00-07:00,20.4804843220339,21.11888714772759,24,0.6384028256936922,1.0311712758182612,100.0,1.0311232865311288,4.798928713234396e-05,0.0009828438427395537
2017-12-11 00:00:00-07:00,22.03188706779661,22.758521649298324,24,0.7266345815017132,1.0329810414907135,100.0,1.0311232865311288,0.0018577549595846232,0.04092984746920748
2017-12-12 00:00:00-07:00,22.219178107344632,22.966155523546895,24,0.7469774162022631,1.033618588977211,100.0,1.0311232865311288,0.0024953024460820927,0.055443569481190745
2017-12-13 00:00:00-07:00,22.436828644223073,23.259552937805577,24,0.8227242935825032,1.0366684751498663,100.0,1.0311232865311288,0.005545188618737429,0.12441644683850772
2017-12-14 00:00:00-07:00,13.895841187613906,14.389006639693626,17,0.4931654520797206,1.0354901474060674,70.83333333333333,1.0311232865311288,0.0043668608749385385,0.06068120520655064
2017-12-15 00:00:00-07:00,20.16461524772544,20.84057756863648,24,0.6759623209110401,1.0335222027599702,100.0,1.0311232865311288,0.0023989162288413635,0.04837322276611057
2017-12-16 00:00:00-07:00,19.178182862352337,19.890001625805777,24,0.7118187634534401,1.0371160692627857,100.0,1.0311232865311288,0.0059927827316568205,0.11493068308206186
2017-12-17 00:00:00-07:00,16.99596481638418,17.747467180303918,24,0.7515023639197373,1.044216516804935,100.0,1.0311232865311288,0.013093230273806267,0.22253208106642752
2017-12-18 00:00:00-07:00,20.362543521137738,21.144603622939947,24,0.7820601018022089,1.0384067982956242,100.0,1.0311232865311288,0.007283511764495376,0.1483108252912558
2017-12-19 00:00:00-07:00,22.177007954217807,23.08671520968375,24,0.9097072554659427,1.0410202880994561,100.0,1.0311232865311288,0.00989700156832729,0.21948588250370044
2017-12-20 00:00:00-07:00,21.376933940677965,22.101806213955847,24,0.7248722732778816,1.0339090851517545,100.0,1.0311232865311288,0.002785798620625668,0.0595518330851467
2017-12-21 00:00:00-07:00,21.286267398305085,22.07486877850324,24,0.7886013801981555,1.037047424306102,100.0,1.0311232865311288,0.005924137774973248,0.1261027807824807
2017-12-22 00:00:00-07:00,20.77898779943503,21.599433308216437,24,0.8204455087814075,1.0394843828150144,100.0,1.0311232865311288,0.008361096283885594,0.17373511767276031
2017-12-23 00:00:00-07:00,20.61570461289694,21.342091831701776,24,0.7263872188048346,1.0352346539904542,100.0,1.0311232865311288,0.004111367459325388,0.08475873709652877
2017-12-24 00:00:00-07:00,19.47407204519774,20.126667379575004,24,0.6525953343772635,1.0335109849066308,100.0,1.0311232865311288,0.002387698375502012,0.04649821018672779
2017-12-25 00:00:00-07:00,18.558273143008034,19.209490637358318,24,0.6512174943502842,1.035090414357633,100.0,1.0311232865311288,0.003967127826504102,0.0736230417974909
2017-12-26 00:00:00-07:00,19.561562463276836,20.211006547649507,24,0.6494440843726714,1.033200010765596,100.0,1.031143281087647,0.0020567296779490096,0.0402328460652748
2017-12-27 00:00:00-07:00,19.69709606779661,20.389504850115014,24,0.6924087823184024,1.0351528357243707,100.0,1.031143281087647,0.004009554636723589,0.07897658286862387
2017-12-28 00:00:00-07:00,19.568029054987335,20.37243078147074,24,0.8044017264834054,1.0411079585083909,100.0,1.031143281087647,0.009964677420743806,0.19498909729269104
2017-12-29 00:00:00-07:00,19.721833452101375,20.38457457489066,24,0.662741122789285,1.0336044376603672,100.0,1.031143281087647,0.002461156572720169,0.0485385200267318
2017-12-30 00:00:00-07:00,18.53063396779661,19.18952952187248,24,0.658895554075869,1.0355570972488544,100.0,1.031143281087647,0.004413816161207285,0.08179081168447735
2017-12-31 00:00:00-07:00,18.729477607344634,19.377472128860283,24,0.6479945215156491,1.0345975758160784,100.0,1.031143281087647,0.003454294728431284,0.06469713576532235
2018-01-01 00:00:00-07:00,17.624086223163843,18.258081848399247,24,0.6339956252354035,1.0359732480429042,100.0,1.0311685063109501,0.00480474173195411,0.0846791825639928
2018-01-02 00:00:00-07:00,20.677057428783826,21.501514138903968,24,0.8244567101201419,1.0398730193094325,100.0,1.0311685063109501,0.008704512998482405,0.179983715159216
2018-01-03 00:00:00-07:00,20.851079754042473,21.703612297385547,24,0.8525325433430737,1.040886733608018,100.0,1.0311685063109501,0.00971822729706795,0.20263553243907642
2018-01-04 00:00:00-07:00,19.97545904983858,20.81582545740622,24,0.8403664075676396,1.0420699421961184,100.0,1.031292521607585,0.01077742058853337,0.21528392362913557
2018-01-05 00:00:00-07:00,19.633485375706215,20.35571835932469,24,0.7222329836184755,1.036785775413679,100.0,1.0313422900818479,0.005443485331831033,0.10687458965537587
2018-01-06 00:00:00-07:00,19.44451875141243,20.178622883190684,24,0.7341041317782526,1.0377537825010417,100.0,1.0315297925207372,0.00622398998030449,0.12102248988063374
2018-01-07 00:00:00-07:00,19.539419926553673,20.299029188312844,24,0.7596092617591701,1.0388757324738631,100.0,1.0316963440927371,0.007179388381125973,0.14028108439464076
2018-01-08 00:00:00-07:00,21.232073754237287,22.000944069674016,24,0.7688703154367289,1.0362126810756431,100.0,1.0317316730677428,0.0044810080079003,0.09514109251706707
2018-01-09 00:00:00-07:00,22.07930324858757,22.81679855282913,24,0.7374953042415591,1.0334021094750232,100.0,1.0318413487467601,0.0015607607282630553,0.03446050941780638
2018-01-10 00:00:00-07:00,22.337266265536723,23.121430719562444,24,0.7841644540257207,1.03510565906785,100.0,1.0318752499901835,0.003230409077666474,0.07215850771444293
2018-01-11 00:00:00-07:00,22.406028812532103,23.340254337910487,24,0.934225525378384,1.0416952746599992,100.0,1.0320382614111223,0.009657013248876911,0.21637531709734031
2018-01-12 00:00:00-07:00,22.19764672881356,23.091677399569157,24,0.8940306707555976,1.040275921212635,100.0,1.0323894746360878,0.007886446576547135,0.1750605550518544
2018-01-13 00:00:00-07:00,18.821142533398703,19.50476051964078,21,0.6836179862420764,1.0363218112305868,87.5,1.0323894746360878,0.003932336594498986,0.07401106753436508
2018-01-22 00:00:00-07:00,12.065357259365289,12.574997187527991,13,0.5096399281627022,1.0422399368047817,54.166666666666664,1.032649161549115,0.009590775255666761,0.11571612985389994
2018-01-23 00:00:00-07:00,22.15443548643786,23.07754320809562,24,0.923107721657761,1.0416669484637897,100.0,1.0329417193929216,0.008725229070868146,0.19330252455494046
2018-01-24 00:00:00-07:00,23.297127620914797,24.146972520734096,24,0.8498448998192991,1.0364785270376575,100.0,1.0329417193929216,0.003536807644735962,0.08239745907004078
2018-01-25 00:00:00-07:00,23.594315423338482,24.44065973389479,24,0.846344310556308,1.0358706872978032,100.0,1.0329417193929216,0.0029289679048816186,0.06910699261261177
2018-01-26 00:00:00-07:00,23.570372237245,24.50844500094617,24,0.9380727637011717,1.0397988098897677,100.0,1.0329417193929216,0.00685709049684613,0.16162417547513855
2018-01-27 00:00:00-07:00,22.29684513445057,23.17490522125041,24,0.878060086799838,1.0393804630881684,100.0,1.0329417193929216,0.006438743695246885,0.14356367103333978
2018-01-28 00:00:00-07:00,21.810895039548026,22.654118808275058,24,0.8432237687270323,1.0386606678542114,100.0,1.0329417193929216,0.005718948461289841,0.1247353846257774
2018-01-29 00:00:00-07:00,21.515560607344632,22.336896984848487,24,0.8213363775038545,1.0381740635297916,100.0,1.0329417193929216,0.005232344136870015,0.11257681739531115
2018-01-30 00:00:00-07:00,19.59145647144615,20.32208461086038,24,0.7306281394142289,1.037293201783088,100.0,1.0329417193929216,0.004351482390166472,0.08525187783321089
2018-01-31 00:00:00-07:00,21.130615228070177,21.92128385573379,24,0.7906686276636137,1.0374181546126153,100.0,1.0329417193929216,0.004476435219693764,0.09458983022073071
2018-02-01 00:00:00-07:00,21.61436351255608,22.389065760998232,24,0.7747022484421535,1.0358420107070059,100.0,1.0329417193929216,0.0029002913140843134,0.06268795075492731
2018-02-02 00:00:00-07:00,21.163583550847456,21.942455800466004,24,0.7788722496185478,1.0368024747674343,100.0,1.0330029384182018,0.0037995363492324685,0.08041180498146326
2018-02-03 00:00:00-07:00,21.13075972881356,21.794253543179984,24,0.6634938143664257,1.0313994301615999,100.0,1.0330029384182018,0.0,0.0
2018-02-04 00:00:00-07:00,20.22677040974311,20.936818032215402,24,0.7100476224722918,1.0351043497349566,100.0,1.0332202206365388,0.0018841290984177306,0.038109846696011716
2018-02-05 00:00:00-07:00,20.51310657038675,21.256197142743403,24,0.7430905723566532,1.0362251602314296,100.0,1.0332202206365388,0.0030049395948907875,0.06164064614756951
2018-02-06 00:00:00-07:00,21.415605908809916,22.176331715736463,24,0.7607258069265477,1.035522030530717,100.0,1.0332202206365388,0.002301809894178053,0.049294653570716634
2018-02-07 00:00:00-07:00,21.505026692293868,22.195288753034912,24,0.6902620607410448,1.032097707694936,100.0,1.0330029384182018,0.0,0.0
2018-02-08 00:00:00-07:00,22.16013327662972,22.830953169613714,24,0.6708198929839959,1.0302714737592056,100.0,1.0329417193929216,0.0,0.0
2018-02-09 00:00:00-07:00,22.180608030231244,22.916438575987154,24,0.7358305457559098,1.0331744984065812,100.0,1.0329417193929216,0.00023277901365958975,0.0051631800596472046
2018-02-10 00:00:00-07:00,21.692611247126436,22.362258464994774,24,0.6696472178683379,1.0308698298346652,100.0,1.032649161549115,0.0,0.0
2018-02-11 00:00:00-07:00,20.434022762711866,21.18151991783219,24,0.7474971551203247,1.0365810082429958,100.0,1.032649161549115,0.003931846693880914,0.08034344484225599
2018-02-12 00:00:00-07:00,20.86958109039548,21.588734747384283,24,0.7191536569888015,1.0344594198548511,100.0,1.0329417193929216,0.0015177004619295609,0.03167377286116965
2018-02-13 00:00:00-07:00,20.560272212676104,21.323652289445317,24,0.7633800767692129,1.0371288895824329,100.0,1.0329417193929216,0.004187170189511313,0.08608935889715519
2018-02-14 00:00:00-07:00,19.86870460101739,20.555126773739143,24,0.6864221727217519,1.0345479077023776,100.0,1.0329417193929216,0.0016061883094560248,0.03191288105418927
2018-02-15 00:00:00-07:00,19.44806154763457,20.19214888716754,24,0.744087339532971,1.0382602316282505,100.0,1.0329417193929216,0.005318512235328976,0.10343475329452544
2018-02-16 00:00:00-07:00,20.646829639892708,21.415598267989335,24,0.7687686280966268,1.0372342215005859,100.0,1.0329417193929216,0.004292502107664298,0.08862655974582515
2018-02-17 00:00:00-07:00,21.62832446401223,22.435165814549933,24,0.8068413505377023,1.0373048477185656,100.0,1.0329417193929216,0.004363128325644006,0.09436715510515097
2018-02-18 00:00:00-07:00,21.266957506210822,22.01541302350963,24,0.7484555172988081,1.0351933518031542,100.0,1.0329417193929216,0.002251632410232629,0.04788537078802438
2018-02-19 00:00:00-07:00,19.87880890362109,20.544378980657644,24,0.6655700770365556,1.0334813861465975,100.0,1.0329417193929216,0.0005396667536758937,0.010727932267960644
2018-02-20 00:00:00-07:00,20.830352034723123,21.526063001550643,24,0.6957109668275194,1.0333989058690802,100.0,1.0329417193929216,0.00045718647615866637,0.009523355243899571
2018-02-21 00:00:00-07:00,20.818047378895397,21.490820589381027,24,0.6727732104856301,1.0323168257925892,100.0,1.0326535306710918,0.0,0.0
2018-02-22 00:00:00-07:00,19.5332612422026,20.270349893494444,24,0.7370886512918453,1.0377350531563736,100.0,1.0330003871823001,0.00473466597407346,0.09248346736614453
2018-02-23 00:00:00-07:00,6.163119285701657,6.436699651065709,10,0.27358036536405184,1.044389918916344,41.666666666666664,1.0330003871823001,0.011389531734043778,0.07019504268519625
2018-02-26 00:00:00-07:00,1.9161725189393939,2.138272677164502,8,0.2221001582251081,1.1159082264409266,33.333333333333336,1.032914619920901,0.08299360652002563,0.15903006806134243
2018-03-05 00:00:00-07:00,8.838815666666665,9.206644833333334,11,0.36782916666666843,1.0416152096093418,45.833333333333336,1.0330390785654737,0.008576131043868118,0.07580284142992787
2018-03-06 00:00:00-07:00,19.04495433333333,19.819046,24,0.7740916666666706,1.040645498703655,100.0,1.0330390785654737,0.007606420138181358,0.14486392417181096
2018-03-07 00:00:00-07:00,20.525484333333335,21.2955795,24,0.770095166666664,1.0375189766126995,100.0,1.0330390785654737,0.0044798980472258165,0.09195207718326409
2018-03-08 00:00:00-07:00,20.846267333333333,21.571058,24,0.7247906666666672,1.034768366685374,100.0,1.0330390785654737,0.0017292881199002519,0.036049202443798035
2018-03-09 00:00:00-07:00,19.578229166666667,20.29435416666667,24,0.7161250000000017,1.0365776186346443,100.0,1.0331821521142857,0.003395466520358603,0.06647722166332498
2018-03-10 00:00:00-07:00,20.9501485,21.760592666666668,24,0.8104441666666666,1.0386844115528187,100.0,1.0332596792966413,0.005424732256177345,0.11364894633965542
2018-03-11 00:00:00-07:00,19.037812166666665,19.694787499999997,23,0.6569753333333317,1.0345089723326313,100.0,1.033399866950863,0.0011091053817682273,0.021114939931142634
2018-03-12 00:00:00-06:00,20.2669535,21.057387666666667,24,0.7904341666666674,1.039001133873755,100.0,1.0334001873114573,0.005600946562297704,0.11351412353407242
2018-03-13 00:00:00-06:00,20.711091,21.526070500000003,24,0.8149795000000033,1.0393499067721736,100.0,1.0334001873114573,0.005949719460716318,0.1232251811753666
2018-03-14 00:00:00-06:00,20.7995995,21.599018444444447,24,0.7994189444444473,1.0384343431441767,100.0,1.0334001873114573,0.005034155832719378,0.10470842514115206
2018-03-15 00:00:00-06:00,20.319226166666667,21.113149722222225,24,0.7939235555555584,1.0390725290935525,100.0,1.0334001873114573,0.005672341782095192,0.11525759556502525
2018-03-16 00:00:00-06:00,18.571705333333334,19.308604222222225,22,0.7368988888888914,1.0396785796275947,91.66666666666667,1.0334001873114573,0.00627839231613736,0.11660045206236723
2018-03-17 00:00:00-06:00,18.683842133333332,19.344906844444445,21,0.6610647111111128,1.0353816258130186,87.5,1.0334001873114573,0.0019814385015612945,0.03702088416007978
2018-03-18 00:00:00-06:00,17.944406,18.60599333333333,21,0.6615873333333298,1.0368687229509481,87.5,1.0334001873114573,0.0034685356394907885,0.06224081174049234
2018-03-19 00:00:00-06:00,14.562208621052632,15.163037122807019,17,0.6008285017543873,1.0412594351165776,70.83333333333333,1.0334001873114573,0.007859247805120262,0.11444800614271125
2018-03-31 00:00:00-06:00,12.189505333333333,12.555271000000001,14,0.3657656666666682,1.0300066045884937,58.333333333333336,1.0332418206453309,0.0,0.0
2018-04-01 00:00:00-06:00,20.326376333333332,20.993557833333334,24,0.6671815000000016,1.0328234353757333,100.0,1.0329287542849876,0.0,0.0
2018-04-02 00:00:00-06:00,20.5860055,21.209281333333333,24,0.6232758333333344,1.0302766767128928,100.0,1.0324688086675324,0.0,0.0
2018-04-03 00:00:00-06:00,20.6897105,21.382592666666667,24,0.6928821666666671,1.0334892151664794,100.0,1.0324688086675324,0.0010204064989469686,0.021111915055531335
2018-04-04 00:00:00-06:00,20.9710245,21.603597,24,0.632572500000002,1.0301641200218903,100.0,1.032163443124232,0.0,0.0
2018-04-05 00:00:00-06:00,21.469122833333333,22.016738333333336,24,0.5476155000000027,1.0255071203537838,100.0,1.0316089134216007,0.0,0.0
2018-04-06 00:00:00-06:00,20.460780333333332,21.128967166666666,24,0.6681868333333334,1.0326569574790248,100.0,1.0316089134216007,0.0010480440574240912,0.021443799238609715
2018-04-07 00:00:00-06:00,16.5541735,17.216443166666668,24,0.662269666666667,1.040006205484476,100.0,1.0316089134216007,0.008397292062875428,0.13901022973901275
2018-04-08 00:00:00-06:00,16.583639166666668,17.133558722222222,20,0.5499195555555545,1.0331603666739746,83.33333333333333,1.0316089134216007,0.0015514532523739355,0.025728740921320783
2018-04-09 00:00:00-06:00,19.921690444444444,20.667756388888886,23,0.7460659444444424,1.0374499315971701,95.83333333333333,1.0316089134216007,0.005841018175569479,0.1163629559740688
2018-04-10 00:00:00-06:00,14.422743222222223,14.945099194444445,16,0.522355972222222,1.0362175186907154,66.66666666666667,1.0316089134216007,0.004608605269114774,0.06646873040902274
2018-04-11 00:00:00-06:00,17.211537256410253,17.803418544871793,19,0.5918812884615399,1.0343886359273982,79.16666666666667,1.0316089134216007,0.0027797225057974995,0.047843297471015726
2018-04-12 00:00:00-06:00,9.221356018181817,9.53079598181818,10,0.30943996363636295,1.0335568828517452,41.666666666666664,1.0316089134216007,0.001947969430144525,0.01796291962789742
2018-04-13 00:00:00-06:00,9.339879619047618,9.699647833333334,10,0.35976821428571526,1.0385195772279558,41.666666666666664,1.0316089134216007,0.006910663806355188,0.06454476803906686
2018-04-14 00:00:00-06:00,15.3669977,15.932360233333332,17,0.5653625333333316,1.0367906955132382,70.83333333333333,1.0316089134216007,0.0051817820916375545,0.0796284334840955
2018-04-15 00:00:00-06:00,12.193949294871794,12.631478978021978,14,0.43752968315018315,1.0358808842459422,58.333333333333336,1.0316787411749344,0.004202143071007747,0.05124071953766531
2018-04-16 00:00:00-06:00,4.318240272727273,4.508529303030303,5,0.19028903030303024,1.0440663368142897,20.833333333333332,1.031748568928268,0.012317767886021791,0.053191081355525985
2018-04-17 00:00:00-06:00,14.502675833333333,15.009096833333333,16,0.5064209999999996,1.0349191422203639,66.66666666666667,1.0318183966816015,0.003100745538762384,0.04496910739032537
2018-04-18 00:00:00-06:00,10.793875653846152,11.22080208974359,12,0.4269264358974372,1.039552654633863,50.0,1.0318882244349352,0.0076644301989277075,0.082728906524809
2018-04-19 00:00:00-06:00,11.145132484848485,11.558592491341992,12,0.4134600064935068,1.0370978099233539,50.0,1.0319580521882687,0.0051397577350851265,0.05728328089754852
2018-04-21 00:00:00-06:00,11.342876666666667,11.732663,12,0.38978633333333335,1.0343639752761131,50.0,1.0320278799416025,0.002336095334510624,0.026498041260929417
2018-04-22 00:00:00-06:00,13.362825547619048,13.805664523809524,15,0.4428389761904761,1.033139621153655,62.5,1.032097707694936,0.0010419134587189571,0.013922907784577804
2018-04-23 00:00:00-06:00,10.263983041666666,10.646706333333334,12,0.3827232916666681,1.037287989478646,50.0,1.032097707694936,0.005190281783709949,0.053272964209470336
2018-04-24 00:00:00-06:00,10.2869751,10.647139633333333,11,0.3601645333333341,1.0350117045907241,45.833333333333336,1.032097707694936,0.0029139968957880846,0.02997621350844932
2018-04-25 00:00:00-06:00,15.400889416666667,15.945233,17,0.5443435833333332,1.0353449446071765,70.83333333333333,1.032097707694936,0.003247236912240492,0.05001033659513394
2018-04-26 00:00:00-06:00,7.1553533666666675,7.410040833333333,8,0.25468746666666586,1.035593974694965,33.333333333333336,1.032097707694936,0.0034962670000289187,0.025017025849422492
2018-04-27 00:00:00-06:00,3.74288,3.8500675416666663,4,0.10718754166666633,1.0286377179248778,16.666666666666668,1.0313994301615999,0.0,0.0
2018-04-29 00:00:00-06:00,3.28016975,3.3906420833333333,4,0.11047233333333306,1.0336788464479112,16.666666666666668,1.0313464701289063,0.0023323763190048474,0.007650590247216051
2018-04-30 00:00:00-06:00,11.667186023809522,12.098551785714285,14,0.43136576190476283,1.0369725622806103,58.333333333333336,1.0313464701289063,0.005626092151703954,0.06564066372102481
2018-05-01 00:00:00-06:00,15.744392303030303,16.297686448051948,18,0.5532941450216455,1.0351422991991348,75.0,1.0313464701289063,0.0037958290702284625,0.059763021996923675
2018-05-02 00:00:00-06:00,13.744725833333334,14.2353035,15,0.4905776666666668,1.0356920663689726,62.5,1.0313464701289063,0.004345596240066252,0.059729028902074814
2018-05-03 00:00:00-06:00,11.193678266666666,11.605928366666667,13,0.4122501000000014,1.0368288323265131,54.166666666666664,1.0313464701289063,0.005482362197606783,0.061367798581345945
2018-05-04 00:00:00-06:00,21.0785235,21.716503499999998,24,0.6379799999999989,1.0302668258523895,100.0,1.030810514522488,0.0,0.0
2018-05-05 00:00:00-06:00,19.71349777777778,20.288534444444444,22,0.5750366666666658,1.0291696924183025,91.66666666666667,1.030276156417524,0.0,0.0
2018-05-06 00:00:00-06:00,17.241302666666666,17.848593,21,0.607290333333335,1.0352229959112913,87.5,1.030276156417524,0.0049468394937672855,0.08528995695546188
2018-05-07 00:00:00-06:00,9.78473475,10.111056833333334,12,0.32632208333333423,1.0333501205368223,50.0,1.030276156417524,0.003073964119298278,0.03007792353835101
2018-05-08 00:00:00-06:00,21.787087833333334,22.5673815,24,0.7802936666666653,1.0358145004341905,100.0,1.030276156417524,0.00553834401666653,0.12066438754232982
2018-05-09 00:00:00-06:00,6.160442142857143,6.365589928571429,7,0.20514778571428582,1.0333008217522421,29.166666666666668,1.030276156417524,0.003024665334718124,0.018633275796036637
2018-05-10 00:00:00-06:00,22.234419166666665,23.06099808333333,24,0.8265789166666657,1.0371756469314861,100.0,1.030810514522488,0.006365132408998164,0.14152502203299994
2018-05-11 00:00:00-06:00,15.7037984,16.276481266666664,17,0.5726828666666641,1.0364677928281774,70.83333333333333,1.030810514522488,0.005657278305689406,0.08884075800524001
2018-05-12 00:00:00-06:00,21.767203166666665,22.4841595,24,0.7169563333333357,1.0329374576900743,100.0,1.0321128108846196,0.0008246468054546874,0.01795025455507482
2018-05-13 00:00:00-06:00,16.9950911,17.599246034946233,21,0.6041549349462336,1.0355487906120275,87.5,1.0321128108846196,0.003435979727407945,0.05839478848505119
2018-05-14 00:00:00-06:00,19.75838441666667,20.509406833333333,24,0.7510224166666646,1.038010315055575,100.0,1.0321128108846196,0.00589750417095547,0.11652515450863324
2018-05-15 00:00:00-06:00,20.066740151515152,20.767271772727273,23,0.7005316212121215,1.0349100858396887,95.83333333333333,1.0321128108846196,0.0027972749550690956,0.05613218965571276
2018-05-16 00:00:00-06:00,9.548897363636362,9.874199818181818,11,0.32530245454545614,1.0340670175997762,45.833333333333336,1.0321128108846196,0.001954206715156559,0.01866051935035894
2018-05-17 00:00:00-06:00,21.343862,22.116085833333333,24,0.7722238333333316,1.0361801361596759,100.0,1.0321128108846196,0.004067325275056266,0.08681242937991299
2018-05-18 00:00:00-06:00,20.867851166666668,21.654521499999998,24,0.7866703333333298,1.0376977163125412,100.0,1.0321128108846196,0.00558490542792156,0.11654497524977595
2018-05-19 00:00:00-06:00,19.8775361,20.575358133333335,23,0.6978220333333347,1.0351060629357043,95.83333333333333,1.0321128108846196,0.002993252051084694,0.059498475701835044
2018-05-20 00:00:00-06:00,18.386286166666665,19.165945,24,0.7796588333333361,1.04240436737827,100.0,1.0321128108846196,0.010291556493650322,0.18922350279267142
2018-05-21 00:00:00-06:00,14.510141933333335,15.232098133333333,23,0.7219561999999975,1.0497552817413514,95.83333333333333,1.0321128108846196,0.017642470856731762,0.2559947561858748
2018-05-22 00:00:00-06:00,20.213001,20.949512555555557,24,0.736511555555559,1.0364375164061763,100.0,1.0321128108846196,0.0043247055215567265,0.08741527703193162
2018-05-23 00:00:00-06:00,19.699658333333332,20.486412277777777,24,0.7867539444444454,1.039937441103392,100.0,1.0324189294024115,0.00751851170098039,0.14811211168448252
2018-05-24 00:00:00-06:00,6.54395906060606,6.8208223073593075,8,0.2768632467532477,1.042308218035766,33.333333333333336,1.0324189294024115,0.009889288633354365,0.06471509995518782
2018-05-25 00:00:00-06:00,21.233010833333335,22.026144433333336,23,0.7931336000000009,1.0373537981130247,95.83333333333333,1.0324189294024115,0.004934868710613216,0.10478212079352812
2018-05-26 00:00:00-06:00,20.275472166666667,20.9474855,22,0.6720133333333322,1.0331441520971403,91.66666666666667,1.0326569574790248,0.00048719461811552733,0.00987810091935117
2018-05-27 00:00:00-06:00,22.390235333333333,23.120257833333334,24,0.7300225000000005,1.0326045032190074,100.0,1.0326097486450092,0.0,0.0
2018-05-28 00:00:00-06:00,22.2141005,22.914577166666668,24,0.7004766666666669,1.0315329745927218,100.0,1.0316401274553504,0.0,0.0
2018-05-29 00:00:00-06:00,17.210204583333333,17.820627616666666,19,0.6104230333333334,1.0354686680438696,79.16666666666667,1.0317472803179788,0.0037213877258908123,0.06404584409648646
2018-05-30 00:00:00-06:00,21.904914333333334,22.670192999999998,24,0.7652786666666636,1.0349363916708918,100.0,1.0318544331806074,0.0030819584902843644,0.06751003670856834
2018-05-31 00:00:00-06:00,5.640495554204661,5.815882121580547,6,0.17538656737588543,1.0310941770435658,25.0,1.0312696960632282,0.0,0.0
2018-06-13 00:00:00-06:00,4.180277,4.3343791666666664,5,0.1541021666666662,1.036864104141105,20.833333333333332,1.030603676845162,0.006260427295943005,0.02617032023540274
2018-06-14 00:00:00-06:00,15.14028256690184,15.68856251740626,17,0.5482799505044191,1.0362133235018356,70.83333333333333,1.030603676845162,0.005609646656673517,0.08493163548251324
2018-06-15 00:00:00-06:00,20.97913271741148,21.809433454854897,24,0.8303007374434159,1.0395774576874817,100.0,1.030603676845162,0.00897378084231959,0.18826213926798727
2018-06-16 00:00:00-06:00,21.693782440442305,22.4914222181222,24,0.797639777679894,1.0367681283736352,100.0,1.030603676845162,0.006164451528473114,0.13373027032334778
2018-06-17 00:00:00-06:00,21.746580167283835,22.55713321294176,24,0.810553045657926,1.0372726672158479,100.0,1.030603676845162,0.006668990370685801,0.1450277337309627
2018-06-18 00:00:00-06:00,21.364328579798002,22.28971980610812,24,0.9253912263101185,1.0433147815927697,100.0,1.0306854268782293,0.012629354714540408,0.2698176838722623
2018-06-19 00:00:00-06:00,21.292033102229627,22.182019249583057,24,0.8899861473534294,1.0417990214029975,100.0,1.0307671769112965,0.011031844491701026,0.23489039809594783
2018-06-20 00:00:00-06:00,22.652391239120842,23.50981512024372,24,0.8574238811228767,1.0378513628902055,100.0,1.030848926944364,0.007002435945841601,0.15862191867208714
2018-06-21 00:00:00-06:00,22.272367158979314,23.173695693108705,24,0.9013285341293908,1.0404684660456494,100.0,1.0309306769774311,0.009537789068218228,0.21242914001225557
2018-06-22 00:00:00-06:00,22.020639911236938,22.94093121859433,24,0.9202913073573917,1.0417922145345002,100.0,1.0310124270104986,0.01077978752400166,0.23737781938568497
2018-06-23 00:00:00-06:00,18.554735948997475,19.395351068144162,24,0.8406151191466869,1.0453046123349499,100.0,1.0310941770435658,0.014210435291384105,0.26367087455194704
2018-06-24 00:00:00-06:00,14.191391673028132,15.020374512910832,24,0.8289828398827002,1.0584144852726634,100.0,1.0311380567984814,0.02727642847418199,0.38709047991845374
2018-06-25 00:00:00-06:00,6.146428299986611,6.526077843294169,12,0.37964954330755774,1.0617675054158502,50.0,1.031181936553397,0.030585568862453227,0.18799200602737182
2018-06-26 00:00:00-06:00,15.352156408355976,16.22280671732188,24,0.8706503089659048,1.0567119227948993,100.0,1.0312258163083126,0.02548610648658678,0.39126669302209605
2018-06-27 00:00:00-06:00,15.219213584707395,15.90559308970856,17,0.686379505001165,1.0450995382370383,70.83333333333333,1.0312696960632282,0.013829842173810114,0.21047932188601015
2018-06-28 00:00:00-06:00,22.014071302900163,22.960175937911274,24,0.9461046350111104,1.0429772676754467,100.0,1.0313135758181438,0.011663691857302982,0.25676534420172387
2018-06-29 00:00:00-06:00,23.38457691668457,24.3293826744521,24,0.9448057577675293,1.0404029442625247,100.0,1.0320687389058647,0.008334205356659963,0.19489186620225946
2018-06-30 00:00:00-06:00,23.007376714696804,23.97884213445873,24,0.9714654197619268,1.0422240845537756,100.0,1.0320687389058647,0.010155345647910874,0.23364786298944218
2018-07-01 00:00:00-06:00,22.5346755391747,23.464392409450312,24,0.9297168702756125,1.0412571669230104,100.0,1.032630730349016,0.008626436573994312,0.19439394925423162
2018-07-02 00:00:00-06:00,22.983196762252202,23.946710275311222,24,0.96351351305902,1.0419225194400068,100.0,1.032630730349016,0.00929178909099071,0.21355501695158802
2018-07-03 00:00:00-06:00,13.678424619740232,14.23243164270859,15,0.5540070229683582,1.0405022536125128,62.5,1.0327972075845495,0.0077050460279632915,0.10539289128512477
2018-07-04 00:00:00-06:00,21.666905881889683,22.661982879373724,24,0.9950769974840412,1.0459261235964374,100.0,1.0330385394218646,0.012887584174572808,0.27923407335539996
2018-07-05 00:00:00-06:00,21.415674027824316,22.43790311262192,24,1.0222290847976048,1.047732753284789,100.0,1.0331418866253976,0.014590866659391466,0.31247324416097755
2018-07-06 00:00:00-06:00,22.238124687291652,23.26829654624134,24,1.0301718589496893,1.046324583274704,100.0,1.0331418866253976,0.01318269664930627,0.29315845180201466
2018-07-07 00:00:00-06:00,21.89748880755166,22.890115187241896,24,0.9926263796902361,1.0453306033588616,100.0,1.0331418866253976,0.012188716733464,0.26690228824944556
2018-07-08 00:00:00-06:00,21.330269907087196,22.32715825281651,24,0.9968883457293138,1.0467358523859132,100.0,1.0331418866253976,0.013593965760515525,0.289962958779498
2018-07-09 00:00:00-06:00,22.424351725097694,23.440984442558303,24,1.0166327174606096,1.045336102908285,100.0,1.0331418866253976,0.012194216282887416,0.2734473949393808
2018-07-10 00:00:00-06:00,21.894797348639894,22.891789152068938,24,0.9969918034290437,1.045535557491286,100.0,1.0331418866253976,0.012393670865888273,0.27135691201436607
2018-07-11 00:00:00-06:00,22.023279199927664,23.028364126611745,24,1.0050849266840807,1.0456373874916585,100.0,1.0331418866253976,0.012495500866260834,0.2751919043206003
2018-07-12 00:00:00-06:00,22.026430697886234,23.090920630990677,24,1.0644899331044435,1.0483278452012925,100.0,1.0331418866253976,0.015185958575894887,0.33449246415291983
2018-07-13 00:00:00-06:00,21.951908616163095,23.01020244069305,24,1.0582938245299545,1.0482096496953681,100.0,1.0331418866253976,0.015067763069970486,0.3307661579619892
2018-07-14 00:00:00-06:00,21.02844213729634,22.09176634298724,24,1.063324205690897,1.050566000027409,100.0,1.0331418866253976,0.017424113402011443,0.3664019604678873
2018-07-15 00:00:00-06:00,20.66001062335126,21.671435312738627,24,1.0114246893873684,1.0489556713123949,100.0,1.0331418866253976,0.015813784686997234,0.3267129596287523
2018-07-16 00:00:00-06:00,21.347543509319664,22.589767038394196,24,1.2422235290745327,1.0581904671388638,100.0,1.0331418866253976,0.025048580513466145,0.5347256623579152
2018-07-17 00:00:00-06:00,21.355206777503216,22.559715377009034,24,1.204508599505818,1.0564035090858832,100.0,1.0331418866253976,0.023261622460485576,0.4967567576238826
2018-07-18 00:00:00-06:00,20.985179030190945,22.028005989844168,24,1.0428269596532225,1.0496934983567654,100.0,1.0331418866253976,0.016551611731367766,0.34733853542096127
2018-07-19 00:00:00-06:00,22.209686784861816,23.1492972122214,24,0.9396104273595824,1.0423063340091776,100.0,1.0331423397197461,0.009163994289431487,0.20352944286653565
2018-07-20 00:00:00-06:00,22.334181641645923,23.240965191895224,24,0.9067835502493011,1.0406007063432514,100.0,1.0331423397197461,0.007458366623505297,0.16657651491935668
2018-07-21 00:00:00-06:00,22.84511703253891,23.83435669592566,24,0.9892396633867513,1.0433020177562562,100.0,1.0332381538902013,0.010063863866054845,0.2299101478195624
2018-07-22 00:00:00-06:00,20.85643021869975,21.872764113025042,24,1.0163338943252924,1.0487300023862212,100.0,1.0332381538902013,0.015491848496019811,0.32310465711590586
2018-07-23 00:00:00-06:00,22.210569845198396,23.29431307912178,24,1.0837432339233821,1.0487940310166186,100.0,1.0332381538902013,0.015555877126417261,0.3455048954196147
2018-07-24 00:00:00-06:00,22.036172366206454,23.20902860245331,24,1.1728562362468544,1.053224136059377,100.0,1.0332381538902013,0.019985982169175687,0.4404145479878842
2018-07-25 00:00:00-06:00,21.994832564741902,22.8860149571196,24,0.8911823923776971,1.0405178075238581,100.0,1.0332381538902013,0.007279653633656791,0.1601147628015961
2018-07-26 00:00:00-06:00,22.359338242831036,23.151396740279115,24,0.7920584974480782,1.0354240581204157,100.0,1.0333304010229902,0.002093657097425483,0.04681278720584023
2018-07-27 00:00:00-06:00,22.461385996874,23.303998044243087,24,0.8426120473690872,1.0375138046906969,100.0,1.0333353309014484,0.004178473789248516,0.09385431265813166
2018-07-28 00:00:00-06:00,21.53903615150476,22.27155724757132,24,0.7325210960665594,1.0340090007238036,100.0,1.0333353309014484,0.0006736698223552828,0.014510198657888227
2018-07-29 00:00:00-06:00,22.234233741648435,22.916838680640254,24,0.682604938991819,1.0307006280010984,100.0,1.0332538208557116,0.0,0.0
2018-07-30 00:00:00-06:00,20.933761940591204,21.573876154105573,24,0.6401142135143694,1.0305780783850975,100.0,1.0330821437750204,0.0,0.0
2018-07-31 00:00:00-06:00,18.13271050354766,18.764553048730267,24,0.6318425451826073,1.0348454548512749,100.0,1.0330821437750204,0.0017633110762544923,0.031973609273421764
2018-08-01 00:00:00-06:00,17.75570898301147,18.38811514119049,24,0.6324061581790197,1.0356170603372752,100.0,1.0330821437750204,0.0025349165622547964,0.045009240775612046
2018-08-02 00:00:00-06:00,19.597305671105016,20.261533857062773,24,0.6642281859577572,1.0338938524052885,100.0,1.0332538208557116,0.0006400315495769249,0.012542893916210001
2018-08-03 00:00:00-06:00,20.927946763401845,21.61909754700739,24,0.6911507836055435,1.0330252552445425,100.0,1.0332538208557116,0.0,0.0
2018-08-04 00:00:00-06:00,21.565779568657607,22.150570399825728,24,0.5847908311681209,1.027116609872894,100.0,1.033108483041361,0.0,0.0
2018-08-05 00:00:00-06:00,21.516800335323058,22.160491460833367,24,0.6436911255103084,1.029915745625691,100.0,1.032998915978202,0.0,0.0
2018-08-06 00:00:00-06:00,22.961435679395148,23.774031229850856,24,0.8125955504557076,1.0353895793713328,100.0,1.032998915978202,0.0023906633931307653,0.05489306373245662
2018-08-07 00:00:00-06:00,18.052351569049957,18.652261811508733,19,0.5999102424587761,1.033231695060011,79.16666666666667,1.032998915978202,0.00023277908180885376,0.004202209822734069
2018-08-10 00:00:00-06:00,3.2181611772461123,3.3364474894334792,4,0.11828631218736696,1.0367558694771741,16.666666666666668,1.0330847036708413,0.0036711658063328656,0.011814403273173847
2018-08-11 00:00:00-06:00,6.3673104886038105,6.571604771728525,8,0.20429428312471476,1.0320848627517631,33.333333333333336,1.032814879231775,0.0,0.0
2018-08-13 00:00:00-06:00,4.414877144385026,4.537108344919786,5,0.12223120053475967,1.0276862065550831,20.833333333333332,1.0322927189386608,0.0,0.0
2018-08-14 00:00:00-06:00,15.805104126857183,16.284489152225582,18,0.47938502536839955,1.0303310260736462,75.0,1.0317537298563384,0.0,0.0
2018-08-15 00:00:00-06:00,10.060013153806295,10.372664455478349,11,0.31265130167205335,1.0310786175815048,45.833333333333336,1.0312696960632282,0.0,0.0
2018-08-17 00:00:00-06:00,0.8528207317073171,0.880329024390244,1,0.02750829268292687,1.0322556566230001,4.166666666666667,1.0312258163083126,0.0010298403146875579,0.0008782691707135368
2018-08-18 00:00:00-06:00,7.183236452521369,7.421522759742458,9,0.238286307221089,1.0331725551283293,37.5,1.0312258163083126,0.0019467388200167246,0.013983885255482572
2018-08-20 00:00:00-06:00,3.73051939800995,3.8347175572139305,4,0.10419815920398046,1.027931273929192,16.666666666666668,1.031081729473917,0.0,0.0
2018-08-29 00:00:00-06:00,12.952119992464539,13.297111597074469,14,0.3449916046099304,1.0266359178891675,58.333333333333336,1.0306270982314978,0.0,0.0
2018-09-04 00:00:00-06:00,10.538642702517794,10.90501266260535,12,0.36636996008755496,1.0347644350823304,50.0,1.030639353193098,0.00412508188923244,0.04347276414924777
2018-09-05 00:00:00-06:00,8.023430791337876,8.290116950771163,9,0.2666861594332861,1.0332384196198465,37.5,1.0306516081546981,0.0025868114651483864,0.02075510276085741
2018-09-06 00:00:00-06:00,7.848146761710717,8.094249530377303,9,0.24610276866658598,1.0313580742229826,37.5,1.030663863116298,0.0006942111066845502,0.005448270648869965
2018-09-09 00:00:00-06:00,11.594292833333332,12.155752164004022,13,0.5614593306706901,1.0484254916398617,54.166666666666664,1.0306761180778983,0.017749373561963377,0.2057914346856281
2018-09-10 00:00:00-06:00,23.420023416666666,24.50320088431458,24,1.0831774676479142,1.0462500591215071,100.0,1.0306883730394982,0.015561686082008919,0.3644550524434646
2018-09-11 00:00:00-06:00,26.91253835477266,28.02154976900426,24,1.109011414231599,1.0412079826738057,100.0,1.0306883730394982,0.010519609634307425,0.28310939776053456
2018-09-12 00:00:00-06:00,30.703936019506635,31.806619346395273,24,1.1026833268886378,1.0359134192498345,100.0,1.0306883730394982,0.005225046210336259,0.16042948454113012
2018-09-13 00:00:00-06:00,32.648028868025875,33.742244289909955,24,1.0942154218840798,1.0335155125691435,100.0,1.0306883730394982,0.002827139529645306,0.09230053297779704
2018-09-14 00:00:00-06:00,30.243597112563634,31.29258778450362,24,1.0489906719399862,1.0346847191501642,100.0,1.0306883730394982,0.003996346110666016,0.12086388169334362
2018-09-15 00:00:00-06:00,13.275819399425288,13.72031378172284,24,0.44449438229755245,1.0334815026420738,100.0,1.0306883730394982,0.002793129602575606,0.037081084162982274
2018-09-16 00:00:00-06:00,18.69997857344633,19.40031991868442,24,0.7003413452380904,1.0374514517483224,100.0,1.0306883730394982,0.0067630787088241995,0.1264694269455436
2018-09-17 00:00:00-06:00,31.57247789889979,32.73143762708594,24,1.1589597281861472,1.0367079116152151,100.0,1.0306883730394982,0.0060195385757169095,0.19005174864339686
2018-09-18 00:00:00-06:00,33.051173538957215,34.21030348675616,24,1.1591299477989452,1.0350707652311555,100.0,1.0306883730394982,0.004382392191657258,0.1448432048422351
2018-09-19 00:00:00-06:00,33.437265848620804,34.62522424761739,24,1.1879583989965852,1.0355279766107308,100.0,1.0306883730394982,0.004839603571232587,0.16182311121323867
2018-09-20 00:00:00-06:00,33.008595468286096,34.17121380314721,24,1.162618334861115,1.0352216844845195,100.0,1.0306883730394982,0.004533311445021226,0.14963824362045713
2018-09-21 00:00:00-06:00,33.21616383333333,34.353837999999996,24,1.1376741666666632,1.0342506188365128,100.0,1.0306883730394982,0.003562245797014585,0.11832414000823953
2018-09-22 00:00:00-06:00,32.02852466666666,33.117266430006275,24,1.0887417633396126,1.033992878993665,100.0,1.0306883730394982,0.0033045059541667587,0.10583845046417689
2018-09-23 00:00:00-06:00,31.613443,32.69424726272578,24,1.0808042627257812,1.034188122525148,100.0,1.0306883730394982,0.0034997494856496836,0.1106391308788656
2018-09-24 00:00:00-06:00,33.805212166666664,34.93852825661375,24,1.1333160899470869,1.0335248920894093,100.0,1.0306883730394982,0.0028365190499111126,0.09588912829703691
2018-09-25 00:00:00-06:00,32.745240340579706,33.747674597346425,24,1.002434256766719,1.030613128697194,100.0,1.0306096236659843,3.505031209716236e-06,0.00011477308936339099
2018-09-26 00:00:00-06:00,33.90558150988701,34.90327874296971,24,0.9976972330827039,1.02942575200463,100.0,1.0305533731539525,0.0,0.0
2018-09-27 00:00:00-06:00,37.566775053672316,38.56248925124575,24,0.9957141975734345,1.0265051816705277,100.0,1.0302894980288508,0.0,0.0
2018-09-28 00:00:00-06:00,39.74516997598627,40.820543949490975,24,1.0753739735047034,1.0270567209589099,100.0,1.029866746263585,0.0,0.0
2018-09-29 00:00:00-06:00,45.44443904649948,46.50077352579751,24,1.0563344792980303,1.0232445267553456,100.0,1.029276304197086,0.0,0.0
2018-09-30 00:00:00-06:00,41.93347586645237,42.93930684288334,24,1.0058309764309712,1.0239863487499652,100.0,1.027906767191781,0.0,0.0
2018-10-01 00:00:00-06:00,37.636078999999995,38.686698542646376,24,1.0506195426463805,1.027915223119985,100.0,1.027892321463495,2.2901656490104116e-05,0.0008619285528924212
2018-10-02 00:00:00-06:00,34.78425591971454,35.772910727360276,24,0.9886548076457373,1.0284224796967816,100.0,1.027892321463495,0.000530158233286615,0.01844115966458534
2018-10-03 00:00:00-06:00,34.90760985399923,35.99101020487568,24,1.0834003508764454,1.0310362226290415,100.0,1.027892321463495,0.0031439011655465254,0.10974607530643156
2018-10-04 00:00:00-06:00,37.142912222999904,38.274025951146584,24,1.1311137281466799,1.030453016752043,100.0,1.027892321463495,0.002560695288547965,0.09511168033238647
2018-10-05 00:00:00-06:00,40.141621968253965,41.30316099239639,24,1.161539024142428,1.0289360261790377,100.0,1.027892321463495,0.0010437047155427148,0.0418960001377997
2018-10-06 00:00:00-06:00,37.06000521240025,38.08823381923297,24,1.0282286068327195,1.0277449666005085,100.0,1.027739090595966,5.876004542493263e-06,0.00021776475897288786
2018-10-07 00:00:00-06:00,34.36875506786143,35.3774570865222,24,1.0087020186607702,1.0293493906505802,100.0,1.027739090595966,0.0016103000546141555,0.05534400816279779
2018-10-08 00:00:00-06:00,37.286183130370205,38.36564618714756,24,1.0794630567773567,1.028950752427596,100.0,1.027739090595966,0.0012116618316300176,0.04517824494623662
2018-10-09 00:00:00-06:00,35.94989555602847,37.05541426923397,24,1.1055187132054982,1.0307516529911063,100.0,1.027739090595966,0.0030125623951402503,0.10830130346131098
2018-10-10 00:00:00-06:00,38.70313238949954,39.84054558753739,24,1.137413198037855,1.0293881432280774,100.0,1.027739090595966,0.0016490526321113474,0.06382350233785815
2018-10-11 00:00:00-06:00,35.28013998970985,36.40319141590465,24,1.1230514261947988,1.0318323971084684,100.0,1.027739090595966,0.004093306512502393,0.14441242678187544
2018-10-12 00:00:00-06:00,31.0878613120362,32.06062538823778,24,0.9727640762015817,1.0312908008189343,100.0,1.027739090595966,0.003551710222968296,0.11041507483217956
2018-10-13 00:00:00-06:00,34.99510216326298,35.975887055165046,24,0.9807848919020685,1.028026347439319,100.0,1.027739090595966,0.00028725684335295654,0.010052582580233144
2018-10-14 00:00:00-06:00,34.398402106508904,35.35844845820825,24,0.9600463516993472,1.0279096205901288,100.0,1.027739090595966,0.00017052999416278247,0.005865959310432008
2018-10-15 00:00:00-06:00,33.667966695743225,34.71006974745906,24,1.0421030517158343,1.0309523607746587,100.0,1.027739090595966,0.003213270178692662,0.10818427336064942
2018-10-16 00:00:00-06:00,35.13430386691776,36.14786437695945,24,1.0135605100416853,1.0288481739635675,100.0,1.027739090595966,0.0011090833676015155,0.038966872051056096
2018-10-17 00:00:00-06:00,34.14389071266528,35.1881356133474,24,1.0442449006821164,1.0305836528552021,100.0,1.027739090595966,0.0028445622592361275,0.09712442290473058
2018-10-18 00:00:00-06:00,34.33957424116399,35.2811483084939,24,0.9415740673299098,1.0274195032447786,100.0,1.0276595362240526,0.0,0.0
2018-10-19 00:00:00-06:00,36.114905172316384,36.936241638776956,24,0.821336466460572,1.0227423126972561,100.0,1.0273892139075902,0.0,0.0
2018-10-20 00:00:00-06:00,44.76567817133816,45.63815625378253,24,0.8724780824443741,1.019489888639797,100.0,1.0271106209814957,0.0,0.0
2018-10-21 00:00:00-06:00,44.343945166666664,45.20238458992221,24,0.8584394232555468,1.0193586614819476,100.0,1.0270146406519356,0.0,0.0
2018-10-22 00:00:00-06:00,44.45895983333333,45.343945095892124,24,0.8849852625587928,1.0199056672912818,100.0,1.0266228442673035,0.0,0.0
2018-10-23 00:00:00-06:00,45.337863494642505,46.24025970198115,24,0.9023962073386471,1.0199038097030153,100.0,1.0262532983784716,0.0,0.0
2018-10-24 00:00:00-06:00,45.39706616666666,46.29121523856603,24,0.8941490718993705,1.019696186282538,100.0,1.0239121665505033,0.0,0.0
2018-10-25 00:00:00-06:00,45.52944110526315,46.40543656609196,24,0.8759954608288041,1.0192401979809838,100.0,1.0231943053495367,0.0,0.0
2018-10-26 00:00:00-06:00,45.27372014102564,46.126358528323514,24,0.8526383872978727,1.0188329650102077,100.0,1.0224586481566587,0.0,0.0
2018-10-27 00:00:00-06:00,45.780339,46.702657043859645,24,0.9223180438596472,1.0201465970765233,100.0,1.020122504097999,2.4092978524237196e-05,0.0011029847243592985
2018-10-28 00:00:00-06:00,44.730813110169485,45.719053639522535,24,0.9882405293530496,1.022093059809109,100.0,1.020122504097999,0.0019705557111098226,0.08814455923683061
2018-10-29 00:00:00-06:00,38.57612046064679,39.49159346822932,24,0.915473007582527,1.0237315986327977,100.0,1.020122504097999,0.003609094534798629,0.13922486552825392
2018-10-30 00:00:00-06:00,29.684481138980463,30.620548848125857,24,0.9360677091453944,1.0315339084002444,100.0,1.020122504097999,0.011411404302245298,0.3387416157792811
2018-10-31 00:00:00-06:00,23.690728569266255,24.49482028033161,18,0.8040917110653538,1.0339411980815354,75.0,1.020122504097999,0.013818693983536301,0.3273749283457112
2018-11-01 00:00:00-06:00,32.02549914971751,33.034674851565654,24,1.009175701848143,1.0315116306893548,100.0,1.020122504097999,0.011389126591355714,0.3647424639674875
2018-11-02 00:00:00-06:00,33.376726279661014,34.59401381920611,24,1.2172875395450973,1.0364711484687126,100.0,1.020122504097999,0.016348644370713483,0.5456642282048249
2018-11-03 00:00:00-06:00,33.1651943079096,34.38367503919952,24,1.2184807312899153,1.0367397434785817,100.0,1.020122504097999,0.01661723938058257,0.5511139729180684
2018-11-04 00:00:00-06:00,35.14991274561403,36.26474934659926,25,1.1148366009852282,1.031716624990039,100.0,1.020122504097999,0.011594120892039816,0.40753233771730024
2018-11-05 00:00:00-07:00,34.002782920903954,35.13204625663309,24,1.129263335729135,1.0332109091881092,100.0,1.020122504097999,0.013088405090110111,0.44504219705986847
2018-11-06 00:00:00-07:00,30.290031733031675,31.216987174733536,24,0.9269554417018604,1.0306026566717328,100.0,1.0201465970765233,0.010456059595209455,0.31671437694136473
2018-11-07 00:00:00-07:00,34.70821618708027,35.84676337549256,24,1.1385471884122893,1.0328033910551733,100.0,1.0203412433497818,0.012462147705391446,0.43253891671405265
2018-11-08 00:00:00-07:00,32.38424931355932,33.485084056899304,24,1.1008347433399805,1.0339929060167858,100.0,1.0203412433497818,0.013651662667004016,0.44209884735286825
2018-11-09 00:00:00-07:00,36.94645171751412,38.090487669268505,24,1.1440359517543826,1.0309647042834174,100.0,1.0203412433497818,0.010623460933635531,0.3924991864574627
2018-11-10 00:00:00-07:00,39.820045878531076,40.90123669462302,24,1.0811908160919472,1.0271519229131494,100.0,1.0205358896230405,0.006616033290108847,0.2634507491460232
2018-11-11 00:00:00-07:00,40.33967179378531,41.483348937090504,24,1.1436771433051973,1.0283511762106452,100.0,1.0205358896230405,0.007815286587604664,0.3152660959183445
2018-11-12 00:00:00-07:00,37.96354993785311,39.121603521905975,24,1.1580535840528654,1.0305043544649701,100.0,1.0205358896230405,0.009968464841929592,0.3784383128303271
2018-11-13 00:00:00-07:00,39.828148064439894,40.99692408095807,24,1.1687760165181729,1.0293454773399746,100.0,1.0205358896230405,0.008809587716934075,0.35086956397672137
2018-11-14 00:00:00-07:00,37.90089224586012,38.90891188766872,24,1.0080196418086018,1.0265961981915797,100.0,1.020730535896299,0.005865662295280627,0.2223138346040356
2018-11-15 00:00:00-07:00,37.299056991525426,38.371203539144474,24,1.0721465476190488,1.0287446019845126,100.0,1.020730535896299,0.008014066088213534,0.29891710775812785
2018-11-16 00:00:00-07:00,36.10724914982564,37.158414009491345,24,1.051164859665704,1.0291122941906745,100.0,1.020730535896299,0.008381758294375485,0.30264223504863325
2018-11-17 00:00:00-07:00,35.87569166666667,37.00095283333333,24,1.125261166666661,1.0313655601994198,100.0,1.0209251821695575,0.010440378029862307,0.3745557830827809
2018-11-18 00:00:00-07:00,36.269005666666665,37.33516445663532,24,1.0661587899686538,1.0293958648816368,100.0,1.0209251821695575,0.008470682712079292,0.30722323928493916
2018-11-19 00:00:00-07:00,36.25072482183908,37.35902317072634,24,1.10829834888726,1.0305731362430461,100.0,1.0211198284428162,0.009453307800229904,0.34268925972227915
2018-11-20 00:00:00-07:00,35.539947500000004,36.61835273534799,24,1.0784052353479865,1.0303434673151384,100.0,1.0213144747160747,0.009028992599063645,0.3208899229486105
2018-11-21 00:00:00-07:00,33.442034666666665,34.42161055523712,24,0.9795758885704586,1.0292917550721532,100.0,1.0215091209893332,0.007782634082819984,0.2602671187956474
2018-11-22 00:00:00-07:00,33.84377550000001,34.775691809057214,24,0.9319163090572076,1.027535825873127,100.0,1.0217037672625917,0.005832058610535373,0.19737888231780115
2018-11-23 00:00:00-07:00,32.618380476190474,33.64415540700809,24,1.0257749308176187,1.0314477578543906,100.0,1.0218984135358504,0.009549344318540154,0.3114841462802906
2018-11-24 00:00:00-07:00,33.556999531073444,34.63283114439504,24,1.075831613321597,1.0320598274087465,100.0,1.022093059809109,0.00996676759963755,0.33445481566735524
2018-11-25 00:00:00-07:00,32.8216139137931,33.92927335057471,24,1.10765943678161,1.0337478662594384,100.0,1.0221579850979237,0.011589881161514715,0.3803986047899799
2018-11-26 00:00:00-07:00,34.560825666666666,35.600145240505704,24,1.0393195738390375,1.0300721858865034,100.0,1.0222229103867384,0.007849275499764996,0.2712774421570159
2018-11-27 00:00:00-07:00,37.64278582391714,38.714708176837256,24,1.0719223529201187,1.0284761695888898,100.0,1.0222229103867384,0.006253259202151362,0.23539009684802267
2018-11-28 00:00:00-07:00,36.22637269444444,37.32743135049015,24,1.1010586560457085,1.0303938422246333,100.0,1.0222878356755531,0.008106006549080114,0.29365121431058366
2018-11-29 00:00:00-07:00,39.88345060391445,41.04540542877964,24,1.161954824865191,1.0291337586711002,100.0,1.022352760964368,0.00678099770673235,0.27044958708171685
2018-11-30 00:00:00-07:00,42.32568759604519,43.496072583410566,24,1.1703849873653738,1.0276518836158195,100.0,1.0224176862531826,0.005234197362636861,0.22154100238701144
2018-12-01 00:00:00-07:00,40.555213333333334,41.73389486019781,24,1.178681526864473,1.0290636253636887,100.0,1.0224826115419972,0.006581013821691517,0.26689441948831477
2018-12-02 00:00:00-07:00,43.96243269774011,45.22881413185272,24,1.2663814341126098,1.028805990851769,100.0,1.022547536830812,0.006258454020957149,0.27513686368822965
2018-12-03 00:00:00-07:00,36.396092726980505,37.57207805660246,24,1.1759853296219518,1.0323107575981691,100.0,1.022547536830812,0.00976322076735725,0.3553430883627162
2018-12-04 00:00:00-07:00,40.99586006832467,42.232094327765246,24,1.2362342594405789,1.0301550999876632,100.0,1.022547536830812,0.007607563156851294,0.3118785946392179
2018-12-05 00:00:00-07:00,38.53323533333334,39.775709295814835,24,1.2424739624814976,1.0322442159796192,100.0,1.022547536830812,0.009696679148807341,0.3736444195928197
2018-12-06 00:00:00-07:00,46.8600951299435,48.11550059167498,24,1.2554054617314776,1.0267905017744892,100.0,1.0226124621196266,0.00417803965486252,0.195783335683534
2018-12-07 00:00:00-07:00,35.47582112146893,36.6437782514158,24,1.1679571299468705,1.0329226242839538,100.0,1.0226773874084414,0.010245236875512376,0.3634581907427543
2018-12-08 00:00:00-07:00,36.212588499999995,37.42135441586007,24,1.2087659158600772,1.0333797158924465,100.0,1.0226773874084414,0.010702328484005097,0.3875590173831054
2018-12-09 00:00:00-07:00,36.999057901129945,38.13265513105334,24,1.1335972299233958,1.0306385430935197,100.0,1.0226773874084414,0.00796115568507827,0.29455526015212075
2018-12-10 00:00:00-07:00,39.32375784313301,40.41994695111339,24,1.0961891079803792,1.0278760008733958,100.0,1.0226773874084414,0.005198613464954427,0.2044290170159185
2018-12-11 00:00:00-07:00,43.45866788143027,44.64596223349993,24,1.1872943520696566,1.0273200815843917,100.0,1.0226773874084414,0.004642694175950313,0.20176530426767525
2018-12-12 00:00:00-07:00,48.28311211254832,49.52722540773007,24,1.244113295181755,1.0257670485755292,100.0,1.0226773874084414,0.003089661167087865,0.14917845652029024
2018-12-13 00:00:00-07:00,47.58679297740113,48.93798869433235,24,1.3511957169312154,1.0283943428920057,100.0,1.0226773874084414,0.005716955483564323,0.27205157705739363
2018-12-14 00:00:00-07:00,43.2743335,44.57325260115213,24,1.29891910115213,1.030015923899836,100.0,1.0226773874084414,0.007338536491394709,0.3175702755305345
2018-12-15 00:00:00-07:00,39.92258247222454,41.14773858067344,24,1.2251561084488998,1.030688298015322,100.0,1.0226773874084414,0.008010910606880639,0.31981623938081066
2018-12-16 00:00:00-07:00,39.08326813750995,40.32037845378692,24,1.2371103162769757,1.0316531952221688,100.0,1.0226773874084414,0.008975807813727421,0.35080390353466573
2018-12-17 00:00:00-07:00,25.84305431134913,26.726151586187274,18,0.8830972748381463,1.0341715520231805,75.0,1.0226773874084414,0.011494164614739066,0.297044320402289
2018-12-18 00:00:00-07:00,38.719187194045396,39.90954794344006,24,1.1903607493946637,1.0307434333119918,100.0,1.0226773874084414,0.008066045903550423,0.31231074125533187
2018-12-19 00:00:00-07:00,43.15511495645821,44.43823404963633,24,1.2831190931781151,1.0297327233277616,100.0,1.0226773874084414,0.0070553359193201715,0.3044738326546908
2018-12-20 00:00:00-07:00,43.438803228813555,44.70289292921379,24,1.264089700400234,1.0291004725369999,100.0,1.0226773874084414,0.006423085128558492,0.279011131021371
2018-12-21 00:00:00-07:00,45.31187909322034,46.52369845682838,24,1.2118193636080363,1.0267439662150173,100.0,1.0226773874084414,0.0040665788065759045,0.18426432720661964
2018-12-22 00:00:00-07:00,44.761371646892655,46.05121698498364,24,1.2898453380909842,1.0288160369227766,100.0,1.0226773874084414,0.006138649514335182,0.2747743723211742
2018-12-23 00:00:00-07:00,40.08345670903955,41.21794009628402,24,1.1344833872444653,1.0283030327319205,100.0,1.0226773874084414,0.005625645323479089,0.22549531078408488
2018-12-24 00:00:00-07:00,38.8582645,40.01903183333334,24,1.1607673333333395,1.029871826451059,100.0,1.0226773874084414,0.0071944390426175175,0.2795634152471583
2018-12-25 00:00:00-07:00,30.667788333333334,31.814683705329152,24,1.146895371995818,1.0373973942799533,100.0,1.0226773874084414,0.01472000687151187,0.45143005500073824
2018-12-26 00:00:00-07:00,32.6688885,33.81911566307147,24,1.1502271630714702,1.0352086408777412,100.0,1.0226773874084414,0.012531253469299841,0.4093821223537947
2018-12-27 00:00:00-07:00,37.63572633333333,38.80967565456745,24,1.1739493212341188,1.0311924183643129,100.0,1.0226773874084414,0.008515030955871472,0.32046937477504045
2018-12-28 00:00:00-07:00,37.39760183333333,38.6013154810777,24,1.2037136477443653,1.0321869207846228,100.0,1.0226773874084414,0.009509533376181434,0.3556337428232273
2018-12-29 00:00:00-07:00,32.99560745480226,34.10895889431132,24,1.11335143950906,1.033742413775353,100.0,1.0226773874084414,0.011065026366911646,0.36509726647965346
2018-12-30 00:00:00-07:00,31.555887872241765,32.62143787341067,24,1.065550001168905,1.033767074007961,100.0,1.0226773874084414,0.011089686599519588,0.3499449068727422
2018-12-31 00:00:00-07:00,32.50843303216022,33.59135177997255,24,1.0829187478123288,1.0333119331448861,100.0,1.0226773874084414,0.010634545736444734,0.3457124179006586
2019-01-01 00:00:00-07:00,31.818191759259257,32.76762797190294,24,0.9494362126436826,1.0298394145031007,100.0,1.0226773874084414,0.007162027094659296,0.22788275148287992
2019-01-02 00:00:00-07:00,32.587152034151934,33.81763828277585,24,1.2304862486239188,1.0377598584661325,100.0,1.0226773874084414,0.015082471057691116,0.4914947774076767
2019-01-03 00:00:00-07:00,32.522511690197355,33.66437009683683,24,1.1418584066394715,1.0351097854162241,100.0,1.0226773874084414,0.01243239800778273,0.40433280954530015
2019-01-04 00:00:00-07:00,37.211414010114495,38.813732559511784,24,1.602318549397289,1.043059867302053,100.0,1.0226773874084414,0.020382479893611638,0.7584608978740172
2019-01-05 00:00:00-07:00,31.779239063492064,33.21001147376917,21,1.4307724102771076,1.04502223629139,87.5,1.0226773874084414,0.02234484888294852,0.7101022944888247
2019-01-06 00:00:00-07:00,36.9274165,38.67294973351482,24,1.74553323351482,1.0472693028366828,100.0,1.0226773874084414,0.024591915428241462,0.9081159035514483
2019-01-07 00:00:00-07:00,32.920674599551916,34.60728119592523,24,1.6866065963733163,1.0512324433472051,100.0,1.0226773874084414,0.02855505593876373,0.9400517047320431
2019-01-08 00:00:00-07:00,30.45693259642401,31.782398872009242,24,1.3254662755852316,1.043519362016806,100.0,1.0226773874084414,0.020841974608364566,0.6347826158233403
2019-01-09 00:00:00-07:00,32.89206414176245,34.01353046970788,24,1.1214663279454342,1.034095346619537,100.0,1.0226773874084414,0.011417959211095674,0.37556024673938626
2019-01-10 00:00:00-07:00,32.57118926190476,33.58040956383121,24,1.0092203019264474,1.0309850614852074,100.0,1.0226773874084414,0.008307674076766025,0.2705908246805661
2019-01-11 00:00:00-07:00,33.543280333333335,34.64569733567139,24,1.1024170023380577,1.0328655096157229,100.0,1.0226773874084414,0.010188122207281491,0.3417430392691019
2019-01-12 00:00:00-07:00,29.449730103448278,30.518087011269902,24,1.0683569078216237,1.036277307264576,100.0,1.0226773874084414,0.013599919856134512,0.4005139691916885
2019-01-13 00:00:00-07:00,28.730047954545455,29.79748738589922,24,1.0674394313537654,1.0371541124136858,100.0,1.0226773874084414,0.01447672500524444,0.41591700362544004
2019-01-14 00:00:00-07:00,29.88722581818182,31.06229466611533,24,1.1750688479335132,1.039316758774535,100.0,1.0226773874084414,0.016639371366093725,0.49730464949103165
2019-01-15 00:00:00-07:00,31.00692567192991,32.191914029990755,24,1.1849883580608456,1.038216892916075,100.0,1.0226773874084414,0.015539505507633722,0.4818322922537443
2019-01-16 00:00:00-07:00,30.21122549858757,31.274666903121634,22,1.063441404534064,1.035200207438913,91.66666666666667,1.0226773874084414,0.01252282003047167,0.3783297398188089
2019-01-17 00:00:00-07:00,32.11425796300753,33.23132858317882,24,1.1170706201712903,1.034784257554948,100.0,1.0235677447504288,0.011216512804519185,0.3602099856497062
2019-01-18 00:00:00-07:00,30.23049375194314,31.44601215210465,24,1.2155184001615105,1.040208354191482,100.0,1.025563503581256,0.014644850610225912,0.4427210648705751
2019-01-19 00:00:00-07:00,19.95867432506412,20.65296286920935,17,0.6942885441452304,1.034786305585103,70.83333333333333,1.0265132832299746,0.00827302235512839,0.1651185588699825
2019-01-20 00:00:00-07:00,28.271557541726906,29.307293429412688,24,1.0357358876857816,1.0366352609387406,100.0,1.0267291894126735,0.00990607152606704,0.28006007116166676
2019-01-21 00:00:00-07:00,28.718753552605943,29.78032783376796,24,1.0615742811620166,1.0369644970565126,100.0,1.026785848218542,0.010178648837970705,0.2923181074761995
2019-01-22 00:00:00-07:00,34.05448479514904,35.27038129087452,24,1.215896495725481,1.035704445480223,100.0,1.0271157807992835,0.00858866468093944,0.2924825507876857
2019-01-23 00:00:00-07:00,31.968193010130527,33.11653929826671,24,1.1483462881361817,1.0359215263675454,100.0,1.0273032657172674,0.008618260650278042,0.2755102198797015
2019-01-24 00:00:00-07:00,29.654742106488957,30.814990458086122,24,1.1602483515971649,1.0391252214377977,100.0,1.0275142514442535,0.011610969993544273,0.3443203207647372
2019-01-25 00:00:00-07:00,25.328549828880803,26.144531791107745,21,0.8159819622269424,1.0322158973861395,87.5,1.0276402778415503,0.004575619544589182,0.115893807633128
2019-01-26 00:00:00-07:00,28.614465761153323,29.66266415195326,24,1.0481983907999357,1.0366317651900026,100.0,1.0278535891476381,0.008778176042364416,0.251182817809613
2019-01-27 00:00:00-07:00,29.957726589031754,30.992893525377234,24,1.0351669363454796,1.0345542554195177,100.0,1.028260329546068,0.0062939258734497905,0.1885517104884417
2019-01-28 00:00:00-07:00,25.756883971703807,26.761542640176703,21,1.0046586684728958,1.039005442955623,87.5,1.028260329546068,0.010745113409555085,0.276760639352709
2019-01-29 00:00:00-07:00,27.933552524517644,29.023870910408498,24,1.0903183858908534,1.0390325714902846,100.0,1.028260329546068,0.010772241944216665,0.30090698615558825
2019-01-30 00:00:00-07:00,29.47049142282137,30.57079488635015,24,1.1003034635287783,1.0373357691170608,100.0,1.028260329546068,0.009075439570992883,0.26745766403527943
2019-01-31 00:00:00-07:00,27.337094574055516,28.467769044102724,24,1.1306744700472073,1.0413604476870884,100.0,1.028260329546068,0.013100118141020411,0.35811916855237536
2019-02-01 00:00:00-07:00,29.670433205471717,30.785135346356725,24,1.114702140885008,1.0375694595749765,100.0,1.028260329546068,0.009309130028908541,0.27620592072378186
2019-02-02 00:00:00-07:00,28.763191250633156,29.777890420822256,24,1.0146991701891004,1.0352776978516514,100.0,1.028260329546068,0.007017368305583416,0.2018419066496273
2019-02-03 00:00:00-07:00,26.384133830508475,27.366190243943993,24,0.9820564134355187,1.0372214763518197,100.0,1.028260329546068,0.008961146805751774,0.23643209659778833
2019-02-04 00:00:00-07:00,24.688198148353788,25.782433798465664,24,1.0942356501118766,1.04432221596475,100.0,1.028260329546068,0.016061886418682114,0.3965390345407766
2019-02-05 00:00:00-07:00,26.712527508437155,27.814695517582187,24,1.102168009145032,1.0412603415680868,100.0,1.028260329546068,0.013000012022018836,0.3472631787481919
2019-02-06 00:00:00-07:00,29.883564723073057,31.018507207216896,24,1.1349424841438385,1.0379788186135488,100.0,1.028260329546068,0.009718489067480851,0.2904230970585419
2019-02-07 00:00:00-07:00,33.24557108445354,34.341781602753265,24,1.0962105182997277,1.0329731294287299,100.0,1.028260329546068,0.004712799882661933,0.15667972350584158
2019-02-08 00:00:00-07:00,32.22826167445938,33.39384556218869,24,1.165583887729305,1.0361665143315197,100.0,1.0283463618627728,0.0078201524687469,0.25202992009694464
2019-02-09 00:00:00-07:00,28.623151081920902,29.7273170949737,24,1.1041660130527973,1.0385759768340186,100.0,1.0283852118759973,0.010190764958021292,0.2916918050337888
2019-02-10 00:00:00-07:00,28.677719316724865,29.68357256133871,23,1.0058532446138457,1.0350743806892353,95.83333333333333,1.0283852118759973,0.006689168813238,0.19183010568822895
2019-02-11 00:00:00-07:00,19.868084023809523,20.613641341468877,15,0.7455573176593546,1.037525375711412,62.5,1.0283852118759973,0.009140163835414716,0.1815975430734047
2019-02-12 00:00:00-07:00,25.199391873952855,25.99652239891527,17,0.7971305249624159,1.0316329270543374,70.83333333333333,1.0284679869192013,0.0031649401351361295,0.07975456672289663
2019-02-13 00:00:00-07:00,29.207587982191356,30.044908912825488,20,0.8373209306341316,1.028667924620981,83.33333333333333,1.0284679869192013,0.00019993770177961778,0.005839698015685324
2019-02-14 00:00:00-07:00,19.68494576553672,20.316352145806174,15,0.6314063802694534,1.032075596640702,62.5,1.0284679869192013,0.0036076097215007596,0.07101560171096549
2019-02-15 00:00:00-07:00,29.500459072130315,30.454407279600723,24,0.9539482074704075,1.0323367241553072,100.0,1.0284679869192013,0.0038687372361059236,0.11412952449456935
2019-02-16 00:00:00-07:00,27.981166966101696,29.086355269062672,24,1.1051883029609755,1.0394975772204167,100.0,1.0284679869192013,0.01102959030121542,0.30862080778600454
2019-02-17 00:00:00-07:00,26.358644553672313,27.359480142188463,24,1.00083558851615,1.0379699186154363,100.0,1.0284679869192013,0.009501931696235033,0.2504580401543319
2019-02-18 00:00:00-07:00,27.40109340366258,28.277754414295526,24,0.8766610106329473,1.031993650680953,100.0,1.0284679869192013,0.003525663761751785,0.09660704204566903
2019-02-19 00:00:00-07:00,28.09037136837398,29.062875713638572,24,0.9725043452645927,1.0346205585006791,100.0,1.0284679869192013,0.006152571581477861,0.17282802059421715
2019-02-20 00:00:00-07:00,29.413432403223506,30.49156273523492,24,1.078130332011412,1.036654352923913,100.0,1.0286487491177718,0.008005603806141126,0.23547228639892084
2019-02-21 00:00:00-07:00,29.502126986849795,30.578062891513447,24,1.0759359046636519,1.0364697740316566,100.0,1.0286487491177718,0.007821024913884811,0.23073687017674568
2019-02-22 00:00:00-07:00,30.70922918644068,31.840466029399785,24,1.1312368429591046,1.0368370315025226,100.0,1.0286487491177718,0.008188282384750778,0.2514558403966067
2019-02-23 00:00:00-07:00,29.5087175,30.59396204264346,24,1.085244542643462,1.0367770826584877,100.0,1.0286487491177718,0.008128333540715849,0.2398566981987587
2019-02-24 00:00:00-07:00,22.989546126177025,23.789890837765924,18,0.8003447115888989,1.0348134194209944,75.0,1.0286487491177718,0.006164670303222541,0.14172297228860833
2019-02-25 00:00:00-07:00,21.755264181336827,22.519317071346848,17,0.7640528900100207,1.0351203682769101,70.83333333333333,1.0287921842286902,0.006328184048219887,0.1376713157571452
2019-02-26 00:00:00-07:00,28.850761062920014,29.90940961707839,24,1.058648554158374,1.0366939559011836,100.0,1.0287921842286902,0.007901771672493396,0.22797212649685683
2019-02-27 00:00:00-07:00,32.771979702661824,33.90833345891923,24,1.1363537562574066,1.034674553278974,100.0,1.0287921842286902,0.005882369050283831,0.1927768791194678
2019-02-28 00:00:00-07:00,33.996664326618095,35.10899797082529,24,1.1123336442071974,1.03271890540556,100.0,1.0288150323156757,0.00390387308988438,0.13271866301051666
2019-03-01 00:00:00-07:00,34.12369044827586,35.249797800990834,24,1.1261073527149748,1.0330007492718851,100.0,1.0288150323156757,0.0041857169562093954,0.14283210971778884
2019-03-02 00:00:00-07:00,30.309983576271186,31.326549995930264,24,1.0165664196590782,1.0335389960572239,100.0,1.0290720289755775,0.0044669670816464,0.13539369888044642
2019-03-03 00:00:00-07:00,25.909868166082212,26.706781605281336,24,0.7969134391991233,1.0307571398700646,100.0,1.0290720289755775,0.0016851108944870852,0.04366100112138925
2019-03-04 00:00:00-07:00,25.486156976868138,26.400287019519332,24,0.9141300426511947,1.0358677082418069,100.0,1.0290720289755775,0.006795679266229371,0.17319574854356984
2019-03-05 00:00:00-07:00,30.450018050847458,31.47955676339324,24,1.0295387125457829,1.0338107751143724,100.0,1.0290720289755775,0.00473874613879488,0.1442949054646878
2019-03-06 00:00:00-07:00,33.0465708798421,34.09535447766224,24,1.0487835978201403,1.0317365333194035,100.0,1.0296694982486854,0.0020670350707181484,0.06830842097560672
2019-03-07 00:00:00-07:00,35.902942097457625,36.90079505646313,24,0.9978529590055061,1.0277930693338964,100.0,1.0290720289755775,0.0,0.0
2019-03-08 00:00:00-07:00,33.21036857062147,34.196453318400955,24,0.9860847477794863,1.0296920748013558,100.0,1.0290720289755775,0.0006200458257783481,0.020591950404774288
2019-03-09 00:00:00-07:00,28.184426593220337,29.106077665598846,24,0.9216510723785092,1.0327007210641712,100.0,1.0290720289755775,0.0036286920885937324,0.10227260580036944
2019-03-10 00:00:00-07:00,27.92791270903955,28.850472493957145,23,0.9225597849175955,1.0330336102998126,100.0,1.0296329145749203,0.003400695724892211,0.09497433335479365
2019-03-11 00:00:00-06:00,33.62905496804987,34.6487576367256,24,1.019702668675727,1.0303220732680274,100.0,1.0296920748013558,0.0006299984666715552,0.021186253065484866
2019-03-12 00:00:00-06:00,34.459481777420606,35.44305053403022,24,0.9835687566096141,1.028542761117612,100.0,1.0296920748013558,0.0,0.0
2019-03-13 00:00:00-06:00,31.737492570621466,32.7752385765975,24,1.037746005976036,1.032697794372598,100.0,1.0297327233277616,0.0029650710448363427,0.09410392025685825
2019-03-14 00:00:00-06:00,29.896736871322812,30.916210553695674,24,1.0194736823728618,1.0340998312545189,100.0,1.0298394145031007,0.0042604167514181945,0.1273725585793257
2019-03-15 00:00:00-06:00,33.20914601412429,34.21513717155931,24,1.0059911574350195,1.0302925934020453,100.0,1.0298394145031007,0.00045317889894458396,0.015049684225570766
2019-03-16 00:00:00-06:00,34.6965952740113,35.71909158917018,24,1.0224963151588824,1.0294696441274387,100.0,1.0297327233277616,0.0,0.0
2019-03-17 00:00:00-06:00,30.44250431920904,31.35870478236752,24,0.9162004631584821,1.0300960937231556,100.0,1.0297327233277616,0.0003633703953940248,0.011061904831255296
2019-03-18 00:00:00-06:00,29.12822397533416,30.130770685370763,24,1.0025467100366043,1.0344183947117944,100.0,1.0297327233277616,0.004685671384032863,0.13648528554892325
2019-03-19 00:00:00-06:00,30.509515901129944,31.57563582960311,24,1.0661199284731673,1.0349438493854857,100.0,1.0297327233277616,0.005211126057724114,0.15898893332092645
2019-03-20 00:00:00-06:00,31.211666327586208,32.14970124588951,24,0.9380349183033019,1.0300539839320988,100.0,1.0298394145031007,0.0002145694289981126,0.00669706942198979
2019-03-21 00:00:00-06:00,32.342969833333335,33.24678308292305,24,0.9038132495897173,1.0279446585841423,100.0,1.0298394145031007,0.0,0.0
2019-03-22 00:00:00-06:00,35.34894684076901,36.256604030916385,24,0.9076571901473756,1.025677064559687,100.0,1.0298394145031007,0.0,0.0
2019-03-23 00:00:00-06:00,33.21796919720437,34.144535067759264,24,0.9265658705548958,1.0278935134491267,100.0,1.0298394145031007,0.0,0.0
2019-03-24 00:00:00-06:00,26.7763127729398,27.650853444383046,24,0.8745406714432455,1.032660982072448,100.0,1.029871826451059,0.002789155621389039,0.07468330329071617
2019-03-25 00:00:00-06:00,29.455103101976377,30.355172158429887,24,0.9000690564535105,1.0305573215390686,100.0,1.0300539839320988,0.0005033376069698559,0.014825861108399167
2019-03-26 00:00:00-06:00,31.40700060464178,32.28604512002614,24,0.8790445153843578,1.0279888081784683,100.0,1.0298394145031007,0.0,0.0
2019-03-27 00:00:00-06:00,33.270803354763295,34.14590889135226,24,0.8751055365889684,1.0263025069535534,100.0,1.0296920748013558,0.0,0.0
2019-03-28 00:00:00-06:00,34.15839303341544,35.065545572185336,24,0.9071525387698927,1.026557236983674,100.0,1.0294696441274387,0.0,0.0
2019-03-29 00:00:00-06:00,33.56937311792119,34.54115031873086,24,0.9717772008096688,1.0289483273159747,100.0,1.0289483273159747,0.0,0.0
2019-03-30 00:00:00-06:00,36.15368033746773,37.17315326811231,24,1.0194729306445751,1.0281983167724158,100.0,1.028667924620981,0.0,0.0
2019-03-31 00:00:00-06:00,30.11153438551888,31.001278537276303,24,0.8897441517574229,1.02954828340416,100.0,1.028667924620981,0.0008803587831791582,0.02650895377129278
2019-04-01 00:00:00-06:00,24.7616037208525,25.626219555758883,24,0.8646158349063846,1.0349176024563491,100.0,1.028667924620981,0.006249677835368228,0.15475204594238332
2019-04-02 00:00:00-06:00,26.92558441242938,27.90831397367052,24,0.9827295612411397,1.0364979844518247,100.0,1.028667924620981,0.007830059830843838,0.2108289369297583
2019-04-03 00:00:00-06:00,27.492478666666667,28.378232633728615,24,0.8857539670619481,1.0322180468993465,100.0,1.028667924620981,0.0035501222783655972,0.09760166100202425
2019-04-04 00:00:00-06:00,29.237444833333335,30.090494905467093,24,0.8530500721337582,1.0291766287032444,100.0,1.028667924620981,0.0005087040822635558,0.014873207541672175
2019-04-05 00:00:00-06:00,30.957901519196447,31.74285977125296,24,0.7849582520565122,1.0253556673267978,100.0,1.028542761117612,0.0,0.0
2019-04-06 00:00:00-06:00,31.547390333333333,32.32303373433794,24,0.7756434010046078,1.0245866105820187,100.0,1.0281983167724158,0.0,0.0
2019-04-07 00:00:00-06:00,28.09291083333333,28.826021905802975,24,0.7331110724696437,1.0260959455863783,100.0,1.0279888081784683,0.0,0.0
2019-04-08 00:00:00-06:00,27.967697333333334,28.74982539585944,24,0.7821280625261053,1.0279654078490732,100.0,1.0279654078490732,0.0,0.0
2019-04-09 00:00:00-06:00,27.593802620689655,28.398878670283572,24,0.805076049593918,1.0291759733394004,100.0,1.0279654078490732,0.0012105654903271645,0.03340410519950617
2019-04-10 00:00:00-06:00,28.596976703703703,29.460003518878636,24,0.8630268151749334,1.0301789529752339,100.0,1.0279654078490732,0.0022135451261606764,0.06330069840541373
2019-04-11 00:00:00-06:00,29.60324763559322,30.435278374305103,24,0.8320307387118824,1.0281060628534384,100.0,1.0279654078490732,0.00014065500436521994,0.004163844925409051
2019-04-12 00:00:00-06:00,31.289099666666665,32.167846774329966,24,0.8787471076633011,1.028084768082971,100.0,1.0279654078490732,0.00011936023389780281,0.0037346742546649973
2019-04-13 00:00:00-06:00,28.562602,29.373472927338312,24,0.8108709273383141,1.0283892527486926,100.0,1.0279654078490732,0.00042384489961944105,0.012106113177560045
2019-04-14 00:00:00-06:00,26.7166684709993,27.4026772967644,24,0.6860088257651,1.0256771845078572,100.0,1.0279446585841423,0.0,0.0
2019-04-15 00:00:00-06:00,28.753801833333334,29.583428229832176,24,0.829626396498842,1.0288527548916013,100.0,1.0279446585841423,0.0009080963074590276,0.026111221270258618
2019-04-16 00:00:00-06:00,27.916290536723164,28.57511913445902,24,0.6588285977358552,1.0236001483388053,100.0,1.0278935134491267,0.0,0.0
2019-04-17 00:00:00-06:00,27.39120666666667,28.018444297625276,24,0.6272376309586072,1.0228992332682414,100.0,1.0277930693338964,0.0,0.0
2019-04-18 00:00:00-06:00,29.7243175,30.463196769862318,24,0.7388792698623163,1.0248577370990037,100.0,1.026557236983674,0.0,0.0
2019-04-19 00:00:00-06:00,30.459380166666666,31.195789654466484,24,0.7364094877998184,1.0241767719425134,100.0,1.0263025069535534,0.0,0.0
2019-04-20 00:00:00-06:00,28.840696466101694,29.4324562893844,24,0.5917598232827075,1.020518222366032,100.0,1.0260959455863783,0.0,0.0
2019-04-21 00:00:00-06:00,26.239678166666664,26.819923445749676,24,0.5802452790830124,1.0221132772817358,100.0,1.0256771845078572,0.0,0.0
2019-04-22 00:00:00-06:00,27.753581360075064,28.582253391134387,24,0.8286720310593232,1.029858201732891,100.0,1.0256771845078572,0.004181017225033834,0.11603820172285179
2019-04-23 00:00:00-06:00,27.91077511581921,28.625386170452504,24,0.7146110546332949,1.0256034112871437,100.0,1.025677064559687,0.0,0.0
2019-04-24 00:00:00-06:00,28.9291395,29.588602514034854,24,0.6594630140348521,1.0227958046949461,100.0,1.0256034112871437,0.0,0.0
2019-04-25 00:00:00-06:00,27.004453836895358,27.58380488261011,24,0.5793510457147519,1.0214539071670912,100.0,1.0253556673267978,0.0,0.0
2019-04-26 00:00:00-06:00,27.93464239624256,28.59704216208227,24,0.6623997658397123,1.0237124841780258,100.0,1.0248577370990037,0.0,0.0
2019-04-27 00:00:00-06:00,26.9537811613517,27.584861625349014,24,0.6310804639973142,1.023413429834557,100.0,1.0245866105820187,0.0,0.0
2019-04-28 00:00:00-06:00,25.485558417606363,26.107860356588873,24,0.6223019389825097,1.024417826315024,100.0,1.024417826315024,0.0,0.0
2019-04-29 00:00:00-06:00,26.44168633800379,27.37787224649191,24,0.9361859084881203,1.0354056808828629,100.0,1.024417826315024,0.010987854567838795,0.29053740401039563
2019-04-30 00:00:00-06:00,25.406850407456304,26.252750336683075,24,0.8458999292267713,1.0332941673470286,100.0,1.024417826315024,0.00887634103200452,0.22551986876570515
2019-05-01 00:00:00-06:00,27.64764385608441,28.526909896380868,24,0.8792660402964572,1.0318025667891753,100.0,1.024417826315024,0.0073847404741511635,0.2041706745989433
2019-05-02 00:00:00-06:00,29.59940315560323,30.32312543302379,24,0.7237222774205598,1.0244505699529134,100.0,1.024417826315024,3.274363788929868e-05,0.000969192138666437
2019-05-03 00:00:00-06:00,26.819238209483192,27.53092697902928,24,0.7116887695460896,1.0265365020433146,100.0,1.024417826315024,0.0021186757282904978,0.056821269045673146
2019-05-04 00:00:00-06:00,27.465025887359396,28.112268512410992,24,0.6472426250515966,1.0235660664477833,100.0,1.0241767719425134,0.0,0.0
2019-05-05 00:00:00-06:00,26.649858683465805,27.30838985502249,24,0.6585311715566853,1.0247104939421405,100.0,1.0241767719425134,0.0005337219996270903,0.014223615866318746
2019-05-06 00:00:00-06:00,21.60954775465646,22.34997223562918,24,0.7404244809727203,1.0342637656918652,100.0,1.0241767719425134,0.010086993749351736,0.21797537312753756
2019-05-07 00:00:00-06:00,24.844384252495292,25.542450878972495,24,0.6980666264772033,1.0280975619835333,100.0,1.0241767719425134,0.0039207900410198615,0.09740961435245422
2019-05-08 00:00:00-06:00,29.95130768497849,30.780422460436743,24,0.8291147754582511,1.0276820893491097,100.0,1.0241767719425134,0.003505317406596209,0.1049888401784739
2019-05-09 00:00:00-06:00,29.129714285566575,30.05136859442635,24,0.9216543088597753,1.0316396618183257,100.0,1.0241767719425134,0.007462889875812229,0.21739184982705764
2019-05-10 00:00:00-06:00,29.500440676006246,30.28034853355594,24,0.7799078575496949,1.0264371595704338,100.0,1.0241767719425134,0.002260387627920357,0.06668243112224298
2019-05-11 00:00:00-06:00,27.506032314366596,28.120360074925586,24,0.6143277605589894,1.022334292112284,100.0,1.0237124841780258,0.0,0.0
2019-05-12 00:00:00-06:00,28.505922563821116,29.216253738802063,24,0.7103311749809471,1.024918722535312,100.0,1.0237124841780258,0.0012062383572861712,0.03438493720631038
2019-05-13 00:00:00-06:00,28.09743340395647,28.743351736198402,24,0.6459183322419335,1.0229885172412574,100.0,1.0236001483388053,0.0,0.0
2019-05-14 00:00:00-06:00,30.83783090005274,31.54707323756097,24,0.7092423375082291,1.022999099379166,100.0,1.0235660664477833,0.0,0.0
2019-05-15 00:00:00-06:00,29.001638128313374,29.772761818354546,24,0.771123690041172,1.0265889701343576,100.0,1.0235660664477833,0.0030229036865743186,0.08766915881477282
2019-05-16 00:00:00-06:00,28.322151704701426,29.091182386688594,24,0.769030681987168,1.0271529751695918,100.0,1.0235660664477833,0.003586908721808557,0.10158897296997864
2019-05-17 00:00:00-06:00,32.49426695355863,33.2934994172225,24,0.7992324636638699,1.024596106901139,100.0,1.0235660664477833,0.0010300404533556407,0.03347040946430274
2019-05-18 00:00:00-06:00,32.45768359219478,33.27936506253251,24,0.8216814703377295,1.0253154686163533,100.0,1.0235660664477833,0.0017494021685700023,0.056781542062944536
2019-05-19 00:00:00-06:00,32.108947732213885,33.012402248189844,24,0.9034545159759588,1.0281371573902296,100.0,1.0235660664477833,0.004571090942446343,0.14677292015020593
2019-05-20 00:00:00-06:00,31.557438345251402,32.557290598872335,24,0.9998522536209329,1.03168356831382,100.0,1.0235660664477833,0.008117501866036658,0.256167564654915
2019-05-21 00:00:00-06:00,31.64153787759835,32.61596091216381,24,0.9744230345654579,1.0307956913578253,100.0,1.0235660664477833,0.007229624910042087,0.22875645043192527
2019-05-22 00:00:00-06:00,30.90731321812719,31.846520665332672,24,0.939207447205483,1.0303878710057086,100.0,1.0235660664477833,0.0068218045579253594,0.21084365018464676
2019-05-23 00:00:00-06:00,27.177048740185526,28.056608682155588,24,0.8795599419700615,1.0323640712565487,100.0,1.0235660664477833,0.00879800480876547,0.2391038055042058
2019-05-24 00:00:00-06:00,31.83555280390317,32.696324336174655,24,0.8607715322714853,1.027038058285765,100.0,1.0235660664477833,0.003471991837981747,0.11053277949278872
2019-05-25 00:00:00-06:00,30.310518874632546,31.045117500356177,24,0.7345986257236312,1.024235765437141,100.0,1.0235660664477833,0.0006696989893577587,0.020298923857250687
2019-05-26 00:00:00-06:00,24.96458703894858,25.643944781837174,24,0.6793577428885946,1.0272128572296706,100.0,1.0235660664477833,0.0036467907818873435,0.09104062588726193
2019-05-27 00:00:00-06:00,24.744909200390072,25.35260774884434,24,0.6076985484542661,1.0245585281211977,100.0,1.0235660664477833,0.0009924616734144909,0.024558373993508763
2019-05-28 00:00:00-06:00,30.364366384845106,31.12261289732406,24,0.758246512478955,1.0249715901484246,100.0,1.0235660664477833,0.0014055237006413979,0.04267783660885876
2019-05-29 00:00:00-06:00,32.267333652775484,33.08981179870045,24,0.8224781459249684,1.0254894982887508,100.0,1.0235660664477833,0.0019234318409675488,0.06206401697087209
2019-05-30 00:00:00-06:00,28.740822645774422,29.46707650092069,21,0.7262538551462683,1.0252690698556968,87.5,1.0235660664477833,0.001703003407913517,0.04894571891199183
2019-05-31 00:00:00-06:00,32.82280180131372,33.602978931404216,24,0.7801771300904932,1.0237693642003245,100.0,1.0235660664477833,0.00020329775254124272,0.006672801838313733
2019-06-01 00:00:00-06:00,31.391302719867905,32.16943906086444,24,0.7781363409965358,1.0247882780762725,100.0,1.0235660664477833,0.0012222116284892337,0.038366815217648266
2019-06-02 00:00:00-06:00,29.57676744685871,30.40113324655385,24,0.8243657996951406,1.027872072266731,100.0,1.0235660664477833,0.004306005818947689,0.1273577327318362
2019-06-03 00:00:00-06:00,28.119838278305753,28.926878107009852,24,0.8070398287040987,1.0287000167183296,100.0,1.0235660664477833,0.005133950270546306,0.1443658513366262
2019-06-04 00:00:00-06:00,29.083544175063455,29.883722946261393,24,0.8001787711979382,1.0275131107261686,100.0,1.0235660664477833,0.0039470442783853255,0.11479403663135107
2019-06-05 00:00:00-06:00,28.002340045037503,28.781036274223098,24,0.778696229185595,1.027808255593396,100.0,1.0235660664477833,0.004242189145612807,0.11879122299081693
2019-06-06 00:00:00-06:00,24.61722896171526,25.358026207516815,21,0.7407972458015557,1.0300926333728968,87.5,1.0235660664477833,0.006526566925113553,0.16066599232947826
2019-06-07 00:00:00-06:00,33.77316077570453,34.63520868225688,24,0.8620479065523483,1.025524644029542,100.0,1.0235660664477833,0.001958577581758769,0.0661473555604295
2019-06-08 00:00:00-06:00,30.827387907106772,31.61065121406586,21,0.7832633069590891,1.0254080335745384,87.5,1.0235660664477833,0.0018419671267551063,0.05678303512861857
2019-06-09 00:00:00-06:00,23.87125687556869,24.400556791526533,17,0.5292999159578429,1.0221731062891608,70.83333333333333,1.0233719967890178,0.0,0.0
2019-06-10 00:00:00-06:00,33.84124594796487,34.631066872812106,24,0.7898209248472341,1.0233390025314577,100.0,1.0233050122162286,3.399031522910434e-05,0.0011502746175169759
2019-06-11 00:00:00-06:00,32.868666652704356,33.62884164481256,24,0.7601749921082046,1.023127649202821,100.0,1.0231147942204555,1.2854982365473333e-05,0.0004225261301971359
2019-06-12 00:00:00-06:00,34.17904472865407,34.96003699202668,24,0.7809922633726103,1.0228500319295895,100.0,1.0229980411653752,0.0,0.0
2019-06-13 00:00:00-06:00,34.30735031292063,35.147453732881516,24,0.840103419960883,1.0244875635191357,100.0,1.0229980411653752,0.0014895223537605418,0.051101565189389
2019-06-14 00:00:00-06:00,32.70063167740231,33.53723512040037,24,0.8366034429980544,1.0255837089402828,100.0,1.0229980411653752,0.0025856677749076518,0.0845529695473835
2019-06-15 00:00:00-06:00,32.696310833333335,33.483017172081006,24,0.7867063387476705,1.0240610123496146,100.0,1.0229980411653752,0.0010629711842393696,0.034755236246766866
2019-06-16 00:00:00-06:00,31.8406885,32.68496434536696,24,0.8442758453669583,1.0265156278064451,100.0,1.0229980411653752,0.0035175866410699363,0.11200238051006915
2019-06-17 00:00:00-06:00,33.4190974661017,34.303094722423026,24,0.8839972563213294,1.02645185906705,100.0,1.0229980411653752,0.0034538179016747605,0.11542347708623567
2019-06-18 00:00:00-06:00,34.24032757628004,35.131670679795135,24,0.8913431035150978,1.02603196775876,100.0,1.0229980411653752,0.0030339265933847503,0.10388264039988122
2019-06-19 00:00:00-06:00,33.21072907142857,34.0243078588169,24,0.8135787873883302,1.0244974684427588,100.0,1.0229980411653752,0.0014994272773836137,0.049797073071496965
2019-06-20 00:00:00-06:00,29.763784833333332,30.480984310666035,24,0.7171994773327022,1.0240963802603993,100.0,1.0229980411653752,0.0010983390950241034,0.032690728498335465
2019-06-21 00:00:00-06:00,32.32893083749628,33.1070913451897,24,0.7781605076934213,1.0240700972019428,100.0,1.0229980411653752,0.0010720560365675702,0.03465842546011336
2019-06-22 00:00:00-06:00,33.517085,34.274059912156495,24,0.7569749121564939,1.0225847478131376,100.0,1.022979588843956,0.0,0.0
2019-06-23 00:00:00-06:00,31.5592175,32.291884156497794,24,0.7326666564977948,1.0232156154219538,100.0,1.022979588843956,0.0002360265779979276,0.007448814110817311
2019-06-24 00:00:00-06:00,31.771541734463277,32.56721057416069,24,0.795668839697413,1.0250434444241758,100.0,1.022979588843956,0.002063855580219931,0.06557187370086245
2019-06-25 00:00:00-06:00,31.704354002824857,32.530776160262505,24,0.8264221574376478,1.0260665193608427,100.0,1.022979588843956,0.003086930516886799,0.09786913788950219
2019-06-26 00:00:00-06:00,32.32415974193593,33.167337575573065,24,0.8431778336371352,1.02608506579502,100.0,1.022979588843956,0.0031054769510641123,0.10038193304109651
2019-06-27 00:00:00-06:00,32.05208011930116,32.934923788635736,24,0.8828436693345765,1.0275440366443782,100.0,1.022979588843956,0.004564447800422311,0.14630004659950385
2019-06-28 00:00:00-06:00,32.124568843423944,33.00009901813159,24,0.8755301747076487,1.027254223363277,100.0,1.022979588843956,0.0042746345193211965,0.1373207908964102
2019-06-29 00:00:00-06:00,28.597468666666668,29.50008734971647,24,0.902618683049802,1.03156288738597,100.0,1.022979588843956,0.008583298542014006,0.24546061111189124
2019-06-30 00:00:00-06:00,24.658563833333332,25.54570271929948,24,0.8871388859661486,1.0359769081428383,100.0,1.022979588843956,0.01299731929888237,0.3204952275937062
2019-07-01 00:00:00-06:00,30.040238432063532,31.12578242093689,24,1.0855439888733578,1.0361363306529119,100.0,1.022979588843956,0.013156741808955985,0.3952316609301367
2019-07-02 00:00:00-06:00,33.04641028828436,34.08396432167677,24,1.0375540333924036,1.0313968756164793,100.0,1.022979588843956,0.008417286772523402,0.2781611121989572
2019-07-03 00:00:00-06:00,33.55376862962963,34.571195293794545,24,1.0174266641649155,1.030322276922017,100.0,1.022979588843956,0.007342688078061155,0.24637485689080385
2019-07-04 00:00:00-06:00,30.984158500000003,32.06587498324566,24,1.0817164832456605,1.0349119206592512,100.0,1.022979588843956,0.011932331815295294,0.36971326023970214
2019-07-05 00:00:00-06:00,31.505062666666667,32.576667176695025,24,1.071604510028358,1.0340137241232072,100.0,1.022979588843956,0.011034135279251345,0.3476311234452911
2019-07-06 00:00:00-06:00,27.3511585,28.335387743714808,24,0.9842292437148075,1.0359849197508328,100.0,1.022979588843956,0.013005330906876944,0.35571086697894005
2019-07-07 00:00:00-06:00,24.344607,25.281436358832504,24,0.9368293588325045,1.0384820078973755,100.0,1.022979588843956,0.015502419053419647,0.3774002994048133
2019-07-08 00:00:00-06:00,23.270822884615388,24.217550822712404,24,0.9467279380970162,1.0406830451501958,100.0,1.022979588843956,0.01770345630623993,0.41197399614803676
2019-07-09 00:00:00-06:00,24.760394934086627,25.71358288788636,24,0.9531879537997341,1.0384964761804958,100.0,1.022979588843956,0.015516887336539886,0.38420425860045515
2019-07-10 00:00:00-06:00,27.755294896226417,28.744634994852856,24,0.9893400986264389,1.0356450941099873,100.0,1.022979588843956,0.012665505266031385,0.3515348336684097
2019-07-11 00:00:00-06:00,28.8629915,29.86392042693126,24,1.000928926931259,1.0346786273672033,100.0,1.022979588843956,0.011699038523247385,0.3376692494546618
2019-07-12 00:00:00-06:00,28.806137333333332,29.78294594400914,24,0.9768086106758069,1.0339097394201993,100.0,1.022979588843956,0.010930150576243358,0.31485541857327864
2019-07-13 00:00:00-06:00,31.584838491525424,32.70931132568287,24,1.1244728341574444,1.0356016648449589,100.0,1.022979588843956,0.012622076001002958,0.3986662319194375
2019-07-14 00:00:00-06:00,31.170496166666666,32.18918279772555,24,1.018686631058884,1.0326811169643253,100.0,1.022979588843956,0.009701528120369396,0.3024014450867831
2019-07-15 00:00:00-06:00,29.302290499999998,30.460988208489884,24,1.1586977084898855,1.0395429056472525,100.0,1.022979588843956,0.01656331680329659,0.48534312061372803
2019-07-16 00:00:00-06:00,30.77340284180791,31.87009141161192,24,1.0966885698040088,1.0356375463396619,100.0,1.0229980411653752,0.012639505174286692,0.3889605844494399
2019-07-17 00:00:00-06:00,26.522613333333336,27.517124563079523,24,0.9945112297461876,1.0374967284425285,100.0,1.0229980411653752,0.01449868727715331,0.3845430764928568
2019-07-18 00:00:00-06:00,27.169554695543,28.108840761691216,24,0.9392860661482167,1.0345712720239135,100.0,1.0229980411653752,0.011573230858538341,0.31443952881520354
2019-07-19 00:00:00-06:00,30.3346495,31.345166321300766,24,1.0105168213007651,1.0333122959373822,100.0,1.0231147942204555,0.010197501716926682,0.30933764035861916
2019-07-20 00:00:00-06:00,31.24911833333333,32.46545675706215,24,1.2163384237288177,1.03892392773307,100.0,1.0232068188000405,0.015717108933029467,0.4911457969061282
2019-07-21 00:00:00-06:00,30.247315333333336,31.54680007866846,24,1.2994847453351248,1.0429619862461994,100.0,1.0232068188000405,0.019755167446158906,0.5975407792067698
2019-07-22 00:00:00-06:00,32.44350034770889,33.75280735300679,24,1.309307005297896,1.040356527232437,100.0,1.0232068188000405,0.017149708432396604,0.5563965714895653
2019-07-23 00:00:00-06:00,31.046796545454544,32.17304518508596,24,1.1262486396314166,1.0362758405036254,100.0,1.0233266638205074,0.012949176683118013,0.4020304539119089
2019-07-24 00:00:00-06:00,33.393788,34.5217870025809,24,1.1279990025809,1.0337787076620628,100.0,1.0234059871042471,0.010372720557815684,0.3463844312909387
2019-07-25 00:00:00-06:00,33.27007416666667,34.41369271536893,24,1.143618548702264,1.0343737901807282,100.0,1.0234059871042471,0.010967803076481042,0.3648996217999191
2019-07-26 00:00:00-06:00,31.636367999999997,32.73395285368594,24,1.0975848536859445,1.034693769325415,100.0,1.0235433600561508,0.01115040926926425,0.35275845099305486
2019-07-27 00:00:00-06:00,11.629080166666666,12.75143160780531,24,1.122351441138644,1.0965124863749522,100.0,1.0235433600561508,0.07296912631880148,0.8485638196529689
2019-07-28 00:00:00-06:00,10.336041794871795,11.397798840191296,24,1.061757045319501,1.102723756965291,100.0,1.0235433600561508,0.07918039690914025,0.8184118917874111
2019-07-29 00:00:00-06:00,22.955515454315215,24.126834735118962,24,1.171319280803747,1.0510256144382748,100.0,1.0235433600561508,0.02748225438212404,0.6308693151882704
2019-07-30 00:00:00-06:00,34.85680292655368,36.071119553043296,24,1.2143166264896195,1.0348372921362952,100.0,1.0235433600561508,0.011293932080144398,0.39367036478347567
2019-07-31 00:00:00-06:00,33.311462500000005,34.48938263539841,24,1.1779201353984021,1.0353608051702443,100.0,1.0235433600561508,0.01181744511409355,0.3936563797639356
2019-08-01 00:00:00-06:00,27.456972,28.58943200158406,24,1.132460001584061,1.0412448977106457,100.0,1.0235433600561508,0.017701537654494892,0.4860306237364119
2019-08-02 00:00:00-06:00,19.478196,20.576719550903118,24,1.098523550903117,1.0563976022678443,100.0,1.0237263280334379,0.03267127423440641,0.6363774831075181
2019-08-03 00:00:00-06:00,17.310570666666667,18.28717348562976,24,0.9766028189630944,1.056416558285028,100.0,1.0237263280334379,0.032690230251590124,0.5658865408797553
2019-08-04 00:00:00-06:00,17.291694,18.21991423750383,24,0.9282202375038295,1.0536801216528484,100.0,1.0237263280334379,0.02995379361941053,0.5179518334059994
2019-08-05 00:00:00-06:00,17.274100666666666,18.244998768163732,24,0.9708981014970668,1.0562054210654557,100.0,1.0237263280334379,0.03247909303201779,0.5610471225971072
2019-08-06 00:00:00-06:00,17.2827602740113,18.221913158534946,24,0.9391528845236472,1.0543404450234657,100.0,1.0237263280334379,0.030614116990027807,0.529096444939187
2019-08-07 00:00:00-06:00,21.101790700251097,22.148050445680113,24,1.0462597454290155,1.0495815620717235,100.0,1.0237263280334379,0.0258552340382856,0.5455917371819108
2019-08-08 00:00:00-06:00,27.503352864406782,28.74608503350867,24,1.2427321691018882,1.0451847516638657,100.0,1.0237263280334379,0.021458423630427825,0.5901785970215813
2019-08-09 00:00:00-06:00,30.103089166666667,31.308766369569454,24,1.2056772029027876,1.0400516105250035,100.0,1.0240318475346855,0.016019762990318043,0.48224435372641067
2019-08-10 00:00:00-06:00,29.74953233333333,30.804459665887396,24,1.0549273325540653,1.0354602997026632,100.0,1.0240318475346855,0.01142845216797772,0.33999110729120663
2019-08-11 00:00:00-06:00,24.941725833333333,25.93157616091954,24,0.9898503275862076,1.0396865210611579,100.0,1.02406918871671,0.015617332344447954,0.38952322158326974
2019-08-12 00:00:00-06:00,22.34995976415094,23.28624096940546,24,0.9362812052545166,1.0418918519377516,100.0,1.0240937519545537,0.017798099983197924,0.39778681850280917
2019-08-13 00:00:00-06:00,29.421022201149427,30.455970543247794,24,1.0349483420983674,1.0351771714464066,100.0,1.0240937519545537,0.011083419491852986,0.326085530934459
2019-08-14 00:00:00-06:00,27.97094804542157,29.048276464272558,24,1.077328418850989,1.0385159779747735,100.0,1.0240937519545537,0.014422226020219808,0.40340333471089534
2019-08-15 00:00:00-06:00,28.6865225,29.653025714856252,24,0.9665032148562531,1.033691891893005,100.0,1.0240937519545537,0.009598139938451267,0.2753372573025309
2019-08-16 00:00:00-06:00,30.016175347971238,31.075932359216946,24,1.0597570112457078,1.0353061973739215,100.0,1.0240937519545537,0.011212445419367834,0.3365547277873018
2019-08-17 00:00:00-06:00,29.371979674888564,30.33810402557083,24,0.9661243506822643,1.0328927216134582,100.0,1.0240937519545537,0.008798969658904587,0.2584431579813067
2019-08-18 00:00:00-06:00,26.121320429211544,27.11235404462866,24,0.9910336154171162,1.0379396446708276,100.0,1.0240937519545537,0.0138458927162739,0.3616730002702767
2019-08-19 00:00:00-06:00,26.867131368774345,27.864504566506984,24,0.9973731977326388,1.0371224297839186,100.0,1.0240937519545537,0.013028677829364899,0.3500431988029845
2019-08-20 00:00:00-06:00,30.706421284716026,31.818713285364456,24,1.1122920006484307,1.0362234332140186,100.0,1.0240937519545537,0.012129681259464897,0.37245910280245403
2019-08-21 00:00:00-06:00,30.41856616666667,31.5938671920009,24,1.1753010253342318,1.0386376208166628,100.0,1.0240937519545537,0.014543868862109122,0.4424036373013894
2019-08-22 00:00:00-06:00,31.06717623263543,32.11900991158486,24,1.051833678949432,1.0338567519324302,100.0,1.0240937519545537,0.009762999977876552,0.3033088408719066
2019-08-23 00:00:00-06:00,31.064164053672314,32.10201941496201,24,1.0378553612896937,1.0334100528022097,100.0,1.0240937519545537,0.009316300847656,0.28940309790495244
2019-08-24 00:00:00-06:00,28.65192438418079,29.679304612430407,24,1.0273802282496156,1.0358572853423014,100.0,1.0240937519545537,0.011763533387747716,0.3370478691165336
2019-08-25 00:00:00-06:00,27.292146333333335,28.287800332354117,24,0.9956539990207816,1.0364813374096833,100.0,1.0240937519545537,0.012387585455129635,0.3380837949580696
2019-08-26 00:00:00-06:00,27.823889166666667,28.83918713618492,24,1.015297969518251,1.036490152883968,100.0,1.0240937519545537,0.012396400929414408,0.34491608552559017
2019-08-27 00:00:00-06:00,28.92688934180791,29.95684949792615,24,1.0299601561182392,1.0356056312847175,100.0,1.0240937519545537,0.011511879330163843,0.3330028594998953
2019-08-28 00:00:00-06:00,29.22362019448066,30.221473170134878,24,0.9978529756542187,1.034145426508201,100.0,1.0240937519545537,0.010051674553647416,0.293746319474318
2019-08-29 00:00:00-06:00,27.71484527118644,28.711540788525227,24,0.9966955173387859,1.0359625142260849,100.0,1.024448445193262,0.011514069032822816,0.31911064168644365
2019-08-30 00:00:00-06:00,29.73552479130534,30.764364714988435,24,1.028839923683094,1.0345996894591187,100.0,1.024448445193262,0.010151244265856674,0.3018525755299773
2019-08-31 00:00:00-06:00,30.098255,31.13803515190306,24,1.0397801519030594,1.034546193854197,100.0,1.024448445193262,0.010097748660935046,0.3039246141227316
2019-09-01 00:00:00-06:00,29.143983836158192,30.18396711411984,24,1.0399832779616496,1.0356843211212383,100.0,1.024448445193262,0.011235875927976258,0.327458186430019
2019-09-02 00:00:00-06:00,27.40914781920904,28.381144065856084,24,0.9719962466470449,1.0354624759973692,100.0,1.024448445193262,0.011014030804107122,0.3018851983950939
2019-09-03 00:00:00-06:00,26.440712655172415,27.520880635863474,24,1.0801679806910585,1.0408524533653125,100.0,1.024448445193262,0.016404008172050455,0.43373366647028616
2019-09-04 00:00:00-06:00,28.580210381355933,29.63178529102165,24,1.0515749096657174,1.0367938127688416,100.0,1.024448445193262,0.01234536757557958,0.3528332025452344
2019-09-05 00:00:00-06:00,28.756996253802697,29.815045827858306,24,1.0580495740556088,1.0367927708693045,100.0,1.024448445193262,0.012344325676042489,0.3549857272216743
2019-09-06 00:00:00-06:00,30.156535240112998,31.41644503905585,24,1.2599097989428536,1.0417789971199003,100.0,1.024448445193262,0.017330551926638238,0.5226293999062742
2019-09-07 00:00:00-06:00,30.244542166666665,31.29738783199814,24,1.0528456653314748,1.0348110961485093,100.0,1.0244964779503964,0.010314618198112857,0.31196090502589163
2019-09-08 00:00:00-06:00,29.60557275141243,30.63238100220119,24,1.0268082507887577,1.0346829382228306,100.0,1.0249888468260342,0.009694091396796445,0.2869991281066985
2019-09-09 00:00:00-06:00,28.481622833333336,29.500801737386475,24,1.0191789040531383,1.035783737114177,100.0,1.0255296824886722,0.010254054625504772,0.292052116356024
2019-09-10 00:00:00-06:00,27.981859833333335,29.00109711584997,24,1.0192372825166345,1.036424929886271,100.0,1.0259871418769122,0.010437788009358906,0.2920687210479283
2019-09-11 00:00:00-06:00,28.69791992886179,29.713410732122448,24,1.0154908032606578,1.035385519430604,100.0,1.0260630642006345,0.00932245522996955,0.26753507373006497
2019-09-12 00:00:00-06:00,29.151512333333333,29.99193299026325,24,0.8404206569299184,1.0288294016214363,100.0,1.0260832111516023,0.0027461904698340422,0.08005560535104954
2019-09-13 00:00:00-06:00,29.326283,30.151646532307293,24,0.8253635323072928,1.0281441576590968,100.0,1.0264151797398469,0.0017289779192499743,0.05070449576067589
2019-09-14 00:00:00-06:00,28.954179833333335,29.759519864558303,24,0.8053400312249686,1.027814292646543,100.0,1.0264151797398469,0.0013991129066961427,0.04051016670761784
2019-09-15 00:00:00-06:00,27.797068330508473,28.580544145762712,24,0.7834758152542385,1.0281855556110693,100.0,1.0271373076064514,0.001048248004617891,0.02913822141168268
2019-09-16 00:00:00-06:00,28.247431,29.027765905397242,24,0.7803349053972433,1.0276249866898424,100.0,1.0275150553162682,0.00010993137357417915,0.0031052788897718486
2019-09-17 00:00:00-06:00,29.13243316666667,29.913524688345554,24,0.781091521678885,1.026811750230757,100.0,1.0275150553162682,0.0,0.0
2019-09-18 00:00:00-06:00,27.48194516666667,28.247949333333334,24,0.766004166666665,1.027872996690051,100.0,1.027616891685296,0.0002561050047551472,0.007038263697589862
2019-09-19 00:00:00-06:00,28.025972788135594,28.813095838020924,24,0.7871230498853308,1.0280854854115375,100.0,1.0277953620508729,0.0002901233606646958,0.008130989411191213
2019-09-20 00:00:00-06:00,30.51048683333333,31.29047457142857,24,0.7799877380952402,1.0255645785777199,100.0,1.0277953620508729,0.0,0.0
2019-09-21 00:00:00-06:00,30.1360885,30.90031890804598,24,0.7642304080459787,1.0253593099199314,100.0,1.0277953620508729,0.0,0.0
2019-09-22 00:00:00-06:00,30.45458633333333,31.222553,24,0.7679666666666698,1.0252167820722,100.0,1.0277953620508729,0.0,0.0
2019-09-23 00:00:00-06:00,29.731565166666666,30.534971817517935,24,0.8034066508512687,1.0270220099866119,100.0,1.0277953620508729,0.0,0.0
2019-09-24 00:00:00-06:00,29.170120999999998,30.018203156049093,24,0.8480821560490952,1.0290736591750544,100.0,1.0278671262857002,0.0012065328893542393,0.03519471037294277
2019-09-25 00:00:00-06:00,28.077673666666666,28.893561833333333,24,0.8158881666666673,1.0290582537696231,100.0,1.0280642365393888,0.0009940172302342898,0.027909691409562256
2019-09-26 00:00:00-06:00,27.908669144067797,28.735702695683003,24,0.8270335516152052,1.0296335718247962,100.0,1.028138290434341,0.0014952813904551832,0.041731313603495364
2019-09-27 00:00:00-06:00,25.0797855,25.881568122807018,24,0.8017826228070177,1.031969277520616,100.0,1.028138290434341,0.0038309870862749396,0.09608033437704548
2019-09-28 00:00:00-06:00,14.304606666666666,15.116149220551378,24,0.8115425538847116,1.0567329513348878,100.0,1.028138290434341,0.028594660900546742,0.4090353769490336
2019-09-29 00:00:00-06:00,25.797425500000003,26.591746833333335,24,0.7943213333333325,1.0307907210870066,100.0,1.028138290434341,0.002652430652665627,0.0684258821560579
2019-09-30 00:00:00-06:00,23.372778728813557,24.189684298983405,24,0.8169055701698476,1.03495115320468,100.0,1.028138290434341,0.00681286277033899,0.15923553404090496
2019-10-01 00:00:00-06:00,13.501713634567901,14.065279967901235,18,0.5635663333333341,1.0417403559715899,75.0,1.028138290434341,0.013602065537248853,0.183651193722559
2019-10-02 00:00:00-06:00,16.275939802799282,17.04989140824082,24,0.773951605441539,1.047551884242557,100.0,1.028138290434341,0.019413593808216056,0.3159744841785214
2019-10-03 00:00:00-06:00,19.134304612947034,19.874021612947036,24,0.7397170000000024,1.0386592047614567,100.0,1.028138290434341,0.01052091432711566,0.2013103795417497
2019-10-04 00:00:00-06:00,19.231514897954632,19.995505432101275,24,0.7639905341466431,1.0397259674134094,100.0,1.028138290434341,0.011587676979068373,0.22284858245563935
2019-10-05 00:00:00-06:00,18.34612771305382,19.048008634250003,24,0.7018809211961816,1.0382577147708818,100.0,1.028138290434341,0.010119424336540783,0.18565225126076215
2019-10-06 00:00:00-06:00,18.376041333333333,19.063134114243287,24,0.6870927809099534,1.037390685428183,100.0,1.028138290434341,0.009252394993841895,0.17002239283916507
2019-10-07 00:00:00-06:00,20.21819944883867,20.944159631201128,24,0.7259601823624564,1.0359062726727704,100.0,1.028138290434341,0.0077679822384293384,0.15705461421160063
2019-10-08 00:00:00-06:00,25.769713833333334,26.507540022988504,24,0.7378261896551699,1.0286315243710928,100.0,1.028138290434341,0.0004932339367518246,0.012710497402982954
2019-10-09 00:00:00-06:00,27.8361095,28.62327565305505,24,0.7871661530550504,1.028278598094143,100.0,1.028138290434341,0.00014030765980188598,0.0039056193819340464
2019-10-10 00:00:00-06:00,28.600005309523812,29.30257530952381,24,0.7025699999999979,1.0245653800548786,100.0,1.0280642365393888,0.0,0.0
2019-10-11 00:00:00-06:00,25.897830172413794,26.63760597713518,24,0.7397758047213863,1.0285651654905588,100.0,1.0280642365393888,0.0005009289511699322,0.012972972905844267
2019-10-12 00:00:00-06:00,26.652831166666665,27.38761016976111,24,0.7347790030944452,1.027568516023671,100.0,1.0278671262857002,0.0,0.0
2019-10-13 00:00:00-06:00,24.157724951430453,24.865789217680476,24,0.7080642662500232,1.0293100557967938,100.0,1.0278671262857002,0.0014429295110935936,0.03485789425330105
2019-10-14 00:00:00-06:00,27.26723633419918,28.011514851848748,24,0.744278517649569,1.0272957078791325,100.0,1.0277953620508729,0.0,0.0
2019-10-15 00:00:00-06:00,27.751529076271186,28.551373670894584,24,0.7998445946233979,1.0288216405094341,100.0,1.0277953620508729,0.0010262784585612916,0.028480796483114457
2019-10-16 00:00:00-06:00,25.820145,26.57799918747095,24,0.7578541874709508,1.0293512754274212,100.0,1.0277953620508729,0.001555913376548368,0.04017390898991846
2019-10-17 00:00:00-06:00,29.59065961479199,30.376137727272727,24,0.7854781124807388,1.026544799024625,100.0,1.0276193396232252,0.0,0.0
2019-10-18 00:00:00-06:00,28.20042116666667,28.963769985875704,24,0.7633488192090354,1.027068702793394,100.0,1.027541235209217,0.0,0.0
2019-10-19 00:00:00-06:00,30.591468666666668,31.32900463968467,24,0.7375359730180016,1.0241092044665918,100.0,1.0272730073705587,0.0,0.0
2019-10-20 00:00:00-06:00,28.329181666666667,29.048170219840756,24,0.7189885531740892,1.0253797854676503,100.0,1.027064033512716,0.0,0.0
2019-10-21 00:00:00-06:00,28.129584333333334,28.946682462006656,24,0.8170981286733223,1.029047643185579,100.0,1.027064033512716,0.0019836096728631514,0.05579811557721976
2019-10-22 00:00:00-06:00,27.430211854825917,28.220689085044842,24,0.7904772302189258,1.0288177588420577,100.0,1.027064033512716,0.0017537253293418154,0.04810505731902035
2019-10-23 00:00:00-06:00,29.013305877192984,29.902172731459057,24,0.8888668542660731,1.0306365244287725,100.0,1.027064033512716,0.003572490916056603,0.1036497716910436
2019-10-24 00:00:00-06:00,28.4616550267689,29.33081442547027,24,0.8691593987013704,1.0305379078582713,100.0,1.027064033512716,0.00347387434555535,0.09887221322953894
2019-10-25 00:00:00-06:00,25.909039118351842,26.69866696667177,24,0.7896278483199275,1.0304769252426895,100.0,1.027064033512716,0.0034128917299736106,0.08842474533858577
2019-10-26 00:00:00-06:00,28.516700833333335,29.265420155172414,24,0.7487193218390793,1.0262554678472446,100.0,1.0270009840110264,0.0,0.0
2019-10-27 00:00:00-06:00,26.068677666666666,26.735010635442,24,0.6663329687753325,1.0255606738974472,100.0,1.0267850551101438,0.0,0.0
2019-10-28 00:00:00-06:00,27.749980833333336,28.43342991711892,24,0.683449083785586,1.024628812822985,100.0,1.026515865906887,0.0,0.0
2019-10-29 00:00:00-06:00,27.916290762711867,28.600762387634575,24,0.6844716249227076,1.0245187167142193,100.0,1.026186378920292,0.0,0.0
2019-10-30 00:00:00-06:00,26.530795777374472,27.221921315210878,24,0.6911255378364061,1.0260499362188675,100.0,1.0260014004547529,4.853576411467664e-05,0.0012876924456253064
2019-10-31 00:00:00-06:00,27.465798781866788,28.313936375369174,24,0.8481375935023863,1.0308797716111695,100.0,1.0260014004547529,0.00487837115641665,0.1339883605654025
2019-11-01 00:00:00-06:00,29.920887056497175,30.80280417217216,24,0.8819171156749839,1.0294749655653501,100.0,1.0260014004547529,0.0034735651105972654,0.10393214935756989
2019-11-02 00:00:00-06:00,29.398767581920904,30.185694867633465,24,0.7869272857125615,1.0267673562682433,100.0,1.0260014004547529,0.000765955813490482,0.022518156938827836
2019-11-03 00:00:00-06:00,28.61587681549212,29.400850758169593,25,0.7849739426774747,1.0274314132584086,100.0,1.0260014004547529,0.0014300128036557336,0.04092107023398899
2019-11-04 00:00:00-07:00,27.3827735,28.280546798088878,24,0.8977732980888788,1.032786061575862,100.0,1.0260014004547529,0.006784661121109092,0.18578283875358634
2019-11-05 00:00:00-07:00,26.20189979161234,27.016386817054173,24,0.8144870254418315,1.031085037036229,100.0,1.0260014004547529,0.0050836365814761475,0.13320093628481275
2019-11-06 00:00:00-07:00,27.20176512127759,28.00962135449547,24,0.8078562332178798,1.0296986695391308,100.0,1.0260014004547529,0.003697269084377952,0.1005722452234101
2019-11-07 00:00:00-07:00,26.528161364109216,27.337657340709622,23,0.809495976600406,1.0305145903438147,95.83333333333333,1.0260014004547529,0.004513189889061797,0.11972662964389753
2019-11-08 00:00:00-07:00,27.17116627037037,27.924215743351763,24,0.7530494729813917,1.0277150220748006,100.0,1.0260014004547529,0.0017136216200477339,0.04656109796281842
2019-11-09 00:00:00-07:00,27.909437830444034,28.637798703398925,24,0.7283608729548909,1.02609729645505,100.0,1.0260014004547529,9.589600029724643e-05,0.002676403458484242
2019-11-10 00:00:00-07:00,28.29573426584565,29.07556000388864,24,0.7798257380429909,1.027559833956466,100.0,1.0260014004547529,0.0015584335017131412,0.044097020235466355
2019-11-11 00:00:00-07:00,28.047563666666665,28.74788665787335,24,0.7003229912066864,1.0249691202961415,100.0,1.0255641881096926,0.0,0.0
2019-11-12 00:00:00-07:00,26.379603706214688,27.153453124478418,24,0.7738494182637297,1.0293351419104686,100.0,1.0255641881096926,0.003770953800775967,0.09947626685891406
2019-11-13 00:00:00-07:00,26.258535830971166,27.102345153953,24,0.8438093229818335,1.0321346676910517,100.0,1.0255641881096926,0.006570479581359034,0.17253117351378064
2019-11-14 00:00:00-07:00,26.065471238031517,26.996102739376568,24,0.9306315013450508,1.0357036131381039,100.0,1.0255641881096926,0.010139425028411253,0.2642888914482304
2019-11-15 00:00:00-07:00,26.616396181432975,27.477769931595844,24,0.8613737501628691,1.0323625236223282,100.0,1.0255641881096926,0.006798335512635534,0.18094719137861262
2019-11-16 00:00:00-07:00,26.929427342176368,27.71310697706559,24,0.7836796348892214,1.0291012365369476,100.0,1.0255641881096926,0.0035370484272549962,0.09525068862752262
2019-11-17 00:00:00-07:00,16.4772310224274,16.78806151946239,23,0.31083049703498844,1.0188642434285173,95.83333333333333,1.0255425850544675,0.0,0.0
2019-11-18 00:00:00-07:00,16.286872824964803,16.649760992129096,24,0.36288816716429295,1.0222810217200229,100.0,1.0253777379128783,0.0,0.0
2019-11-19 00:00:00-07:00,23.596492062314002,24.252257119742158,24,0.6557650574281553,1.0277907858378441,100.0,1.0253777379128783,0.002413047924965772,0.056939466207438116
2019-11-20 00:00:00-07:00,25.320722912429382,26.24037933751789,24,0.9196564250885082,1.0363203068201923,100.0,1.0253777379128783,0.010942568907313932,0.27707375525226124
2019-11-21 00:00:00-07:00,24.91904244887946,25.729748355695143,24,0.8107059068156843,1.0325335898632069,100.0,1.0253777379128783,0.007155851950328529,0.17831697850813347
2019-11-22 00:00:00-07:00,25.070051612085663,25.958736087623837,24,0.8886844755381738,1.0354480512959838,100.0,1.0253777379128783,0.01007031338310549,0.2524632762643316
2019-11-23 00:00:00-07:00,22.0068065,22.80462488250885,24,0.7978183825088507,1.036253255669279,100.0,1.0253777379128783,0.01087551775640061,0.23933541485242235
2019-11-24 00:00:00-07:00,23.08978056321839,23.78501193216191,24,0.6952313689435208,1.0301099166811059,100.0,1.0253777379128783,0.004732178768227513,0.10926496934429437
2019-11-25 00:00:00-07:00,24.826966166666665,25.73095439188585,24,0.9039882252191838,1.036411546185329,100.0,1.0253777379128783,0.011033808272450596,0.2739359846696177
2019-11-26 00:00:00-07:00,25.594806646892657,26.309888360510424,24,0.7150817136177672,1.0279385472015115,100.0,1.0253777379128783,0.0025608092886331146,0.0655434186021313
2019-11-27 00:00:00-07:00,26.771845,27.453675587179156,24,0.6818305871791566,1.025468195680169,100.0,1.0253777379128783,9.045776729066368e-05,0.002421721324951718
2019-11-28 00:00:00-07:00,27.367103,28.081599634273772,24,0.7144966342737717,1.0261078651355158,100.0,1.0253777379128783,0.0007301272226374333,0.01998146690502257
2019-11-29 00:00:00-07:00,27.829897000000003,28.610089502612333,24,0.78019250261233,1.0280343295058667,100.0,1.0253777379128783,0.0026565915929883666,0.07393267040393217
2019-11-30 00:00:00-07:00,28.12000733333333,28.983980274606004,24,0.8639729412726744,1.0307244920327074,100.0,1.0253777379128783,0.0053467541198291,0.15035076505912448
2019-12-01 00:00:00-07:00,27.331165666666667,28.218810716063814,24,0.8876450493971468,1.0324773944961934,100.0,1.0253777379128783,0.007099656583315017,0.19404189025502339
2019-12-02 00:00:00-07:00,27.780188166666665,28.662779349733373,24,0.8825911830667081,1.0317705257348013,100.0,1.0253777379128783,0.006392787821922985,0.17759284860259567
2019-12-03 00:00:00-07:00,24.72918874712644,25.48644218295799,24,0.7572534358315508,1.0306218470640103,100.0,1.0253777379128783,0.005244109151131937,0.12968256500887468
2019-12-04 00:00:00-07:00,22.41916111904762,23.25797715651465,24,0.8388160374670299,1.0374151393539146,100.0,1.0253777379128783,0.012037401441036266,0.269868442361248
2019-12-05 00:00:00-07:00,27.53235533333333,28.530714618395557,24,0.9983592850622252,1.0362613104827074,100.0,1.0253777379128783,0.01088357256982908,0.29965038728865406
2019-12-06 00:00:00-07:00,27.5919895,28.55825185426574,24,0.9662623542657407,1.0350196695408913,100.0,1.0253777379128783,0.009641931628012967,0.2660400762398517
2019-12-07 00:00:00-07:00,28.1144095,28.956370235004005,24,0.8419607350040046,1.0299476585131195,100.0,1.0253777379128783,0.004569920600241195,0.12848061913766676
2019-12-08 00:00:00-07:00,26.60647374858757,27.370939809716095,24,0.7644660611285232,1.0287323329033449,100.0,1.0253777379128783,0.0033545949904665306,0.08925394355099113
2019-12-09 00:00:00-07:00,26.482961500000002,27.412352687727086,24,0.9293911877270844,1.0350939296470707,100.0,1.0253777379128783,0.009716191734192359,0.2573135316232345
2019-12-10 00:00:00-07:00,24.044647261770244,24.916536335670727,24,0.8718890739004834,1.0362612545074321,100.0,1.0253777379128783,0.010883516594553777,0.2616903174836685
2019-12-11 00:00:00-07:00,24.72652050282486,25.59452904354927,24,0.8680085407244071,1.035104354477422,100.0,1.0253777379128783,0.009726616564543766,0.24050538390630735
2019-12-12 00:00:00-07:00,25.320569,26.176543441744744,24,0.8559744417447455,1.033805497883746,100.0,1.0253777379128783,0.008427759970867754,0.21339567785779495
2019-12-13 00:00:00-07:00,28.351225014124292,29.30045733386139,24,0.9492323197370993,1.0334811747733723,100.0,1.0253777379128783,0.008103436860493973,0.22974236181961355
2019-12-14 00:00:00-07:00,28.74616561581921,29.67604489129151,24,0.9298792754723024,1.0323479412141348,100.0,1.0253777379128783,0.006970203301256417,0.20036661847384674
2019-12-15 00:00:00-07:00,27.720765166666666,28.59052746551724,24,0.8697622988505742,1.0313758402273987,100.0,1.0253777379128783,0.005998102314520359,0.16627198570645868
2019-12-16 00:00:00-07:00,27.911918515780247,28.78129891210946,24,0.8693803963292126,1.0311472819698044,100.0,1.0253777379128783,0.00576954405692609,0.16103904359012522
2019-12-17 00:00:00-07:00,28.740330578024547,29.72964490778712,24,0.9893143297625713,1.0344225104536209,100.0,1.0253777379128783,0.00904477254074254,0.25994975282397964
2019-12-18 00:00:00-07:00,25.805121850282486,26.685173407789122,24,0.8800515575066363,1.0341037551619623,100.0,1.0253777379128783,0.00872601724908395,0.2251759383802781
2019-12-19 00:00:00-07:00,23.534175833333336,24.399688804382443,24,0.8655129710491067,1.036776854952499,100.0,1.0253777379128783,0.011399117039620599,0.2682688247551773
2019-12-20 00:00:00-07:00,22.890618833333335,23.631223398129062,24,0.7406045647957278,1.0323540647890768,100.0,1.0254593546589172,0.00689471013015952,0.15782418155580363
2019-12-21 00:00:00-07:00,23.645234166666665,24.27750057679677,24,0.6322664101301037,1.0267396975506138,100.0,1.0255514260757195,0.001188271474894309,0.028096957277446308
2019-12-22 00:00:00-07:00,23.253417833333334,23.89985498768473,24,0.6464371543513963,1.0277996619243104,100.0,1.0255514260757195,0.002248235848590907,0.0522791675751631
2019-12-23 00:00:00-07:00,23.669193,24.39186398850575,24,0.722670988505751,1.0305321346826548,100.0,1.0255514260757195,0.004980708606935336,0.1178893532943136
2019-12-24 00:00:00-07:00,23.2071635,23.951796913528508,24,0.7446334135285078,1.0320863604691934,100.0,1.0255514260757195,0.006534934393473968,0.1516572909311237
2019-12-25 00:00:00-07:00,23.360705,24.128417023627076,24,0.7677120236270767,1.032863392762636,100.0,1.0255514260757195,0.007311966686916582,0.17081269674288563
2019-12-26 00:00:00-07:00,23.872416,24.595464241839586,24,0.7230482418395852,1.0302880211973344,100.0,1.0255514260757195,0.0047365951216149504,0.1130739691667627
2019-12-27 00:00:00-07:00,25.64895457344633,26.342194422157565,24,0.6932398487112366,1.0270279962766564,100.0,1.0255514260757195,0.0014765702009369441,0.0378724820083362
2019-12-28 00:00:00-07:00,28.180801833333334,28.834850000000003,24,0.6540481666666693,1.0232089977614844,100.0,1.0254593546589172,0.0,0.0
2019-12-29 00:00:00-07:00,29.448669000000002,30.107486666666667,24,0.6588176666666641,1.0223717298281516,100.0,1.0253387189504994,0.0,0.0
2019-12-30 00:00:00-07:00,28.73072366666667,29.470140029619806,24,0.7394163629531363,1.0257360855762574,100.0,1.0253387189504994,0.00039736662575795556,0.011416630719007571
2019-12-31 00:00:00-07:00,29.190496666666665,29.949247946615994,24,0.7587512799493297,1.0259930924990313,100.0,1.0253387189504994,0.000654373548531817,0.01910148888717284
2020-01-01 00:00:00-07:00,27.817167875706215,28.499042449557066,24,0.6818745738508518,1.0245127245482946,100.0,1.0249350895488258,0.0,0.0
2020-01-02 00:00:00-07:00,26.563976833333335,27.409545985248496,24,0.8455691519151607,1.03183142182439,100.0,1.0249350895488258,0.006896332275564188,0.18319401080305603
2020-01-03 00:00:00-07:00,25.740119999999997,26.529712895730707,24,0.7895928957307099,1.0306755716651947,100.0,1.0249350895488258,0.005740482116368906,0.14776069853318957
2020-01-04 00:00:00-07:00,27.0551615,27.727154672687465,24,0.6719931726874648,1.02483789175265,100.0,1.0248169838596835,2.090789296649298e-05,0.0005656664208331817
2020-01-05 00:00:00-07:00,26.370617666666664,27.202278571302262,24,0.8316609046355978,1.0315374070925478,100.0,1.0248169838596835,0.00672042323286437,0.17722171163205025
2020-01-06 00:00:00-07:00,26.089651,26.945813486815542,24,0.856162486815542,1.0328161724668352,100.0,1.0248169838596835,0.007999188607151764,0.20869603904376563
2020-01-07 00:00:00-07:00,23.06629425456438,23.754359621776366,23,0.688065367211987,1.0298299050388569,95.83333333333333,1.0248169838596835,0.005012921179173402,0.11562951499375153
2020-01-08 00:00:00-07:00,17.492454535863423,18.241457767278625,24,0.7490032314152018,1.0428186467416325,100.0,1.0249559974417923,0.01786264929984016,0.3124615807675266
2020-01-09 00:00:00-07:00,17.91826402644693,18.664136150910686,24,0.7458721244637552,1.041626360866369,100.0,1.0249559974417923,0.016670363424576617,0.2987039732583879
2020-01-10 00:00:00-07:00,21.59813698722861,22.24040381606419,24,0.6422668288355808,1.0297371402549842,100.0,1.0249559974417923,0.004781142813191863,0.10326377743482143
2020-01-11 00:00:00-07:00,21.79812490740741,22.32187339576835,24,0.5237484883609405,1.024027226680537,100.0,1.0248169838596835,0.0,0.0
2020-01-12 00:00:00-07:00,24.06650979874214,24.586133873322158,24,0.5196240745800189,1.0215911687621269,100.0,1.0246178032121085,0.0,0.0
2020-01-13 00:00:00-07:00,24.14970088434661,24.712912987449194,24,0.5632121031025825,1.023321700993309,100.0,1.0245181174976268,0.0,0.0
2020-01-14 00:00:00-07:00,24.214509256756756,24.829186237479757,24,0.6146769807230008,1.0253846557122144,100.0,1.0245181174976268,0.0008665382145875977,0.020982797618464857
2020-01-15 00:00:00-07:00,25.19403983333333,25.982195332647656,24,0.7881554993143247,1.0312834108594027,100.0,1.0245181174976268,0.006765293361775893,0.1704450704407674
2020-01-16 00:00:00-07:00,25.4862755,26.2255645,24,0.7392889999999994,1.0290073376943603,100.0,1.0245181174976268,0.004489220196733479,0.11441350271411364
2020-01-17 00:00:00-07:00,25.20131518644068,25.93119774557154,24,0.7298825591308606,1.028962082087032,100.0,1.0246178032121085,0.004344278874923502,0.10948154118474308
2020-01-18 00:00:00-07:00,24.93448582286444,25.64741319465931,24,0.7129273717948728,1.0285920221840361,100.0,1.0246178032121085,0.003974218971927623,0.0990951066124882
2020-01-19 00:00:00-07:00,25.781048201149424,26.495574782326944,24,0.7145265811775197,1.027715187357885,100.0,1.0246178032121085,0.0030973841457764273,0.0798538099597381
2020-01-20 00:00:00-07:00,25.14392433333333,25.88639406988961,24,0.7424697365562807,1.0295287929884511,100.0,1.0246178032121085,0.0049109897763426336,0.12348155533813275
2020-01-21 00:00:00-07:00,23.502258833333332,24.212179785359304,24,0.7099209520259713,1.030206498748073,100.0,1.0246178032121085,0.005588695535964527,0.13134696902693288
2020-01-22 00:00:00-07:00,20.53059616553288,21.148522859322405,24,0.6179266937895243,1.0300978446415945,100.0,1.0246178032121085,0.005480041429485993,0.11250851755916647
2020-01-23 00:00:00-07:00,24.4304555,25.281681342820654,24,0.8512258428206536,1.0348428150601061,100.0,1.0246178032121085,0.010225011847997623,0.24980169693947868
2020-01-24 00:00:00-07:00,24.758749333333334,25.531258063218388,24,0.7725087298850539,1.0312014439616708,100.0,1.0246178032121085,0.006583640749562303,0.16300271101913183
2020-01-25 00:00:00-07:00,27.5454485,28.280726561820845,24,0.7352780618208463,1.0266932688288175,100.0,1.0246178032121085,0.0020754656167090157,0.05716963125857893
2020-01-26 00:00:00-07:00,27.820237604519775,28.539277659617024,24,0.7190400550972491,1.0258459350821802,100.0,1.024805974248807,0.0010399608333733212,0.028931957483840195
2020-01-27 00:00:00-07:00,27.607189833333333,28.52896050486295,24,0.9217706715296181,1.033388790278707,100.0,1.0249559974417923,0.00843279283691456,0.2328057126738738
2020-01-28 00:00:00-07:00,26.656510229885054,27.507019929840272,24,0.850509699955218,1.0319062657722426,100.0,1.0249559974417923,0.0069502683304503154,0.18526989885109496
2020-01-29 00:00:00-07:00,24.4881345,25.317848094417077,24,0.8297135944170755,1.0338822703876065,100.0,1.0249559974417923,0.008926272945814162,0.21858777248080843
2020-01-30 00:00:00-07:00,23.321449,24.104479524217588,24,0.7830305242175868,1.0335755520258447,100.0,1.0249559974417923,0.008619554584052391,0.20102050263469406
2020-01-31 00:00:00-07:00,25.918335,26.58086169330105,24,0.6625266933010501,1.0255620854233518,100.0,1.0249559974417923,0.0006060879815594777,0.015708791345532366
2020-02-01 00:00:00-07:00,25.091238833333332,25.700579154966775,24,0.609340321633443,1.0242849835227723,100.0,1.0248053750322144,0.0,0.0
2020-02-02 00:00:00-07:00,28.000696166666668,28.76145270069314,24,0.7607565340264735,1.0271692007048066,100.0,1.0248053750322144,0.0023638256725921902,0.0661887644492204
2020-02-03 00:00:00-07:00,27.432489333333336,28.141546757062148,24,0.7090574237288116,1.025847359862717,100.0,1.0248053750322144,0.0010419848305025514,0.028584237748256386
2020-02-04 00:00:00-07:00,24.403344,25.03377064367816,24,0.6304266436781596,1.0258336170517517,100.0,1.0248053750322144,0.0010282420195373287,0.025092543718024156
2020-02-05 00:00:00-07:00,23.530466073446327,24.200222662937296,24,0.6697565894909694,1.0284633796627929,100.0,1.0248053750322144,0.0036580046305785263,0.08607455385633758
2020-02-06 00:00:00-07:00,25.428887500000002,26.21362856690405,24,0.7847410669040471,1.0308602201690518,100.0,1.0248053750322144,0.006054845136837406,0.1539679758145605
2020-02-07 00:00:00-07:00,26.102250666666666,26.77325455072464,24,0.6710038840579742,1.025706744319748,100.0,1.0248053750322144,0.0009013692875337043,0.02352776708643949
2020-02-08 00:00:00-07:00,24.168492999999998,24.89715038382658,24,0.7286573838265831,1.0301490615830529,100.0,1.0248053750322144,0.0053436865508385,0.12914885099813442
2020-02-09 00:00:00-07:00,21.160376378531073,21.691620091958185,24,0.5312437134271129,1.0251055890464265,100.0,1.0248053750322144,0.0003002140142120968,0.0063526415348376455
2020-02-10 00:00:00-07:00,8.995128833333332,9.511618935734463,24,0.5164901024011304,1.0574188665855644,100.0,1.0248053750322144,0.03261349155335003,0.2933625582272119
2020-02-11 00:00:00-07:00,4.687430833333333,5.311822497564777,24,0.6243916642314442,1.1332055205575002,100.0,1.0248053750322144,0.10840014552528587,0.5081181844730454
2020-02-12 00:00:00-07:00,4.671397333333333,5.290481850282486,24,0.6190845169491528,1.1325266237859064,100.0,1.0248053750322144,0.10772124875369204,0.5032087541713337
2020-02-13 00:00:00-07:00,4.635986592672373,5.287697742645006,24,0.6517111499726322,1.1405765821244447,100.0,1.0248053750322144,0.11577120709223032,0.5367137638970766
2020-02-14 00:00:00-07:00,4.65096093485554,5.345853060500987,24,0.6948921256454472,1.1494082911851056,100.0,1.0248053750322144,0.12460291615289121,0.5795232953961774
2020-02-15 00:00:00-07:00,4.658751039548023,5.3277482433414045,24,0.6689972037933813,1.143600119026383,100.0,1.0250788193170488,0.11852129970933412,0.5521612282294431
2020-02-16 00:00:00-07:00,10.696602107212478,11.400210162675783,24,0.703608055463306,1.0657786508660427,100.0,1.0253567490456357,0.04042190182040706,0.43237700018970204
2020-02-17 00:00:00-07:00,17.957204005747126,18.660784827365354,24,0.7035808216182282,1.0391809783635053,100.0,1.0253567490456357,0.01382422931786964,0.24824450608321558
2020-02-18 00:00:00-07:00,19.178566166666666,19.641009040343146,24,0.46244287367647985,1.0241124842002125,100.0,1.0250788193170488,0.0,0.0
2020-02-19 00:00:00-07:00,18.637250833333333,19.17615042758712,24,0.5388995942537882,1.0289151870666433,100.0,1.0250788193170488,0.0038363677495945048,0.0714993480381033
2020-02-20 00:00:00-07:00,21.012659666666668,21.775576575774288,24,0.76291690910762,1.0363074889714161,100.0,1.0250788193170488,0.011228669654367307,0.23594421395664786
2020-02-21 00:00:00-07:00,23.541357,24.359475340693155,24,0.8181183406931538,1.0347523866484483,100.0,1.0250788193170488,0.009673567331399457,0.22772890201201196
2020-02-22 00:00:00-07:00,26.526398,27.23050686311249,24,0.7041088631124879,1.026543704241808,100.0,1.0250788193170488,0.0014648849247591578,0.038858120538361476
2020-02-23 00:00:00-07:00,26.675997019774012,27.537963462522324,24,0.8619664427483116,1.0323124358616986,100.0,1.0250788193170488,0.0072336165446498235,0.19296393338726667
2020-02-24 00:00:00-07:00,25.529987619047617,26.362182309907503,24,0.8321946908598861,1.0325967526219635,100.0,1.0250788193170488,0.007517933304914681,0.19193274419529754
2020-02-25 00:00:00-07:00,26.749222666666668,27.463342230033643,24,0.7141195633669746,1.0266968342320044,100.0,1.0250788193170488,0.0016180149149556122,0.0432806412381354
2020-02-26 00:00:00-07:00,26.81619838003399,27.548202963174067,24,0.7320045831400783,1.0272971050096755,100.0,1.0250788193170488,0.0022182856926267203,0.05948598919706923
2020-02-27 00:00:00-07:00,24.43118504053051,25.036656589303576,24,0.605471548773064,1.024782733533744,100.0,1.0248323759307594,0.0,0.0
2020-02-28 00:00:00-07:00,25.659748166666667,26.439501683594273,24,0.779753516927606,1.030388198351087,100.0,1.0248323759307594,0.005555822420327594,0.14256100416432654
2020-02-29 00:00:00-07:00,29.331569166666668,30.074262744792463,24,0.7426935781257953,1.025320622088293,100.0,1.0248323759307594,0.0004882461575337338,0.014321025940059942
2020-03-01 00:00:00-07:00,27.421803235632183,28.292363174334724,24,0.8705599387025416,1.031746998226992,100.0,1.0248323759307594,0.006914622296232631,0.1896114120560064
2020-03-02 00:00:00-07:00,27.1506285,27.953482271384914,24,0.802853771384914,1.0295703567740582,100.0,1.0248323759307594,0.004737980843298795,0.1286391577165223
2020-03-03 00:00:00-07:00,24.346305406184953,25.139952109396845,24,0.7936467032118912,1.0325982398549174,100.0,1.0248323759307594,0.007765863924158012,0.1890700948404249
2020-03-04 00:00:00-07:00,26.416122123868774,27.189190560254374,24,0.7730684363856,1.0292650235625267,100.0,1.0248323759307594,0.004432647631767317,0.11709336117284315
2020-03-05 00:00:00-07:00,27.13142697332356,27.919904146893547,24,0.7884771735699871,1.0290613971150593,100.0,1.0248323759307594,0.004229021184299908,0.11473937943047127
2020-03-06 00:00:00-07:00,26.536269940476192,27.353122110963344,24,0.8168521704871523,1.030782478936167,100.0,1.0248323759307594,0.005950103005407659,0.1578935395251363
2020-03-07 00:00:00-07:00,26.995881055555554,27.71821993021701,24,0.7223388746614567,1.0267573735850641,100.0,1.0248323759307594,0.0019249976543047609,0.05196700770783477
2020-03-08 00:00:00-07:00,27.150966547049443,27.82857986523126,23,0.677613318181816,1.0249572447819708,100.0,1.0248323759307594,0.00012486885121143487,0.0033903100020101625
2020-03-09 00:00:00-06:00,27.581003404241535,28.410840786620533,24,0.8298373823789973,1.0300872803725256,100.0,1.02483789175265,0.005249388619875672,0.1447834053949777
2020-03-10 00:00:00-06:00,27.689905759259258,28.48610687431031,24,0.7962011150510513,1.0287542009703232,100.0,1.02483789175265,0.003916309217673275,0.10844223316149133
2020-03-11 00:00:00-06:00,27.274660185185184,28.0950466152677,24,0.8203864300825181,1.0300787039879649,100.0,1.02483789175265,0.005240812235314918,0.14294137281257516
2020-03-12 00:00:00-06:00,26.544515166666667,27.428705174055832,24,0.8841900073891651,1.0333097064247565,100.0,1.02483789175265,0.008471814672106559,0.22488021305292175
2020-03-13 00:00:00-06:00,26.938155241866355,27.894650777232652,24,0.9564955353662974,1.0355070912160957,100.0,1.02483789175265,0.0106691994634458,0.2874085514527402
2020-03-14 00:00:00-06:00,26.63449616666667,27.569330968701994,24,0.9348348020353257,1.0350986478657433,100.0,1.02483789175265,0.010260756113093406,0.2732900693612879
2020-03-15 00:00:00-06:00,28.078282333333334,28.935136704085235,24,0.8568543707519005,1.0305166235092194,100.0,1.02483789175265,0.005678731756569411,0.15944903355622186
2020-03-16 00:00:00-06:00,27.098864333333335,27.98670617260916,24,0.8878418392758256,1.0327630644721788,100.0,1.02483789175265,0.007925172719528861,0.214763180344747
2020-03-17 00:00:00-06:00,26.53356124858757,27.39348915088642,24,0.8599279022988497,1.032409064665024,100.0,1.02483789175265,0.007571172912373969,0.20089018019412183
2020-03-18 00:00:00-06:00,25.600940899617704,26.471865613451754,24,0.8709247138340501,1.0340192462944615,100.0,1.02483789175265,0.00918135454181157,0.2350513150033546
2020-03-19 00:00:00-06:00,24.0709956779661,25.008574233054233,24,0.9375785550881339,1.03895055142843,100.0,1.02483789175265,0.014112659675780126,0.3397057700603099
2020-03-20 00:00:00-06:00,25.956148536723166,26.700460710202726,24,0.7443121734795604,1.0286757556663886,100.0,1.02483789175265,0.0038378639137386372,0.09961616580872977
2020-03-21 00:00:00-06:00,25.455208833333334,26.294015119928094,24,0.8388062865947603,1.0329522453375575,100.0,1.02483789175265,0.00811435358490753,0.20655256505132816
2020-03-22 00:00:00-06:00,20.2033445,20.961847136664716,24,0.7585026366647156,1.0375434194405146,100.0,1.02483789175265,0.012705527687864704,0.2566941529322191
2020-03-23 00:00:00-06:00,17.975836166666667,18.721582936267342,24,0.7457467696006752,1.0414860684469045,100.0,1.02483789175265,0.016648176694254557,0.2992648967296382
2020-03-24 00:00:00-06:00,20.0553177329586,20.79796427059411,24,0.7426465376355118,1.0370299063582054,100.0,1.02483789175265,0.012192014605555412,0.2445147267192857
2020-03-25 00:00:00-06:00,23.823350833333333,24.597378369933455,24,0.7740275366001228,1.0324902882896352,100.0,1.02483789175265,0.00765239653698524,0.18230572741638443
2020-03-26 00:00:00-06:00,23.266543166666665,24.067683243589745,24,0.8011400769230796,1.0344331373674303,100.0,1.02483789175265,0.009595245614780312,0.22324819629105516
2020-03-27 00:00:00-06:00,28.636302500000003,29.62548141666667,24,0.9891789166666669,1.0345428295663055,100.0,1.02483789175265,0.009704937813655556,0.2779135349755292
2020-03-28 00:00:00-06:00,27.854084999999998,28.72178434154351,24,0.8676993415435135,1.0311516009785822,100.0,1.0249572447819708,0.00619435619661135,0.17253812402068924
2020-03-29 00:00:00-06:00,27.001719333333334,27.854773780752133,24,0.8530544474187991,1.0315925973782607,100.0,1.0251055890464265,0.006487008331834243,0.1751603782891831
2020-03-30 00:00:00-06:00,25.043410499999997,25.91791300189626,24,0.8745025018962629,1.0349194652180567,100.0,1.0251055890464265,0.00981387617163021,0.24577292956230376
2020-03-31 00:00:00-06:00,26.741383759075827,27.568116660358125,24,0.8267329012822984,1.03091586092667,100.0,1.0251055890464265,0.005810271880243523,0.1553747100941591
2020-04-01 00:00:00-06:00,23.84820742857143,24.703363328220412,24,0.855155899648981,1.0358582883938043,100.0,1.025320622088293,0.010537666305511229,0.25130445186689976
2020-04-02 00:00:00-06:00,23.37818356060606,24.172196393939394,24,0.7940128333333334,1.0339638377496232,100.0,1.025320622088293,0.008643215661330084,0.2020626822844798
2020-04-03 00:00:00-06:00,24.009439587570622,24.79724941419212,24,0.7878098266214977,1.0328125037549538,100.0,1.025320622088293,0.007491881666660705,0.1798758802729181
2020-04-04 00:00:00-06:00,26.90638773998676,27.753284906653427,24,0.8468971666666683,1.0314756917521135,100.0,1.0253846557122144,0.006091036039899134,0.16388777742775953
2020-04-05 00:00:00-06:00,26.683319833333336,27.49584474127505,24,0.8125249079417145,1.0304506677960923,100.0,1.0253846557122144,0.005066012083877913,0.13517802071364587
2020-04-06 00:00:00-06:00,27.10534336440678,27.835871862491068,24,0.7305284980842863,1.0269514570711389,100.0,1.0253846557122144,0.0015668013589245078,0.04246868881746794
2020-04-07 00:00:00-06:00,25.942867704022987,26.65144800844618,24,0.7085803044231938,1.0273131063422611,100.0,1.0253846557122144,0.001928450630046763,0.05002953956904295
2020-04-08 00:00:00-06:00,26.46816782902299,27.195044956191325,24,0.7268771271683363,1.02746231366915,100.0,1.0253846557122144,0.002077657956935708,0.05499179949547933
2020-04-09 00:00:00-06:00,25.81956203805251,26.650536547048922,24,0.8309745089964125,1.0321839118638703,100.0,1.0253846557122144,0.006799256151655886,0.1755538160202893
2020-04-10 00:00:00-06:00,25.81235655952381,26.614868974265846,24,0.8025124147420364,1.0310902421052268,100.0,1.0253846557122144,0.005705586393012441,0.14727463035760446
2020-04-11 00:00:00-06:00,25.594201890804598,26.287405436217828,24,0.6932035454132297,1.0270843978011395,100.0,1.0255620854233518,0.0015223123777876602,0.03896237033796818
2020-04-12 00:00:00-06:00,25.974100818181817,26.70329066980146,24,0.729189851619644,1.028073728392908,100.0,1.025706744319748,0.002366984073159939,0.0614802829512869
2020-04-13 00:00:00-06:00,24.222340192267502,24.905902874085683,24,0.6835626818181808,1.02822034024757,100.0,1.0258336170517517,0.002386723195818341,0.057812021193887744
2020-04-14 00:00:00-06:00,24.39400704597701,25.209864670394534,24,0.8158576244175251,1.033445002408986,100.0,1.0258459350821802,0.0075990673268058195,0.18537170191295485
2020-04-15 00:00:00-06:00,24.420217645833333,25.297922504370344,24,0.8777048585370117,1.0359417295646736,100.0,1.0258459350821802,0.010095794482493314,0.24654149857009003
2020-04-16 00:00:00-06:00,24.867495152542375,25.65416340960452,24,0.7866682570621464,1.031634398729609,100.0,1.0258459350821802,0.005788463647428799,0.14394459169310342
2020-04-17 00:00:00-06:00,25.079141833333335,25.83890215329819,24,0.7597603199648546,1.0302945102752694,100.0,1.0258459350821802,0.004448575193089166,0.11156644822373142
2020-04-18 00:00:00-06:00,25.196336525423728,25.942840657825855,24,0.7465041324021264,1.0296274869820414,100.0,1.0258459350821802,0.0037815518998611797,0.09528125425725774
2020-04-19 00:00:00-06:00,25.993345333333334,26.794801666666665,24,0.8014563333333307,1.0308331352911917,100.0,1.0258459350821802,0.004987200209011444,0.12963401727930665
2020-04-20 00:00:00-06:00,26.290980166666667,27.079837208555286,24,0.7888570418886189,1.0300048547786278,100.0,1.0258459350821802,0.0041589196964475494,0.10934207525406188
2020-04-21 00:00:00-06:00,24.732483333333334,25.47956272316384,24,0.7470793898305068,1.0302064042563663,100.0,1.0258459350821802,0.004360469174186088,0.10784523117607119
2020-04-22 00:00:00-06:00,22.821479304853575,23.400248331088232,24,0.5787690262346565,1.0253607147242014,100.0,1.0258336170517517,0.0,0.0
2020-04-23 00:00:00-06:00,20.65157765596581,21.09480550994089,24,0.44322785397508113,1.0214621788881608,100.0,1.025706744319748,0.0,0.0
2020-04-24 00:00:00-06:00,23.985470360764662,24.74903851972705,24,0.7635681589623893,1.0318346126833282,100.0,1.025706744319748,0.006127868363580147,0.14697980500931906
2020-04-25 00:00:00-06:00,25.688354219305285,26.44594111010988,24,0.7575868908045962,1.029491452988267,100.0,1.025706744319748,0.003784708668518988,0.09722293689379104
2020-04-26 00:00:00-06:00,23.59645128448837,24.287514910925154,24,0.6910636264367831,1.0292867608821785,100.0,1.025706744319748,0.0035800165624304547,0.08447568641305174
2020-04-27 00:00:00-06:00,24.07137881900031,24.821438434384923,24,0.7500596153846146,1.031159811036357,100.0,1.025706744319748,0.005453066716608834,0.13126283466077346
2020-04-28 00:00:00-06:00,21.762505224137932,22.48773235973115,24,0.7252271355932187,1.0333246162665515,100.0,1.025706744319748,0.007617871946803412,0.16578397803912304
2020-04-29 00:00:00-06:00,21.780641786277304,22.49945172824353,24,0.7188099419662244,1.0330022388237936,100.0,1.025706744319748,0.007295494504045541,0.15890055244637072
2020-04-30 00:00:00-06:00,22.732463181180595,23.416798762082454,24,0.684335580901859,1.030103890434029,100.0,1.025706744319748,0.004397146114280881,0.09995796214516145
2020-05-01 00:00:00-06:00,22.65703466753525,23.383234299698284,24,0.7261996321630342,1.0320518392110505,100.0,1.0258336170517517,0.006218222159298792,0.14088647503366863
2020-05-02 00:00:00-06:00,24.124482770358384,24.80571927035838,24,0.6812364999999971,1.0282383878023296,100.0,1.025847359862717,0.0023910279396126555,0.05768231233263101
2020-05-03 00:00:00-06:00,25.138017435617062,25.84414496631882,24,0.7061275307017567,1.028090024701044,100.0,1.025847359862717,0.0022426648383271353,0.05637614780811285
2020-05-04 00:00:00-06:00,26.72317550974602,27.46914641628972,24,0.7459709065437004,1.027914755350525,100.0,1.026543704241808,0.0013710511087170474,0.03663883941107753
2020-05-05 00:00:00-06:00,27.628697984789337,28.43712365812408,24,0.8084256733347424,1.029260360867523,100.0,1.0266968342320044,0.0025635266355186204,0.0708269031887071
2020-05-06 00:00:00-06:00,27.990233359742568,28.782659909733535,24,0.7924265499909673,1.0283108232720448,100.0,1.0266968342320044,0.0016139890400403978,0.045175929870797625
2020-05-07 00:00:00-06:00,27.38695344707107,28.136319740946057,24,0.7493662938749885,1.0273621633499046,100.0,1.0266968342320044,0.0006653291179001819,0.01822133757891314
2020-05-08 00:00:00-06:00,25.67892586248215,26.531449656785632,24,0.8525237943034831,1.0331993557234047,100.0,1.0267573735850641,0.006441982138340574,0.1654231817378818
2020-05-09 00:00:00-06:00,26.593349089819885,27.35063709696025,24,0.7572880071403638,1.0284765940755562,100.0,1.0267573735850641,0.0017192204904921127,0.04571983066602812
2020-05-10 00:00:00-06:00,28.031636321491753,28.832732750054912,24,0.8010964285631594,1.0285782970132558,100.0,1.0269514570711389,0.0016268399421168755,0.04560298561069695
2020-05-11 00:00:00-06:00,26.377131168555533,27.34577729014732,24,0.9686461215917888,1.0367229519920849,100.0,1.0269514570711389,0.009771494920945978,0.2577440032426662
2020-05-12 00:00:00-06:00,25.829558890398516,26.720876661779773,24,0.8913177713812566,1.0345076652359162,100.0,1.0269514570711389,0.007556208164777312,0.19517352378022568
2020-05-13 00:00:00-06:00,26.686016492988266,27.455268286409694,24,0.7692517934214287,1.0288260255562516,100.0,1.0269514570711389,0.0018745684851126931,0.050024765510953355
2020-05-14 00:00:00-06:00,25.790695560417884,26.576441902929304,24,0.7857463425114197,1.0304662718642355,100.0,1.0269514570711389,0.0035148147930965656,0.0906495182800067
2020-05-15 00:00:00-06:00,27.21825943142412,27.999786035846487,24,0.7815266044223677,1.0287133204234242,100.0,1.0269514570711389,0.0017618633522853422,0.04795485380522103
2020-05-16 00:00:00-06:00,27.065372333333332,27.82721170903955,24,0.7618393757062165,1.0281481210132086,100.0,1.0269514570711389,0.0011966639420697422,0.03238815514999201
2020-05-17 00:00:00-06:00,26.3828265,27.191939081770517,24,0.8091125817705169,1.0306681538375169,100.0,1.0269514570711389,0.0037166967663779804,0.09805696594046129
2020-05-18 00:00:00-06:00,27.464333,28.282042526745624,24,0.8177095267456238,1.0297735075796532,100.0,1.0269514570711389,0.002822050508514362,0.07750573490865778
2020-05-19 00:00:00-06:00,27.587127945831448,28.26413805694256,24,0.6770101111111124,1.0245407971587492,100.0,1.0269514570711389,0.0,0.0
2020-05-20 00:00:00-06:00,27.595515907178452,28.338997410715145,24,0.7434815035366924,1.02694211284317,100.0,1.02694211284317,0.0,0.0
2020-05-21 00:00:00-06:00,26.797176280185784,27.535854264378845,24,0.7386779841930604,1.0275655157270898,100.0,1.02694211284317,0.0006234028839198213,0.016705436973975647
2020-05-22 00:00:00-06:00,26.486446833333336,27.290483468926556,24,0.8040366355932207,1.0303565306684073,100.0,1.02694211284317,0.003414417825237326,0.09043579619493407
2020-05-23 00:00:00-06:00,26.029350769617075,26.82556950659134,24,0.7962187369742644,1.0305892660950904,100.0,1.0269514570711389,0.0036378090239514993,0.0946898071173119
2020-05-24 00:00:00-06:00,25.237047823669343,26.056676114828033,24,0.8196282911586898,1.032477185797856,100.0,1.0269514570711389,0.005525728726717194,0.13945308013678534
2020-05-25 00:00:00-06:00,25.77759617128916,26.607740872996473,24,0.8301447017073116,1.0322041161709221,100.0,1.0269514570711389,0.00525265909978323,0.13540092509965937
2020-05-26 00:00:00-06:00,25.34870382937853,26.13526170301639,24,0.7865578736378609,1.0310295105790088,100.0,1.0270843978011395,0.003945112777869353,0.10000349537970703
2020-05-27 00:00:00-06:00,26.301861166666665,27.15436787731003,24,0.8525067106433646,1.032412410104414,100.0,1.0270843978011395,0.005328012303274621,0.14013663989502095
2020-05-28 00:00:00-06:00,24.87528403508774,25.746441840211517,24,0.8711578051237758,1.0350210194140885,100.0,1.0273131063422611,0.007707913071827388,0.19173652697947194
2020-05-29 00:00:00-06:00,24.258061715366832,25.144517954269173,24,0.8864562389023405,1.0365427481100353,100.0,1.0273131063422611,0.009229641767774188,0.22389321961339367
2020-05-30 00:00:00-06:00,22.393480731240974,23.086096611450415,24,0.6926158802094413,1.0309293534364747,100.0,1.0273621633499046,0.003567190086570138,0.0798818024682822
2020-05-31 00:00:00-06:00,20.757296035855596,21.507116668039508,24,0.749820632183912,1.0361232325678977,100.0,1.0273621633499046,0.008761069217993134,0.18185610734850535
2020-06-01 00:00:00-06:00,22.53158176031253,23.358962451097184,24,0.8273806907846541,1.0367209324044002,100.0,1.0273621633499046,0.00935876905449562,0.21086787012725083
2020-06-02 00:00:00-06:00,24.530359717514127,25.359680166168165,24,0.8293204486540375,1.033807920397593,100.0,1.0273621633499046,0.00644575704768835,0.1581167390314971
2020-06-03 00:00:00-06:00,23.656104350769528,24.44404334303676,24,0.7879389922672324,1.0333080620791901,100.0,1.0273621633499046,0.005945898729285526,0.14065680079908632
2020-06-04 00:00:00-06:00,19.49090943537415,20.355144629101748,24,0.8642351937275983,1.0443404242676892,100.0,1.0273621633499046,0.01697826091778465,0.330921745918693
2020-06-05 00:00:00-06:00,27.549635666666664,28.550273127595865,24,1.0006374609292017,1.0363212593094258,100.0,1.0273621633499046,0.008959095959521157,0.24681982958751328
2020-06-06 00:00:00-06:00,28.676472021072797,29.684479823332683,24,1.0080078022598862,1.0351510395532322,100.0,1.02746231366915,0.007688725884082093,0.22048553269257834
2020-06-07 00:00:00-06:00,28.082130166666666,28.948327971264366,24,0.8661978045977001,1.0308451602302546,100.0,1.0275551955212958,0.0032899647089588147,0.09238921720072105
2020-06-08 00:00:00-06:00,25.344373,26.147091368749066,24,0.8027183687490655,1.0316724492947238,100.0,1.0275551955212958,0.004117253773427976,0.1043492153694161
2020-06-09 00:00:00-06:00,24.685989777777777,25.550788497771403,24,0.864798719993626,1.0350319645992931,100.0,1.0275551955212958,0.007476769077997325,0.18457144503024694
2020-06-10 00:00:00-06:00,24.982109333333334,25.85810507628004,24,0.8759957429467065,1.0350649231119118,100.0,1.0275551955212958,0.007509727590615967,0.18760883573231799
2020-06-11 00:00:00-06:00,26.379024333333334,27.296200275251362,24,0.9171759419180283,1.03476913817313,100.0,1.0275551955212958,0.007213942651834282,0.1902967687520077
2020-06-12 00:00:00-06:00,26.772091500000002,27.753818714285718,24,0.9817272142857156,1.0366697990063913,100.0,1.0275551955212958,0.009114603485095518,0.2440169984891961
2020-06-13 00:00:00-06:00,27.074151166666667,28.027724142857142,24,0.9535729761904754,1.0352207893913403,100.0,1.0275551955212958,0.007665593870044507,0.20753944721985834
2020-06-14 00:00:00-06:00,26.512447333333334,27.37210895238095,24,0.8596616190476176,1.032424830806426,100.0,1.0275551955212958,0.0048696352851302915,0.12910594902955852
2020-06-15 00:00:00-06:00,26.034056333333332,26.906683833333332,24,0.8726275000000001,1.0335186913951135,100.0,1.0275551955212958,0.005963495873817726,0.15525398752257155
2020-06-16 00:00:00-06:00,26.64338433333333,27.491214180305647,24,0.8478298469723171,1.031821402129894,100.0,1.0275551955212958,0.004266206608598111,0.11366618231828603
2020-06-17 00:00:00-06:00,27.022761833333334,27.84771374144234,24,0.8249519081090071,1.0305280382959008,100.0,1.0275551955212958,0.002972842774604967,0.08033442226609587
2020-06-18 00:00:00-06:00,26.27181010077722,27.06501258353584,24,0.7932024827586197,1.0301921519574,100.0,1.0275551955212958,0.0026369564361041764,0.0692776187333512
2020-06-19 00:00:00-06:00,27.919888652556036,28.71746885014772,24,0.7975801975916852,1.0285667399149412,100.0,1.0275551955212958,0.0010115443936453694,0.028242206837696026
2020-06-20 00:00:00-06:00,26.79393483333333,27.571270795313882,24,0.7773359619805511,1.029011638895736,100.0,1.0275551955212958,0.001456443374440175,0.039023848863190144
2020-06-21 00:00:00-06:00,27.853499070921984,28.675670034577635,24,0.8221709636556511,1.0295176904546965,100.0,1.0275551955212958,0.001962494933400727,0.054662350804166246
2020-06-22 00:00:00-06:00,26.649463833333336,27.492633858562243,24,0.8431700252289076,1.031639286647646,100.0,1.0275551955212958,0.00408409112635022,0.1088388387637078
2020-06-23 00:00:00-06:00,28.136592443502824,29.00041121567031,24,0.8638187721674875,1.0307009021757698,100.0,1.0275551955212958,0.003145706654474001,0.08850946608374972
2020-06-24 00:00:00-06:00,28.056052649717515,28.892574009226834,24,0.8365213595093195,1.029816074625799,100.0,1.0275551955212958,0.002260879104503122,0.06343134319058577
2020-06-25 00:00:00-06:00,26.230491451241743,27.186077394850763,24,0.9555859436090195,1.0364303484509736,100.0,1.0275551955212958,0.008875152929677776,0.23279962305037602
2020-06-26 00:00:00-06:00,27.321284833333333,28.45365950259478,24,1.132374669261445,1.0414466111740064,100.0,1.0275551955212958,0.01389141565271057,0.3795313237859306
2020-06-27 00:00:00-06:00,28.393088499999998,29.388471276836157,24,0.9953827768361592,1.035057220944321,100.0,1.0275551955212958,0.007502025423025138,0.21300567176520266
2020-06-28 00:00:00-06:00,28.587623999999998,29.58905813276836,24,1.0014341327683631,1.0350303380500725,100.0,1.0275551955212958,0.007475142528776679,0.21369656395907688
2020-06-29 00:00:00-06:00,27.575633166666666,28.602687258596937,24,1.027054091930271,1.0372449867505407,100.0,1.0275551955212958,0.009689791229244848,0.26720212839924
2020-06-30 00:00:00-06:00,27.56633933333333,28.588636064971755,24,1.0222967316384235,1.0370849650828413,100.0,1.0275551955212958,0.009529769561545498,0.2627008615020344
2020-07-01 00:00:00-06:00,29.317961,30.379188393939394,24,1.0612273939393937,1.0361971759884459,100.0,1.0275551955212958,0.008641980467150034,0.25336524629866647
2020-07-02 00:00:00-06:00,28.78309782768362,29.874982802283625,24,1.0918849746000063,1.0379349360217172,100.0,1.0275551955212958,0.010379740500421342,0.2987610862495972
2020-07-03 00:00:00-06:00,29.249457333333336,30.287431546903317,24,1.0379742135699814,1.0354869562789146,100.0,1.0275551955212958,0.007931760757618811,0.23199969785817912
2020-07-04 00:00:00-06:00,27.827894,28.8516385,24,1.0237444999999994,1.036788428905184,100.0,1.0275551955212958,0.009233233383888262,0.25694143988410384
2020-07-05 00:00:00-06:00,26.4979715,27.497059008474576,24,0.9990875084745774,1.03770430157171,100.0,1.0278798313881814,0.00982447018352861,0.2603285309257409
2020-07-06 00:00:00-06:00,25.333557666666668,26.354257031073445,24,1.0206993644067772,1.040290407602316,100.0,1.0280578310886697,0.012232576513646398,0.30989468252037333
2020-07-07 00:00:00-06:00,21.795614210304834,22.693448701383833,24,0.8978344910789993,1.0411933558015771,100.0,1.0280883950702304,0.013104960731346704,0.28563066834162704
2020-07-08 00:00:00-06:00,28.081580148148145,29.07553248148148,24,0.9939523333333362,1.035395171072625,100.0,1.0280883950702304,0.007306776002394599,0.20518581593580945
2020-07-09 00:00:00-06:00,28.03563871540452,29.177747826424454,24,1.1421091110199342,1.0407377596285112,100.0,1.0280883950702304,0.012649364558280807,0.3546330147354032
2020-07-10 00:00:00-06:00,27.437114688302906,28.436311835191262,24,0.9991971468883563,1.0364177195102202,100.0,1.028142311381992,0.008275408128228134,0.2270533219067094
2020-07-11 00:00:00-06:00,27.69265133333333,28.71132725862069,24,1.0186759252873578,1.0367850630488815,100.0,1.0282131183241339,0.008571944724747649,0.2373798765110426
2020-07-12 00:00:00-06:00,27.266854779761907,28.274087679681198,24,1.0072328999192912,1.0369398270557733,100.0,1.0282293611234175,0.008710465932355804,0.23750700964160912
2020-07-13 00:00:00-06:00,26.89066959600706,27.93810966041279,24,1.047440064405727,1.0389518029912226,100.0,1.0282293611234175,0.010722441867805133,0.28833364152954066
2020-07-14 00:00:00-06:00,26.646394573446326,27.71475104288649,24,1.0683564694401646,1.04009384708672,100.0,1.0282293611234175,0.011864485963302585,0.3161457743892761
2020-07-15 00:00:00-06:00,26.57657406122449,27.692341142857146,24,1.1157670816326544,1.041983104333247,100.0,1.0282293611234175,0.013753743209829583,0.36552737503509936
2020-07-16 00:00:00-06:00,26.427028475279105,27.458800886529886,24,1.0317724112507811,1.0390423165516298,100.0,1.0282293611234175,0.010812955428212367,0.285754281003292
2020-07-17 00:00:00-06:00,26.659893166666667,27.6769445,24,1.0170513333333346,1.0381491151136708,100.0,1.0282293611234175,0.009919753990253355,0.2644595816197698
2020-07-18 00:00:00-06:00,26.315282666666665,27.28585233333333,24,0.9705696666666661,1.036882357638365,100.0,1.0282293611234175,0.008652996514947553,0.2277060492045264
2020-07-19 00:00:00-06:00,26.211684,27.258654479865367,24,1.0469704798653652,1.0399428926377017,100.0,1.0282293611234175,0.011713531514284226,0.3070313865764596
2020-07-20 00:00:00-06:00,25.72774133309292,26.764659811525874,24,1.0369184784329555,1.0403035177090807,100.0,1.0282293611234175,0.012074156585663243,0.3106407774512043
2020-07-21 00:00:00-06:00,25.224163298850574,26.344065747126436,24,1.1199024482758624,1.0443980018289405,100.0,1.0283035797250732,0.016094422103867245,0.4059683313485776
2020-07-22 00:00:00-06:00,23.695648699579834,24.79118399369748,24,1.0955352941176457,1.0462336063471886,100.0,1.0284600169952052,0.017773589351983476,0.4211567294151933
2020-07-23 00:00:00-06:00,24.00893379904306,25.03656559925065,24,1.0276318002075904,1.0428020589672562,100.0,1.0284600169952052,0.014342041972051023,0.34433713625007
2020-07-24 00:00:00-06:00,22.854309319540228,23.99742714757677,24,1.1431178280365408,1.050017605522613,100.0,1.0284600169952052,0.021557588527407745,0.4926837963887483
2020-07-25 00:00:00-06:00,22.179081666666665,23.196504666666666,24,1.0174230000000009,1.0458730895756205,100.0,1.0284600169952052,0.017413072580415356,0.38620595882862624
2020-07-26 00:00:00-06:00,20.846048395833336,21.809959156609196,24,0.9639107607758604,1.0462394954896355,100.0,1.0284600169952052,0.01777947849443029,0.37063186914757185
2020-07-27 00:00:00-06:00,11.367261207356732,12.293081593881556,24,0.9258203865248245,1.0814462137920826,100.0,1.0284600169952052,0.05298619679687744,0.6023079393745144
2020-07-28 00:00:00-06:00,14.022076977490189,14.9801455232529,24,0.9580685457627123,1.068325722879764,100.0,1.0284600169952052,0.039865705884558844,0.5589999966752677
2020-07-29 00:00:00-06:00,21.094946697576454,22.137517398766896,24,1.0425707011904422,1.0494227701134804,100.0,1.0284600169952052,0.020962753118275224,0.4422081596644704
2020-07-30 00:00:00-06:00,23.18215852060728,24.344536099263355,24,1.1623775786560735,1.0501410417680823,100.0,1.0284600169952052,0.021681024772877144,0.5026129531740514
2020-07-31 00:00:00-06:00,22.017849585213032,22.984407763705143,24,0.9665581784921109,1.0438988455594338,100.0,1.0285577253310028,0.015341120228431038,0.3377784776582636
2020-08-01 00:00:00-06:00,22.683875462962963,23.623333962962963,24,0.9394585000000006,1.0414152555868992,100.0,1.0285771413034244,0.01283811428347481,0.2912181855856286
2020-08-02 00:00:00-06:00,22.29065018907182,23.260117855738486,24,0.9694676666666666,1.0434921215147845,100.0,1.0286998180824074,0.01479230343237714,0.3297300613017252
2020-08-03 00:00:00-06:00,22.712400427155554,23.74010801336245,24,1.027707586206894,1.0452487437205509,100.0,1.0286998180824074,0.016548925638143475,0.37586582573273536
2020-08-04 00:00:00-06:00,14.14873436790284,14.773337601773168,15,0.624603233870328,1.044145519848565,62.5,1.028814755042969,0.015330764805596031,0.21691091889117187
2020-08-05 00:00:00-06:00,18.063433605483482,18.359142691581333,18,0.29570908609785107,1.016370591137672,75.0,1.028814755042969,0.0,0.0
2020-08-06 00:00:00-06:00,24.224255906319797,24.96815319032262,24,0.7438972840028235,1.0307087774699717,100.0,1.028814755042969,0.0018940224270027617,0.04588128396402381
2020-08-07 00:00:00-06:00,25.826684552962487,26.80842648153392,24,0.9817419285714344,1.0380126967733,100.0,1.0289930775617875,0.00901961921151262,0.23294686016357666
2020-08-08 00:00:00-06:00,23.968688333333333,24.907626333333333,24,0.9389380000000003,1.0391735245142395,100.0,1.0294670852988006,0.0097064392154389,0.23265061638129952
2020-08-09 00:00:00-06:00,22.68951972053872,23.632778053872055,24,0.9432583333333362,1.0415724239627466,100.0,1.0294670852988006,0.01210533866394603,0.2746643203394033
2020-08-10 00:00:00-06:00,25.350094824561406,26.435450704833045,24,1.0853558802716385,1.042814667470989,100.0,1.0294670852988006,0.013347582172188455,0.3383624737436026
2020-08-11 00:00:00-06:00,25.7592125,26.78613024871795,24,1.026917748717949,1.039866038168595,100.0,1.0297479258671576,0.010118112301437332,0.2606346048715883
2020-08-12 00:00:00-06:00,25.525753166666664,26.456891925817786,24,0.9311387591511213,1.0364784048905977,100.0,1.0297479258671576,0.00673047902344015,0.17180054624576097
2020-08-13 00:00:00-06:00,25.001450171256565,25.939956068126286,24,0.9385058968697209,1.0375380584102556,100.0,1.0298118179211844,0.007726240489071223,0.19316721659865915
2020-08-14 00:00:00-06:00,26.128859042080656,27.090400113600452,24,0.9615410715197967,1.0367999639774255,100.0,1.03015454422424,0.006645419753185555,0.1736372360064438
2020-08-15 00:00:00-06:00,25.204417413101964,25.6352477772949,24,0.43083036419293563,1.0170934466419754,100.0,1.0298118179211844,0.0,0.0
2020-08-16 00:00:00-06:00,22.41512843800539,22.71966832278492,24,0.30453988477952976,1.0135863546631825,100.0,1.0297862362086887,0.0,0.0
2020-08-17 00:00:00-06:00,23.803782333333334,24.12127970199275,24,0.31749736865941713,1.0133381058612192,100.0,1.0297862362086887,0.0,0.0
2020-08-18 00:00:00-06:00,23.17246266025641,23.56586377014652,24,0.39340110989011023,1.0169770954282231,100.0,1.0297862362086887,0.0,0.0
2020-08-19 00:00:00-06:00,27.328688137254904,28.01846412760181,24,0.6897759903469058,1.0252399964053376,100.0,1.0297862362086887,0.0,0.0
2020-08-20 00:00:00-06:00,27.156580521441203,27.801028284261715,24,0.6444477628205121,1.0237308140585555,100.0,1.0294670852988006,0.0,0.0
2020-08-21 00:00:00-06:00,26.846190999999997,27.211276302631582,24,0.36508530263158434,1.0135991471800072,100.0,1.0289671489976566,0.0,0.0
2020-08-22 00:00:00-06:00,25.04421766666667,25.399712,24,0.3554943333333327,1.0141946671309476,100.0,1.0282340655639808,0.0,0.0
2020-08-23 00:00:00-06:00,24.728935833333335,25.082521092592593,24,0.3535852592592583,1.0142984421829686,100.0,1.0250890781706594,0.0,0.0
2020-08-24 00:00:00-06:00,22.519126333333332,22.888725214285714,24,0.36959888095238114,1.0164126651932004,100.0,1.0230670773168975,0.0,0.0
2020-08-25 00:00:00-06:00,24.5240935,24.847528483579637,24,0.32343498357963796,1.0131884582636923,100.0,1.0170818115206002,0.0,0.0
2020-08-26 00:00:00-06:00,24.315254833333334,24.6526395,24,0.3373846666666651,1.0138754320684376,100.0,1.016920652404721,0.0,0.0
2020-08-27 00:00:00-06:00,24.36834083333333,24.69977270872104,24,0.33143187538770746,1.0136009208691936,100.0,1.0164084577876475,0.0,0.0
2020-08-28 00:00:00-06:00,23.235118196969694,23.59559117398119,24,0.36047297701149716,1.015514144320493,100.0,1.016284946455954,0.0,0.0
2020-08-29 00:00:00-06:00,22.10028078985507,22.453998123188406,24,0.35371733333333566,1.0160051058489585,100.0,1.015956009696112,4.9096152846539454e-05,0.0010850387636101642
2020-08-30 00:00:00-06:00,22.863997540229885,23.20952820689655,24,0.3455306666666651,1.0151124345626217,100.0,1.0154739733447058,0.0,0.0
2020-08-31 00:00:00-06:00,22.725894333333333,23.071866809554766,24,0.34597247622143357,1.0152237122617427,100.0,1.0152125844918305,1.1127769912189223e-05,0.0002528885231900582
2020-09-01 00:00:00-06:00,23.78670998989899,24.151949940445174,24,0.36523995054618297,1.0153547905826943,100.0,1.0152125844918305,0.00014220609086379454,0.0033826150421743056
2020-09-02 00:00:00-06:00,24.85686310684613,25.193537283422774,24,0.33667417657664345,1.0135445158598437,100.0,1.0150310353246563,0.0,0.0
2020-09-03 00:00:00-06:00,22.731829343594836,23.05800303223248,24,0.3261736886376454,1.014348765500017,100.0,1.014343733168312,5.0323317049016936e-06,0.00011439410551618695
2020-09-04 00:00:00-06:00,22.887322833333332,23.17857697809934,24,0.29125414476600753,1.0127255663271295,100.0,1.0142880646777666,0.0,0.0
2020-09-05 00:00:00-06:00,21.36343069109821,21.660898784440082,24,0.2974680933418732,1.0139241724628911,100.0,1.014167617664142,0.0,0.0
2020-09-06 00:00:00-06:00,20.88083304925776,21.183595625506072,24,0.3027625762483126,1.0144995448952683,100.0,1.014167617664142,0.0003319272311261834,0.006930917097648229
2020-09-07 00:00:00-06:00,19.954235166666667,20.266945726000543,24,0.31271055933387615,1.015671387889437,100.0,1.014167617664142,0.0015037702252949092,0.030006584712165933
2020-09-08 00:00:00-06:00,20.471464961538462,20.737439866950965,24,0.26597490541250224,1.0129924705394662,100.0,1.0139192984234457,0.0,0.0
2020-09-09 00:00:00-06:00,23.193523833333334,23.47593918710431,24,0.2824153537709755,1.0121764745969775,100.0,1.0138479809485132,0.0,0.0
2020-09-10 00:00:00-06:00,21.708658064263325,21.991192214509628,24,0.2825341502463026,1.013014814154331,100.0,1.013600743500275,0.0,0.0
2020-09-11 00:00:00-06:00,22.95675449383667,23.265627584513553,24,0.30887309067688307,1.0134545626107474,100.0,1.0135978679283248,0.0,0.0
2020-09-12 00:00:00-06:00,23.156118666666664,23.4697778982684,24,0.31365923160173637,1.0135454147612937,100.0,1.0135822606729936,0.0,0.0
2020-09-13 00:00:00-06:00,21.583481839080463,21.882596043240287,24,0.2991142041598245,1.013858477811408,100.0,1.0135822606729936,0.00027621713841430307,0.005961727590607885
2020-09-14 00:00:00-06:00,21.698725754385965,22.01830833212341,24,0.3195825777374459,1.0147281725828001,100.0,1.0135822606729936,0.0011459119098065074,0.02486482826957607
2020-09-15 00:00:00-06:00,21.267616333333333,21.618038256410255,24,0.3504219230769223,1.0164767841202635,100.0,1.0135822606729936,0.0028945234472699255,0.06155961414437417
2020-09-16 00:00:00-06:00,20.43493366101695,20.791978037908073,24,0.35704437689112467,1.0174722552475053,100.0,1.0135822606729936,0.003889994574511668,0.07949178107186179
2020-09-17 00:00:00-06:00,22.929712666666667,23.30811552873563,24,0.37840286206896323,1.0165027302160246,100.0,1.0135822606729936,0.0029204695430309346,0.06696552747345064
2020-09-18 00:00:00-06:00,23.507711,23.843091833333332,24,0.3353808333333319,1.0142668434767355,100.0,1.0135822606729936,0.00068458280374184,0.016092974705932895
2020-09-19 00:00:00-06:00,21.975696833333334,22.294687000000003,24,0.31899016666666924,1.014515588246686,100.0,1.0135822606729936,0.0009333275736924662,0.020510523805656215
2020-09-20 00:00:00-06:00,23.048010166666668,23.3658435,24,0.31783333333333275,1.0137900552383912,100.0,1.0135822606729936,0.00020779456539754548,0.00478925125586071
2020-09-21 00:00:00-06:00,22.034091333333333,22.393819190794712,24,0.3597278574613796,1.0163259674301695,100.0,1.0135822606729936,0.0027437067571758345,0.060455085279496154
2020-09-22 00:00:00-06:00,25.245021877693464,25.608973369020653,24,0.36395149132718885,1.0144167627618013,100.0,1.0135822606729936,0.0008345020888076427,0.02106702348892983
2020-09-23 00:00:00-06:00,26.172149202122213,26.533806202627456,24,0.3616570005052431,1.0138183913637446,100.0,1.0135822606729936,0.000236130690751013,0.006180047669535692
2020-09-24 00:00:00-06:00,26.345645626773603,26.677914145292124,24,0.33226851851852146,1.0126118950822316,100.0,1.0135453248711488,0.0,0.0
2020-09-25 00:00:00-06:00,28.77017917607375,29.389309104916535,24,0.619129928842785,1.0215198496002997,100.0,1.0135453248711488,0.007974524729150945,0.22942850530170367
2020-09-26 00:00:00-06:00,22.429979124293787,23.154407124293787,24,0.7244279999999996,1.0322973104872566,100.0,1.0135453248711488,0.018751985616107802,0.4206066459083554
2020-09-27 00:00:00-06:00,26.98768654587877,27.75316020972058,24,0.76547366384181,1.0283638118643668,100.0,1.0135453248711488,0.014818486993217972,0.3999166820571482
2020-09-28 00:00:00-06:00,30.347937312577905,31.20360786439715,24,0.8556705518192445,1.0281953446458652,100.0,1.0135453248711488,0.01465001977471636,0.4445978817511188
2020-09-29 00:00:00-06:00,29.783647103714365,30.607476034936663,24,0.8238289312222982,1.0276604449533502,100.0,1.0135453248711488,0.014115120082201393,0.420399755354838
2020-09-30 00:00:00-06:00,28.270925466101694,29.018355579803575,24,0.7474301137018813,1.0264381197777939,100.0,1.0135453248711488,0.012892794906645078,0.3644912438554985
2020-10-01 00:00:00-06:00,23.497392333333334,24.263586333333333,24,0.7661939999999987,1.0326076182893316,100.0,1.0135453248711488,0.019062293418182774,0.4479141872201584
2020-10-02 00:00:00-06:00,26.684255,27.50713146376812,24,0.8228764637681181,1.0308375281141677,100.0,1.0135453248711488,0.017292203243018944,0.4614295608485445
2020-10-03 00:00:00-06:00,26.0378545,26.8498181683087,24,0.8119636683086995,1.0311839697970775,100.0,1.0135453248711488,0.017638644925928704,0.45927247015849487
2020-10-04 00:00:00-06:00,21.864622963276837,22.256046162671918,24,0.3914231993950814,1.0179021243610056,100.0,1.0135453248711488,0.0043567994898567886,0.09525977817231554
2020-10-05 00:00:00-06:00,8.513519083719938,9.046853915091027,24,0.5333348313710893,1.062645637617817,100.0,1.0135453248711488,0.04910031274666826,0.4180164495853776
2020-10-06 00:00:00-06:00,12.750259058284332,13.398290618556715,24,0.6480315602723827,1.0508249720503782,100.0,1.0135453248711488,0.03727964717922938,0.47532515913661333
2020-10-07 00:00:00-06:00,22.39565491489362,23.176965417718474,24,0.781310502824855,1.0348867003797806,100.0,1.0135453248711488,0.0213413755086318,0.47795408130048006
2020-10-08 00:00:00-06:00,27.5850085,28.422020258271168,24,0.8370117582711671,1.0303429943938993,100.0,1.0135453248711488,0.016797669522750525,0.4633638565652642
2020-10-09 00:00:00-06:00,26.317896166666664,27.09230198148148,24,0.7744058148148163,1.0294250653589725,100.0,1.0135453248711488,0.0158797404878237,0.4179213613121568
2020-10-10 00:00:00-06:00,21.137326833333333,21.868127944831514,24,0.7308011114981809,1.0345739609015137,100.0,1.0135453248711488,0.021028636030364867,0.44448915263303146
2020-10-11 00:00:00-06:00,22.489605,23.214575002435225,24,0.7249700024352244,1.032235781928372,100.0,1.0135453248711488,0.018690457057223275,0.4203409964864139
2020-10-12 00:00:00-06:00,25.157288666666666,25.929150854775784,24,0.7718621881091181,1.0306814537264437,100.0,1.0135453248711488,0.01713612885529492,0.4310985402418505
2020-10-13 00:00:00-06:00,25.131816166666667,25.911198935897435,24,0.779382769230768,1.031011796523663,100.0,1.0135453248711488,0.017466471652514137,0.43896415465127986
2020-10-14 00:00:00-06:00,25.3258345,26.118883971014494,24,0.7930494710144949,1.031313853488796,100.0,1.0135453248711488,0.017768528617647217,0.45000281507904716
2020-10-15 00:00:00-06:00,28.048466074074074,29.060751941354,24,1.0122858672799246,1.036090596348711,100.0,1.0135453248711488,0.022545271477562245,0.6323602821691945
2020-10-16 00:00:00-06:00,26.788511676711817,27.69847401004515,24,0.9099623333333327,1.0339683795917782,100.0,1.0135453248711488,0.02042305472062944,0.5471032398577061
2020-10-17 00:00:00-06:00,28.45355266283293,29.236486168482646,24,0.7829335056497158,1.027516195075085,100.0,1.0135453248711488,0.013970870203936281,0.3975208910933044
2020-10-18 00:00:00-06:00,28.315050136059455,29.345082000985308,24,1.0300318649258529,1.0363775398587092,100.0,1.0135453248711488,0.022832214987560384,0.6464953120900604
2020-10-19 00:00:00-06:00,28.153204363701025,29.074349380966552,24,0.9211450172655269,1.0327190114974334,100.0,1.0135453248711488,0.019173686626284603,0.5398007179953517
2020-10-20 00:00:00-06:00,24.942395666666666,25.769560152542372,24,0.8271644858757057,1.0331629927185038,100.0,1.0135453248711488,0.01961766784735497,0.48931163350597257
2020-10-21 00:00:00-06:00,28.746882806654114,29.620431345579423,24,0.8735485389253093,1.0303875917538825,100.0,1.0135453248711488,0.016842266882733714,0.4841626722763378
2020-10-22 00:00:00-06:00,27.10604497757773,28.094953603889273,24,0.9889086263115416,1.036482955264391,100.0,1.0135453248711488,0.02293763039324226,0.6217484411182786
2020-10-23 00:00:00-06:00,27.26440171669011,28.275555000370527,24,1.011153283680418,1.0370869419467743,100.0,1.0135453248711488,0.02354161707562552,0.6418481050103456
2020-10-24 00:00:00-06:00,26.505451002638896,27.420805515282577,24,0.9153545126436811,1.0345345760218358,100.0,1.0135453248711488,0.02098925115068706,0.5563295679566179
2020-10-25 00:00:00-06:00,26.376493963499613,27.18984396349961,24,0.8133499999999962,1.0308361680337625,100.0,1.0135453248711488,0.017290843162613756,0.45607182030250026
2020-10-26 00:00:00-06:00,26.15341919072667,26.92345771617823,24,0.7700385254515609,1.0294431301634395,100.0,1.0135453248711488,0.01589780529229068,0.41578196602183104
2020-10-27 00:00:00-06:00,28.49637754126482,29.497052370418423,24,1.0006748291536027,1.0351158608740552,100.0,1.0135453248711488,0.02157053600290637,0.6146821377062653
2020-10-28 00:00:00-06:00,28.053001644431273,28.935524130473965,24,0.8825224860426921,1.0314591107657058,100.0,1.0135453248711488,0.017913785894557055,0.5025354651579989
2020-10-29 00:00:00-06:00,27.884005166666665,28.65640706321839,24,0.7724018965517239,1.0277005362728548,100.0,1.0135453248711488,0.014155211401706058,0.3947039878604306
2020-10-30 00:00:00-06:00,26.374001333333332,27.12981633333333,24,0.7558149999999983,1.028657577985512,100.0,1.0135453248711488,0.015112253114363261,0.39857058378788746
2020-10-31 00:00:00-06:00,27.8548244751551,28.6278499751551,24,0.7730254999999993,1.027751942960168,100.0,1.0135453248711488,0.01420661808901924,0.39572285325519435
2020-11-01 00:00:00-06:00,26.753056023569023,27.62618553099268,25,0.8731295074236556,1.032636626883091,100.0,1.0135453248711488,0.019091302011942313,0.5107506722883687
2020-11-02 00:00:00-07:00,28.007761349998106,28.784825255136447,24,0.7770639051383412,1.0277445917732513,100.0,1.0135453248711488,0.014199266902102492,0.3976896787390135
2020-11-03 00:00:00-07:00,26.288263471902937,26.82694099579632,24,0.5386775238933836,1.0204911794371327,100.0,1.0135453248711488,0.0069458545659839555,0.18259445486810624
2020-11-04 00:00:00-07:00,24.753177278127183,25.027419778127182,24,0.2742424999999997,1.0110790827746516,100.0,1.0135355205349341,0.0,0.0
2020-11-05 00:00:00-07:00,23.069200499999997,23.357338722222224,24,0.2881382222222264,1.0124901694023696,100.0,1.0134429169357946,0.0,0.0
2020-11-06 00:00:00-07:00,15.213326830128205,15.446739175521941,16,0.23341234539373623,1.0153426234774297,66.66666666666667,1.0134429169357946,0.0018997065416350711,0.02890085649922689
2020-11-09 00:00:00-07:00,21.338328028699102,21.93168869216064,19,0.5933606634615387,1.0278072706851022,79.16666666666667,1.013419625585889,0.014387645099213309,0.3070082906875186
2020-11-10 00:00:00-07:00,27.221614145236703,28.189881310261335,24,0.9682671650246313,1.0355697924398821,100.0,1.013419625585889,0.02215016685399318,0.602963295352014
2020-11-11 00:00:00-07:00,26.443916166666664,27.43138539110864,24,0.9874692244419769,1.0373420191706215,100.0,1.013419625585889,0.023922393584732582,0.6326017704606728
2020-11-12 00:00:00-07:00,27.043875333333332,28.077692,24,1.0338166666666666,1.0382273861983242,100.0,1.013419625585889,0.02480776061243528,0.6708979853018767
2020-11-13 00:00:00-07:00,25.933266488700568,26.8719625821382,24,0.9386960934376312,1.0361966007578194,100.0,1.013419625585889,0.022776975171930447,0.5906813669401887
2020-11-14 00:00:00-07:00,26.872393333333335,27.787784921878043,24,0.9153915885447077,1.0340643863458647,100.0,1.013419625585889,0.02064476075997579,0.554774131414635
2020-11-15 00:00:00-07:00,29.275778666666664,30.145388859456634,24,0.8696101927899704,1.0297040841403855,100.0,1.013517529885115,0.016186554255270602,0.4738739797532936
2020-11-16 00:00:00-07:00,28.85475925141243,29.668537853425935,24,0.8137786020135067,1.0282025781231798,100.0,1.013517529885115,0.014685048238064935,0.42373353150474197
2020-11-17 00:00:00-07:00,27.9817065,28.799156416130916,24,0.817449916130915,1.0292137263369163,100.0,1.013517529885115,0.015696196451801425,0.4392063622806489
2020-11-18 00:00:00-07:00,26.714372833333336,27.520718559298295,24,0.8063457259649596,1.0301839661741499,100.0,1.013517529885115,0.01666643628903497,0.4452333928282766
2020-11-19 00:00:00-07:00,27.565074413987922,28.377367842559348,24,0.8122934285714258,1.0294682109821995,100.0,1.013517529885115,0.01595068109708464,0.4396817113949286
2020-11-20 00:00:00-07:00,27.990652331969606,28.953953307841488,24,0.9633009758718813,1.034415095598599,100.0,1.013517529885115,0.020897565713484,0.5849364964706191
2020-11-21 00:00:00-07:00,27.857915199556093,28.87161182865149,24,1.0136966290953957,1.036388100898216,100.0,1.013517529885115,0.022870571013101193,0.6371264278483987
2020-11-22 00:00:00-07:00,28.24381337585489,29.25517986395013,24,1.0113664880952378,1.035808425535053,100.0,1.013517529885115,0.022290895649938136,0.6295798967175084
2020-11-23 00:00:00-07:00,28.2033995,29.11030032883598,24,0.9069008288359797,1.0321557274978848,100.0,1.0135451450908588,0.018610582407025955,0.5248816905530246
2020-11-24 00:00:00-07:00,28.55682273163842,29.56336570457289,24,1.0065429729344721,1.035247022485429,100.0,1.0135451450908588,0.0217018773945703,0.6197366657004951
2020-11-25 00:00:00-07:00,27.879147552893045,28.81372922114701,24,0.9345816682539656,1.0335226056134197,100.0,1.0135451450908588,0.019977460522560886,0.5569545696405708
2020-11-26 00:00:00-07:00,24.071807043859646,25.06001854385965,24,0.988211500000002,1.0410526512695721,100.0,1.0135451450908588,0.027507506178713337,0.6621553809917644
2020-11-27 00:00:00-07:00,26.100677166666667,27.095306524300582,24,0.9946293576339151,1.03810741580698,100.0,1.0135451450908588,0.02456227071612127,0.6410918984417517
2020-11-28 00:00:00-07:00,26.39417316666667,27.28471838978876,24,0.8905452231220927,1.0337402205213524,100.0,1.0135451450908588,0.020195075430493592,0.5330323180263433
2020-11-29 00:00:00-07:00,24.489522666666666,25.4862159766104,24,0.9966933099437334,1.0406987642638033,100.0,1.0135451450908588,0.027153619172944454,0.6649791722178577
2020-11-30 00:00:00-07:00,26.936047694915253,27.774169018806067,24,0.8381213238908138,1.031115230169756,100.0,1.0135451450908588,0.017570085078897124,0.47326864968889176
2020-12-01 00:00:00-07:00,26.354823327586207,27.200629893008063,24,0.8458065654218565,1.032093046305362,100.0,1.0137166630952619,0.018376383210100045,0.48430633290220815
2020-12-02 00:00:00-07:00,24.92520533333333,25.815191035693548,24,0.8899857023602173,1.0357062535878094,100.0,1.0137166630952619,0.02198959049254756,0.5480950582226624
2020-12-03 00:00:00-07:00,24.055293522988503,24.954540630640142,24,0.8992471076516395,1.0373825040543476,100.0,1.0138098905261386,0.023572613528209052,0.5670461375250384
2020-12-04 00:00:00-07:00,25.905942,26.786791886712333,24,0.8808498867123333,1.0340018474028982,100.0,1.0138098905261386,0.020191956876759676,0.5230916637158373
2020-12-05 00:00:00-07:00,24.059457166666668,24.96196681324035,24,0.9025096465736802,1.037511637952666,100.0,1.0138098905261386,0.02370174742652753,0.5702511769836911
2020-12-06 00:00:00-07:00,23.0362115,23.80835062494136,24,0.7721391249413614,1.0335184943471005,100.0,1.0138098905261386,0.019708603820961956,0.45401156598938774
2020-12-07 00:00:00-07:00,25.054264,25.877689732083425,24,0.8234257320834253,1.0328656923262014,100.0,1.0138464518771089,0.019019240449092534,0.4765130712910429
2020-12-08 00:00:00-07:00,25.787893762711864,26.546907157469732,24,0.7590133947578686,1.0294329347616349,100.0,1.0141443337771372,0.015288600984497691,0.3942608179687185
2020-12-09 00:00:00-07:00,24.25873383333333,24.959658392655363,24,0.7009245593220328,1.0288936992399376,100.0,1.0143717869762816,0.014521912263655956,0.35228320435504895
2020-12-10 00:00:00-07:00,26.810816000000003,27.779119311662967,24,0.9683033116629645,1.036116144755272,100.0,1.0144859406012205,0.02163020415405148,0.5799234236167099
2020-12-11 00:00:00-07:00,27.538348000000003,28.544948833333336,24,1.0066008333333336,1.0365526949304777,100.0,1.014664397281966,0.021888297648511745,0.6027675577722982
2020-12-12 00:00:00-07:00,27.145531754035513,28.042559644446996,24,0.8970278904114828,1.0330451397504168,100.0,1.0151582882090409,0.017886851541375925,0.4855480964961392
2020-12-13 00:00:00-07:00,25.346672222222224,26.237449149616832,24,0.890776927394608,1.0351437427203416,100.0,1.0160309642443475,0.01911277847599413,0.4844453312869672
2020-12-14 00:00:00-07:00,26.6719643929078,27.54964381260477,24,0.877679419696971,1.032906440889309,100.0,1.0160309642443475,0.016875476644961473,0.4501021121877596
2020-12-15 00:00:00-07:00,27.561811833333334,28.38758244229217,24,0.8257706089588375,1.029960679434004,100.0,1.0160309642443475,0.013929715189656466,0.3839281889492367
2020-12-16 00:00:00-07:00,26.6507615,27.59736093212074,24,0.9465994321207383,1.035518663589434,100.0,1.0160309642443475,0.01948769934508654,0.5193620274296076
2020-12-17 00:00:00-07:00,26.705958649425288,27.610756241045422,24,0.9047975916201345,1.0338799892375181,100.0,1.0174292772817548,0.01645071195576331,0.4393320332442211
2020-12-18 00:00:00-07:00,26.538315166666667,27.56769618541061,24,1.029381018743944,1.0387884842078028,100.0,1.0197144629142947,0.019074021293508103,0.506192388582829
2020-12-19 00:00:00-07:00,25.636644666666665,26.54132477226511,24,0.9046801055984446,1.0352885534500047,100.0,1.0212112485513496,0.014077304898655107,0.36089486355114697
2020-12-20 00:00:00-07:00,24.517417000000002,25.357521792178474,24,0.8401047921784723,1.0342656321495234,100.0,1.0249626387245456,0.009302993424977757,0.22808536914843788
2020-12-21 00:00:00-07:00,25.801617194915252,26.58453867110573,24,0.7829214761904773,1.0303438916357834,100.0,1.0271927724858978,0.0031511191498856395,0.08130397004091605
2020-12-22 00:00:00-07:00,26.48652266666667,27.317708256855283,24,0.831185590188614,1.0313814539057882,100.0,1.0276171699898706,0.0037642839159175434,0.09970279126271879
2020-12-23 00:00:00-07:00,27.200599333333333,28.146052863546746,24,0.9454535302134133,1.034758555082821,100.0,1.0276885088770034,0.007070046205817748,0.1923094941126021
2020-12-24 00:00:00-07:00,26.100677833333336,26.894126166666666,24,0.7934483333333304,1.0303995297899893,100.0,1.0277313751231323,0.002668154666856992,0.06964064536913919
2020-12-25 00:00:00-07:00,24.645381666666665,25.35760740229885,24,0.7122257356321846,1.0288989533724886,100.0,1.0277313751231323,0.0011675782493563158,0.028775411581084907
2020-12-26 00:00:00-07:00,25.024265666666665,25.78137504901961,24,0.7571093823529438,1.0302550089756057,100.0,1.0277313751231323,0.0025236338524734503,0.06315208396968909
2020-12-27 00:00:00-07:00,27.510141,28.458520248839122,24,0.948379248839121,1.034473805453746,100.0,1.0277313751231323,0.0067424303306136135,0.18548520907785712
2020-12-28 00:00:00-07:00,27.384876499999997,28.396274962643677,24,1.0113984626436796,1.0369327377701951,100.0,1.027749737604093,0.009183000166102184,0.2514753254481878
2020-12-29 00:00:00-07:00,26.602356333333333,27.591979305084745,24,0.9896229717514125,1.0372005757441642,100.0,1.027790672367622,0.009409903376542239,0.25032560268501314
2020-12-30 00:00:00-07:00,26.323798833333335,27.321596364071162,24,0.9977975307378273,1.0379047696366048,100.0,1.027790672367622,0.010114097268982825,0.26624146188946995
2020-12-31 00:00:00-07:00,24.92699054416213,25.893121801915328,24,0.9661312577531973,1.0387584396135403,100.0,1.027790672367622,0.010967767245918303,0.27339343042957664
2021-01-01 00:00:00-07:00,24.37429733333333,25.29756635108959,24,0.9232690177562581,1.0378787952378685,100.0,1.027790672367622,0.010088122870246519,0.2458909063745887
2021-01-02 00:00:00-07:00,27.574335166666668,28.45301316189363,24,0.8786779952269619,1.0318657907766768,100.0,1.0280839858917565,0.0037818048849203034,0.10428075543172971
2021-01-03 00:00:00-07:00,26.781593166666667,27.580456545159006,24,0.7988633784923387,1.029828822113788,100.0,1.0280839858917565,0.0017448362220313651,0.046729493840907695
2021-01-04 00:00:00-07:00,26.20806616666667,27.10919849648334,24,0.9011323298166722,1.034383778035588,100.0,1.0280839858917565,0.006299792143831473,0.1651053693417821
2021-01-05 00:00:00-07:00,20.36410579416283,21.053099433899746,19,0.6889936397369176,1.033833729145839,79.16666666666667,1.0280839858917565,0.005749743254082507,0.11708837991541021
2021-01-07 00:00:00-07:00,16.292979572849376,16.908023278818888,15,0.6150437059695122,1.0377490012320656,62.5,1.0280444551479488,0.00970454608411675,0.15811597111228962
2021-01-08 00:00:00-07:00,26.33076916666667,27.35396948773801,24,1.0232003210713394,1.038859492276688,100.0,1.0280444551479488,0.010815037128739213,0.2847682461657617
2021-01-09 00:00:00-07:00,26.090238166666666,27.049933259037424,24,0.9596950923707581,1.0367836846195173,100.0,1.0280444551479488,0.008739229471568466,0.22800857830637375
2021-01-10 00:00:00-07:00,26.12436633333333,27.089496693895025,24,0.9651303605616945,1.0369436849968774,100.0,1.0280444551479488,0.008899229848928547,0.232486740657944
2021-01-11 00:00:00-07:00,25.505659833333333,26.456552970777324,24,0.9508931374439911,1.03728165213751,100.0,1.0280444551479488,0.009237196989561047,0.2356008042292348
2021-01-12 00:00:00-07:00,26.682006833333332,27.575303209538877,24,0.8932963762055444,1.033479354899556,100.0,1.0280444551479488,0.0054348997516071584,0.14501403231086382
2021-01-13 00:00:00-07:00,27.500445576576578,28.34001647747748,24,0.8395709009009025,1.0305293562812672,100.0,1.0280444551479488,0.00248490113331834,0.06833588837999448
2021-01-14 00:00:00-07:00,27.695145,28.67792334754991,24,0.9827783475499103,1.0354855823123479,100.0,1.0280444551479488,0.007441127164399042,0.2060830957814703
2021-01-15 00:00:00-07:00,25.146630420795304,26.108344864580868,24,0.9617144437855636,1.0382442668338683,100.0,1.0284755780405792,0.009768688793289071,0.24564960678060513
2021-01-16 00:00:00-07:00,5.030839084291188,5.968205946249442,24,0.937366861958254,1.1863241591020444,100.0,1.0284755780405792,0.15784858106146515,0.7941108110039247
2021-01-17 00:00:00-07:00,5.138358749479062,5.989819371077867,24,0.8514606215988048,1.1657067291545433,100.0,1.0284755780405792,0.1372311511139641,0.7051428860275208
2021-01-18 00:00:00-07:00,5.167504956140351,6.172928323669343,24,1.0054233675289916,1.1945665028021473,100.0,1.0284755780405792,0.16609092476156806,0.8582756768753371
2021-01-19 00:00:00-07:00,5.049318474890144,6.026291947415395,24,0.976973472525251,1.1934862055906479,100.0,1.0284755780405792,0.16501062755006868,0.8331912102417783
2021-01-20 00:00:00-07:00,5.698101595238095,6.515579074657994,24,0.8174774794198996,1.143464883129333,100.0,1.0284755780405792,0.11498930508875382,0.6552207427615481
2021-01-21 00:00:00-07:00,15.473456,16.43224573417771,24,0.9587897341777083,1.0619635157251042,100.0,1.0284755780405792,0.03348793768452496,0.5181741302922389
2021-01-22 00:00:00-07:00,25.484942618520925,26.439435346109544,24,0.9544927275886188,1.0374532029314811,100.0,1.0284755780405792,0.008977624890901925,0.22879425519524074
2021-01-23 00:00:00-07:00,26.517762551825292,27.49432544116316,24,0.9765628893378668,1.0368267453722504,100.0,1.0284755780405792,0.008351167331671183,0.22145427233181686
2021-01-24 00:00:00-07:00,26.317625500000002,27.264212040229886,24,0.9465865402298839,1.0359677790927562,100.0,1.0284755780405792,0.007492201052176961,0.19717694146189924
2021-01-25 00:00:00-07:00,27.510948666666668,28.500410228423924,24,0.9894615617572562,1.0359661011238093,100.0,1.0284755780405792,0.007490523083230061,0.20607139602922395
2021-01-26 00:00:00-07:00,28.053612833333332,29.00395232485876,24,0.9503394915254262,1.033875832577123,100.0,1.0284755780405792,0.005400254536543692,0.15149664996964865
2021-01-27 00:00:00-07:00,28.444491166666666,29.40518134907912,24,0.9606901824124527,1.0337742087486612,100.0,1.0287992507381674,0.004974958010493857,0.1415101491840301
2021-01-28 00:00:00-07:00,26.962208999999998,27.918419219671467,24,0.956210219671469,1.0354648322647253,100.0,1.028896851719468,0.0065679805452572015,0.17708726416915863
2021-01-29 00:00:00-07:00,26.1332035,27.016580326989807,24,0.8833768269898066,1.0338028526426086,100.0,1.0290878171511453,0.0047150354914633485,0.1232189820081342
2021-01-30 00:00:00-07:00,26.04691646296296,26.92732801101519,24,0.8804115480522299,1.0338009894301354,100.0,1.0290878171511453,0.004713172278990152,0.12276360462640926
2021-01-31 00:00:00-07:00,25.542669833333335,26.45237341786171,24,0.9097035845283763,1.0356150547481613,100.0,1.0293452513917474,0.006269803356413917,0.16014751705280583
2021-02-01 00:00:00-07:00,25.871701,26.752194251101987,24,0.880493251101985,1.0340330638137007,100.0,1.0294541004939737,0.00457896331972707,0.11846556989794615
2021-02-02 00:00:00-07:00,26.962415,27.754197687346966,24,0.7917826873469664,1.0293661635037872,100.0,1.0294541004939737,0.0,0.0
2021-02-03 00:00:00-07:00,27.385803,28.257168339052892,24,0.8713653390528933,1.031818140919691,100.0,1.0296097348771112,0.002208406042579769,0.06047897282609917
2021-02-04 00:00:00-07:00,30.125419750000002,31.153143970338984,24,1.0277242203389818,1.0341148514731975,100.0,1.0297789269244269,0.004335924548770631,0.13062154703604462
2021-02-05 00:00:00-07:00,33.25171166666667,34.27531683348867,24,1.0236051668219943,1.0307835331029924,100.0,1.0297914007217672,0.000992132381225197,0.03299009987566367
2021-02-06 00:00:00-07:00,32.10083783333333,33.0728642265437,24,0.9720263932103705,1.0302804057095676,100.0,1.0298038745191074,0.0004765311904602054,0.015297050467488332
2021-02-07 00:00:00-07:00,31.490559833333332,32.35090222413793,24,0.8603423908046004,1.0273206445156275,100.0,1.0298038745191074,0.0,0.0
2021-02-08 00:00:00-07:00,31.612510166666667,32.506663727767695,24,0.8941535611010281,1.0282848010609373,100.0,1.0296569095087482,0.0,0.0
2021-02-09 00:00:00-07:00,32.241760166666666,33.136434889148646,24,0.8946747224819802,1.0277489416786538,100.0,1.0294611557380866,0.0,0.0
2021-02-10 00:00:00-07:00,32.188259333333335,33.061255833333334,24,0.8729964999999993,1.027121581535661,100.0,1.0294195805100654,0.0,0.0
2021-02-11 00:00:00-07:00,32.103456666666666,32.979953443839484,24,0.876496777172818,1.027302255525739,100.0,1.029335676070413,0.0,0.0
2021-02-12 00:00:00-07:00,32.417918666666665,33.19528133908046,24,0.7773626724137941,1.0239794133734166,100.0,1.0291507717440307,0.0,0.0
2021-02-13 00:00:00-07:00,31.9492265,32.68753316666667,24,0.7383066666666664,1.0231087493359712,100.0,1.0288979025459783,0.0,0.0
2021-02-14 00:00:00-07:00,32.841921166666665,33.579805701300955,24,0.7378845346342899,1.0224677640168998,100.0,1.0288979025459783,0.0,0.0
2021-02-15 00:00:00-07:00,31.47869,32.31464376149425,24,0.8359537614942525,1.0265561801172238,100.0,1.0287719196041376,0.0,0.0
2021-02-16 00:00:00-07:00,32.58292633333333,33.602584046420766,24,1.0196577130874331,1.0312942337546978,100.0,1.0287719196041376,0.0025223141505601454,0.08218437615722546
2021-02-17 00:00:00-07:00,31.616676666666667,32.5846905819209,24,0.968013915254236,1.030617193750626,100.0,1.0287719196041376,0.0018452741464884959,0.05834143605088608
2021-02-18 00:00:00-07:00,31.6818905,32.610115335608526,24,0.9282248356085248,1.0292982780054911,100.0,1.0287719196041376,0.0005263584013535105,0.016676029235436974
2021-02-19 00:00:00-07:00,31.841069833333336,32.77652124246241,24,0.9354514091290724,1.0293787681766202,100.0,1.0287719196041376,0.00060684857248261,0.01932270777467743
2021-02-20 00:00:00-07:00,31.6367585,32.36007597383689,24,0.723317473836893,1.022863198005475,100.0,1.0281776291844806,0.0,0.0
2021-02-21 00:00:00-07:00,27.20046717923242,27.521277524069255,24,0.32081034483683624,1.0117942953965797,100.0,1.0276632822460485,0.0,0.0
2021-02-22 00:00:00-07:00,28.505088533898306,29.011249833105683,24,0.5061612992073776,1.0177568751840729,100.0,1.0273169667176498,0.0,0.0
2021-02-23 00:00:00-07:00,32.04655223177062,32.8804849676617,24,0.8339327358910822,1.0260225415158493,100.0,1.0272661207277234,0.0,0.0
2021-02-24 00:00:00-07:00,31.616308310734464,32.60525016138613,24,0.988941850651667,1.031279485287531,100.0,1.0272661207277234,0.0040133645598077194,0.12688777128625597
2021-02-25 00:00:00-07:00,32.368048509351254,33.32485698052494,24,0.9568084711736873,1.0295602767308403,100.0,1.0272661207277234,0.0022941560031168873,0.07425735279690679
2021-02-26 00:00:00-07:00,32.19803758435613,33.154275657613226,24,0.9562380732570972,1.0296986445447749,100.0,1.0272661207277234,0.0024325238170515018,0.07832249328626568
2021-02-27 00:00:00-07:00,33.380397703195015,34.40779318721995,24,1.027395484024936,1.0307784075300757,100.0,1.0272661207277234,0.0035122868023522713,0.11724153031020192
2021-02-28 00:00:00-07:00,32.66604145752971,33.642660648276895,24,0.9766191907471864,1.0298970780410268,100.0,1.0272661207277234,0.002630957313303428,0.08594296066936076
2021-03-01 00:00:00-07:00,25.618273527469317,26.522924251127822,24,0.9046507236585057,1.0353127123374841,100.0,1.0272661207277234,0.008046591609760734,0.20613978482269013
2021-03-02 00:00:00-07:00,22.078877532785796,22.891313904945928,24,0.812436372160132,1.0367969961767174,100.0,1.0272661207277234,0.009530875448994003,0.21043103181857342
2021-03-03 00:00:00-07:00,33.54772416666667,34.419632875101065,24,0.8719087084343968,1.0259901000766167,100.0,1.0270085012519734,0.0,0.0
2021-03-04 00:00:00-07:00,32.94766874293785,33.983906908834285,24,1.0362381658964352,1.0314510314517638,100.0,1.0270085012519734,0.004442530199790351,0.14637101340319
2021-03-05 00:00:00-07:00,31.42667086440678,32.3442864969295,24,0.9176156325227183,1.0291986267486573,100.0,1.0270085012519734,0.002190125496683848,0.06882835313602871
2021-03-06 00:00:00-07:00,34.821817833333334,35.67882897734393,24,0.857011144010599,1.024611326959221,100.0,1.026449452396949,0.0,0.0
2021-03-07 00:00:00-07:00,33.571614000000004,34.37504752824859,24,0.8034335282485827,1.023931930357849,100.0,1.0260160532280027,0.0,0.0
2021-03-08 00:00:00-07:00,31.178844182690433,31.927429589773404,24,0.7485854070829703,1.0240094021028068,100.0,1.0257143454531377,0.0,0.0
2021-03-09 00:00:00-07:00,32.54828108628938,33.31287525546151,24,0.7645941691721347,1.0234910767528738,100.0,1.0244909419879382,0.0,0.0
2021-03-10 00:00:00-07:00,32.86812909470711,33.87110231041087,24,1.0029732157037614,1.0305150686494435,100.0,1.0244909419879382,0.0060241266615053135,0.1980017727932236
2021-03-11 00:00:00-07:00,31.446827166666665,32.29964428671469,24,0.852817120048023,1.0271193375257903,100.0,1.0244909419879382,0.0026283955378521018,0.08265470020447292
2021-03-12 00:00:00-07:00,29.50955189366697,29.86735917667893,24,0.35780728301196163,1.0121251344073696,100.0,1.0240034043569288,0.0,0.0
2021-03-13 00:00:00-07:00,30.46938506060606,30.79918306060606,24,0.32979800000000026,1.0108239138841826,100.0,1.0239699167703031,0.0,0.0
2021-03-14 00:00:00-07:00,26.873897689655173,27.172069034573983,23,0.2981713449188099,1.0110952028009539,100.0,1.023843759636854,0.0,0.0
2021-03-15 00:00:00-06:00,31.58688109770115,32.33816957330482,24,0.7512884756036691,1.0237848261523468,100.0,1.0237554512123994,2.9374939947368617e-05,0.0009278627353696441
2021-03-16 00:00:00-06:00,31.54760989146773,32.62198564322652,24,1.0743757517587937,1.0340556940907706,100.0,1.0237554512123994,0.010300242878371169,0.3249480441142223
2021-03-17 00:00:00-06:00,31.641723333333335,32.70042805962378,24,1.058704726290447,1.0334591360633996,100.0,1.0237554512123994,0.00970368485100015,0.30704131136920465
2021-03-18 00:00:00-06:00,34.012869434593654,35.03041300002424,24,1.0175435654305858,1.0299164281739683,100.0,1.0237554512123994,0.00616097696156892,0.2095525049833832
2021-03-19 00:00:00-06:00,36.696326,37.65559501791123,24,0.9592690179112324,1.0261407373019096,100.0,1.0237554512123994,0.0023852860895101635,0.08753123594393014
2021-03-20 00:00:00-06:00,36.640061833333334,37.320979305242105,24,0.6809174719087707,1.0185839607751237,100.0,1.0234528440111834,0.0,0.0
2021-03-21 00:00:00-06:00,35.57794226193259,36.58245019301582,24,1.004507931083232,1.0282340086924597,100.0,1.0234528440111834,0.0047811646812763176,0.17010400097524017
2021-03-22 00:00:00-06:00,34.049478336158195,35.15729719595892,24,1.107818859800723,1.0325355604236761,100.0,1.0234528440111834,0.009082716412492697,0.3092617557206386
2021-03-23 00:00:00-06:00,34.226802,35.338171652821316,24,1.1113696528213168,1.0324707418712773,100.0,1.0234528440111834,0.009017897860093882,0.308653804513657
2021-03-24 00:00:00-06:00,30.614882833333333,31.689835919488278,24,1.0749530861549452,1.0351121084476123,100.0,1.0234528440111834,0.01165926443642884,0.35694701464411915
2021-03-25 00:00:00-06:00,33.353367,34.312349940850645,24,0.9589829408506461,1.028752207861073,100.0,1.0234528440111834,0.0052993638498894935,0.17675162735189717
2021-03-26 00:00:00-06:00,34.706376,35.7608834679803,24,1.0545074679803008,1.0303836813149347,100.0,1.0234528440111834,0.006930837303751325,0.2405442454588197
2021-03-27 00:00:00-06:00,36.03885675869759,36.94813728332686,24,0.909280524629267,1.025230559635048,100.0,1.0234528440111834,0.0017777156238645286,0.06406683872615247
2021-03-28 00:00:00-06:00,35.480499183908044,36.26574764224138,24,0.785248458333335,1.022131832313382,100.0,1.0230841942029216,0.0,0.0
2021-03-29 00:00:00-06:00,34.85558110314466,35.67556281283507,24,0.8199817096904098,1.0235251194712238,100.0,1.0230841942029216,0.0004409252683021947,0.015368706449732965
2021-03-30 00:00:00-06:00,33.676089,34.714651201416736,24,1.0385622014167382,1.0308397510594753,100.0,1.0230841942029216,0.007755556856553714,0.2611768229458631
2021-03-31 00:00:00-06:00,32.71382033333333,33.68802468478675,24,0.974204351453416,1.029779595948345,100.0,1.0230841942029216,0.006695401745423268,0.21903216975926318
2021-04-01 00:00:00-06:00,32.82456233333333,33.69478472998987,24,0.870222396656537,1.02651131758649,100.0,1.0230841942029216,0.00342712338356832,0.11249382512796256
2021-04-02 00:00:00-06:00,32.93133916666667,33.708866599616854,24,0.7775274329501869,1.0236105622372382,100.0,1.0230841942029216,0.0005263680343166044,0.01733400426457174
2021-04-03 00:00:00-06:00,34.005700833333336,34.78977979310345,24,0.7840789597701132,1.023057279825315,100.0,1.023037871643331,1.9408181983981976e-05,0.0006599888302661809
2021-04-04 00:00:00-06:00,33.18927016666667,33.96038078302394,24,0.7711106163572765,1.023233732241926,100.0,1.023037871643331,0.00019586059859499905,0.006500470321774477
2021-04-05 00:00:00-06:00,31.938785333333332,32.70815718684423,24,0.7693718535109006,1.0240889515828875,100.0,1.023037871643331,0.001051079939556443,0.033570216557666205
2021-04-06 00:00:00-06:00,31.85555329122807,32.67334657613796,24,0.8177932849098895,1.025671922174244,100.0,1.023037871643331,0.0026340505309130346,0.08390913705928776
2021-04-07 00:00:00-06:00,31.17669583333333,31.946386999999998,24,0.7696911666666679,1.0246880288655777,100.0,1.023057279825315,0.0016307490402627245,0.05084136680877121
2021-04-08 00:00:00-06:00,32.72632183333334,33.467429338532085,24,0.7411075051987481,1.022645609518021,100.0,1.022863198005475,0.0,0.0
2021-04-09 00:00:00-06:00,34.587375,35.50903753387063,24,0.9216625338706308,1.026647368696544,100.0,1.022863198005475,0.0037841706910690665,0.13088453075601497
2021-04-10 00:00:00-06:00,31.648856166666665,32.52379881355416,24,0.8749426468874937,1.0276453165409816,100.0,1.022863198005475,0.004782118535506585,0.15134858170219856
2021-04-11 00:00:00-06:00,31.64267440063144,32.44749712196077,24,0.8048227213293337,1.0254347249900366,100.0,1.022863198005475,0.002571526984561645,0.08136999108492173
2021-04-12 00:00:00-06:00,31.542036803030303,32.55496937467305,24,1.0129325716427466,1.032113733744215,100.0,1.022863198005475,0.009250535738740018,0.2917807387190848
2021-04-13 00:00:00-06:00,32.049469334900735,33.09438443492567,24,1.0449151000249373,1.0326031950515655,100.0,1.022863198005475,0.00973999704609052,0.3121617366507019
2021-04-14 00:00:00-06:00,31.848891984848485,32.90868390949719,24,1.0597919246487066,1.0332756293422354,100.0,1.022863198005475,0.010412431336760397,0.3316244009441334
2021-04-15 00:00:00-06:00,31.5726695,32.68400413752449,24,1.1113346375244895,1.035199261105384,100.0,1.022863198005475,0.012336063099908978,0.38948244318457165
2021-04-16 00:00:00-06:00,33.86604783333333,34.977699617721974,24,1.1116517843886413,1.032824963510932,100.0,1.022863198005475,0.00996176550545691,0.3373656271122537
2021-04-17 00:00:00-06:00,33.436985206214686,34.46454247884061,24,1.027557272625927,1.030731157916562,100.0,1.022863198005475,0.007867959911086908,0.26308085915010315
2021-04-18 00:00:00-06:00,32.28667816666667,33.17873375353107,24,0.8920555868644016,1.0276292154386255,100.0,1.022863198005475,0.004766017433150527,0.15387887100085382
2021-04-19 00:00:00-06:00,30.659101000000003,31.678519191894313,24,1.0194181918943102,1.0332501005784323,100.0,1.022863198005475,0.010386902572957268,0.3184530950614568
2021-04-20 00:00:00-06:00,31.778018,32.82160625044974,24,1.0435882504497407,1.032839941447882,100.0,1.022863198005475,0.009976743442406955,0.31704113269419015
2021-04-21 00:00:00-06:00,31.202121101960785,32.28712142365464,24,1.0850003216938546,1.0347732873078834,100.0,1.022863198005475,0.011910089302408444,0.3716200487489159
2021-04-22 00:00:00-06:00,31.902949339622644,32.886695973462295,24,0.983746633839651,1.0308356015416376,100.0,1.022863198005475,0.007972403536162576,0.2543431861292231
2021-04-23 00:00:00-06:00,33.45208742655367,34.37011280089528,24,0.9180253743416102,1.0274429922006272,100.0,1.022863198005475,0.004579794195152198,0.15320367581185432
2021-04-24 00:00:00-06:00,33.45366001977401,34.361468800803934,24,0.9078087810299209,1.0271363067746049,100.0,1.022863198005475,0.004273108769129896,0.14295112798998655
2021-04-25 00:00:00-06:00,32.86760133333333,33.63700123297996,24,0.7693998996466291,1.0234090675447718,100.0,1.022863198005475,0.000545869539296806,0.017941422397617753
2021-04-26 00:00:00-06:00,31.198417937853108,31.987172172626007,24,0.7887542347728989,1.025281866418486,100.0,1.022863198005475,0.0024186684130109715,0.0754586280022002
2021-04-27 00:00:00-06:00,29.0700255,29.94966234322034,24,0.8796368432203394,1.0302592387894651,100.0,1.022863198005475,0.007396040783990143,0.21500309418963345
2021-04-28 00:00:00-06:00,32.628024833333335,33.590409745840724,24,0.9623849125073889,1.0294956534274855,100.0,1.022863198005475,0.006632455422010519,0.21640392021533555
2021-04-29 00:00:00-06:00,31.40361906183302,32.223259446313044,24,0.8196403844800244,1.0261001887351318,100.0,1.022863198005475,0.0032369907296567746,0.10165322378082627
2021-04-30 00:00:00-06:00,33.13758516666666,33.947006743000294,24,0.8094215763336337,1.0244260881492304,100.0,1.022863198005475,0.0015628901437554354,0.05179040524483964
2021-05-01 00:00:00-06:00,32.76415816666667,33.52501322316384,24,0.7608550564971708,1.0232221762764913,100.0,1.022863198005475,0.0003589782710162748,0.01176162084997376
2021-05-02 00:00:00-06:00,29.641344333333333,30.3734562314436,24,0.7321118981102686,1.0246990112822572,100.0,1.022863198005475,0.0018358132767821722,0.054415973468805334
2021-05-03 00:00:00-06:00,10.485968494350283,11.231364350878204,24,0.7453958565279208,1.0710850749675178,100.0,1.022863198005475,0.04822187696204283,0.5056530825624169
2021-05-04 00:00:00-06:00,4.508995416666667,4.997367979886189,24,0.4883725632195217,1.1083107251372097,100.0,1.022863198005475,0.08544752713173476,0.3852825082024927
2021-05-05 00:00:00-06:00,7.376658706896552,7.957522771651838,24,0.5808640647552865,1.0787435189609935,100.0,1.022863198005475,0.055880320955518537,0.41221005612069966
2021-05-06 00:00:00-06:00,24.459722727365214,25.303333733258246,24,0.8436110058930311,1.0344898024927,100.0,1.022863198005475,0.011626604487225078,0.2843835220182656
2021-05-07 00:00:00-06:00,32.34448005357143,33.15126679203294,24,0.8067867384615113,1.024943568025371,100.0,1.022863198005475,0.0020803700198959163,0.06728848661257146
2021-05-08 00:00:00-06:00,32.81415409649123,33.58617215432649,24,0.7720180578352611,1.0235269833732454,100.0,1.022863198005475,0.000663785367770453,0.02178155534501575
2021-05-09 00:00:00-06:00,31.841615166666667,32.77633877353501,24,0.9347236068683422,1.0293554080713485,100.0,1.022863198005475,0.006492210065873527,0.2067224544987045
2021-05-10 00:00:00-06:00,24.61370566575358,25.622070061940022,24,1.0083643961864404,1.0409675978854918,100.0,1.022863198005475,0.018104399880016775,0.44561636990183734
2021-05-11 00:00:00-06:00,31.49028913276836,32.5394294435237,24,1.049140310755341,1.0333163124140268,100.0,1.022863198005475,0.010453114408551789,0.32917159506320276
2021-05-12 00:00:00-06:00,32.30428699122807,33.195014062401434,24,0.8907270711733659,1.0275730299020447,100.0,1.022863198005475,0.004709831896569705,0.15214776126722773
2021-05-13 00:00:00-06:00,33.0692045,33.85721125148327,24,0.7880067514832731,1.0238290204859108,100.0,1.022863198005475,0.0009658224804358628,0.031938981116230794
2021-05-14 00:00:00-06:00,33.26960283333333,34.034907502824865,24,0.7653046694915346,1.0230031200951026,100.0,1.022863198005475,0.00013992208962765318,0.00465515234952209
2021-05-15 00:00:00-06:00,34.667502870056495,35.44577824011299,24,0.7782753700564982,1.022449709544229,100.0,1.022645609518021,0.0,0.0
2021-05-16 00:00:00-06:00,33.61439336128969,34.37003804208065,24,0.755644680790958,1.0224797952671416,100.0,1.022645609518021,0.0,0.0
2021-05-17 00:00:00-06:00,33.04170766666667,33.82584742679976,24,0.7841397601330939,1.0237318170127192,100.0,1.022645609518021,0.0010862074946982325,0.03589015050516138
2021-05-18 00:00:00-06:00,33.11886666666667,33.913344955710954,24,0.7944782890442852,1.0239886919151104,100.0,1.022645609518021,0.0013430823970894679,0.04448136683155315
2021-05-19 00:00:00-06:00,33.093141499999994,33.872608481684985,24,0.7794669816849904,1.0235537318717534,100.0,1.022645609518021,0.0009081223537323879,0.03005262155137896
2021-05-20 00:00:00-06:00,33.293829833333334,34.10750929629629,24,0.8136794629629591,1.0244393470813116,100.0,1.022645609518021,0.0017937375632905983,0.05972039319785516
2021-05-21 00:00:00-06:00,34.259474833333336,35.10995119774011,24,0.8504763644067737,1.0248245592947411,100.0,1.022645609518021,0.0021789497767201738,0.07464967503864209
2021-05-22 00:00:00-06:00,33.3799105,34.230468494350276,24,0.8505579943502752,1.0254811346588324,100.0,1.022645609518021,0.0028355251408114235,0.09464957542078521
2021-05-23 00:00:00-06:00,33.84447216666667,34.689677338983046,24,0.8452051723163763,1.0249732118188806,100.0,1.0230031200951026,0.0019700917237779336,0.06667671451118264
2021-05-24 00:00:00-06:00,33.293681166666666,34.1784558898305,24,0.8847747231638365,1.026574854211365,100.0,1.023057279825315,0.0035175743860500486,0.11711300008918356
2021-05-25 00:00:00-06:00,34.47424733333333,35.401945461434536,24,0.9276981281012056,1.0269098878107836,100.0,1.023057279825315,0.0038526079854686035,0.1328157605694197
2021-05-26 00:00:00-06:00,35.41152133333333,36.26947011904762,24,0.8579487857142851,1.024227956139989,100.0,1.023057279825315,0.0011706763146739352,0.0414554292915041
2021-05-27 00:00:00-06:00,34.259669333333335,35.1120894086629,24,0.8524200753295617,1.0248811530267803,100.0,1.023057279825315,0.0018238732014652648,0.062485292788128026
2021-05-28 00:00:00-06:00,31.4718155,32.278775,24,0.8069595000000014,1.0256407038227586,100.0,1.023057279825315,0.0025834239974436013,0.0813050434058175
2021-05-29 00:00:00-06:00,26.149768333333334,26.505679,24,0.3559106666666665,1.0136104711188965,100.0,1.0230031200951026,0.0,0.0
2021-05-30 00:00:00-06:00,23.763848833333334,24.539622833333336,24,0.775774000000002,1.0326451327577808,100.0,1.0230031200951026,0.009642012662678168,0.2291313313649698
2021-05-31 00:00:00-06:00,23.3447395,24.15226948647492,24,0.8075299864749219,1.0345915184221663,100.0,1.0230031200951026,0.01158839832706371,0.27052814016753807
2021-06-01 00:00:00-06:00,16.19157288888889,16.770790454497355,17,0.5792175656084666,1.0357727794318206,70.83333333333333,1.0230031200951026,0.01276965933671792,0.20676086991674875
2021-06-02 00:00:00-06:00,20.641916333333334,21.20604681557708,15,0.5641304822437441,1.0273293657979208,62.5,1.0230031200951026,0.004326245702818143,0.08930200183501498
2021-06-03 00:00:00-06:00,34.097389,35.016082062383084,24,0.9186930623830847,1.0269432085366736,100.0,1.0230031200951026,0.00394008844157101,0.1343467282866505
2021-06-04 00:00:00-06:00,32.8371575,33.73945726836158,24,0.9022997683615799,1.027478010798029,100.0,1.0230031200951026,0.004474890702926393,0.1469426908072797
2021-06-05 00:00:00-06:00,30.30341,31.21109966666667,24,0.9076896666666698,1.0299533836841026,100.0,1.0230031200951026,0.006950263588999972,0.21061668714553763
2021-06-06 00:00:00-06:00,29.958631708877856,30.831537948990853,24,0.8729062401129966,1.0291370530068074,100.0,1.0230031200951026,0.00613393291170472,0.18376423702872652
2021-06-07 00:00:00-06:00,32.18416488229755,33.113848349902135,24,0.9296834676045833,1.0288863629366982,100.0,1.0230031200951026,0.005883242841595582,0.18934725765650898
2021-06-08 00:00:00-06:00,31.499374822033896,32.570835019460134,24,1.0714601974262372,1.034015284540719,100.0,1.0230031200951026,0.011012164445616257,0.34687629547434157
2021-06-09 00:00:00-06:00,32.015268666666664,32.994839154606694,24,0.9795704879400304,1.030596978527309,100.0,1.0230031200951026,0.007593858432206391,0.2431194179237197
2021-06-10 00:00:00-06:00,30.06453543220339,31.26841211477312,24,1.2038766825697316,1.0400430828304172,100.0,1.0230031200951026,0.017039962735314607,0.5122985634192914
2021-06-11 00:00:00-06:00,29.100898,30.03645317231638,24,0.9355551723163806,1.032148670199675,100.0,1.023057279825315,0.009091390374359909,0.26456762396242955
2021-06-12 00:00:00-06:00,29.0760065,30.0229427419762,24,0.9469362419762,1.0325676169447893,100.0,1.0232221762764913,0.00934544066829801,0.2717280936167973
2021-06-13 00:00:00-06:00,28.166749333333332,29.421552157894737,24,1.2548028245614056,1.0445490819587206,100.0,1.0232325766453825,0.021316505313338174,0.6004166618234644
2021-06-14 00:00:00-06:00,30.66984074858757,31.764103081920904,24,1.094262333333333,1.0356787745428293,100.0,1.0232325766453825,0.012446197897446831,0.3817229074400998
2021-06-15 00:00:00-06:00,29.154473833333334,30.378027333333332,24,1.2235534999999977,1.041967949996102,100.0,1.0232325766453825,0.01873537335071962,0.5462199521112858
2021-06-16 00:00:00-06:00,28.15341081601109,29.158076116011088,24,1.0046652999999992,1.0356853848567662,100.0,1.0232325766453825,0.012452808211383726,0.3505890253880823
2021-06-17 00:00:00-06:00,29.563551453427714,30.57379657945987,24,1.0102451260321565,1.034171981252781,100.0,1.0232325766453825,0.010939404607398506,0.3234076509806899
2021-06-18 00:00:00-06:00,29.143735942528735,30.200993552052548,24,1.0572576095238126,1.0362773534459933,100.0,1.0233915340144872,0.012885819431506018,0.37554091891491714
2021-06-19 00:00:00-06:00,27.6435080106383,28.71203275357615,24,1.06852474293785,1.0386537317379054,100.0,1.0233915340144872,0.015262197723418192,0.4219006850272564
2021-06-20 00:00:00-06:00,27.26104833333333,28.244302499999996,24,0.983254166666665,1.0360680981392927,100.0,1.0233915340144872,0.012676564124805445,0.34557642730692056
2021-06-21 00:00:00-06:00,31.304508833333333,32.32854786723164,24,1.0240390338983083,1.0327121897791254,100.0,1.0233915340144872,0.009320655764638142,0.29177855071657394
2021-06-22 00:00:00-06:00,34.2921495,35.39175258201831,24,1.0996030820183123,1.0320657380202518,100.0,1.0233915340144872,0.008674204005764574,0.2974571005591776
2021-06-23 00:00:00-06:00,34.11595016666667,35.17738255405194,24,1.061432387385267,1.031112496711944,100.0,1.0233915340144872,0.007720962697456812,0.2634079786251289
2021-06-24 00:00:00-06:00,33.481538666666665,34.59355165762712,24,1.1120129909604515,1.0332127206587296,100.0,1.0233915340144872,0.009821186644242363,0.3288284403817509
2021-06-25 00:00:00-06:00,31.412335,32.5054775,24,1.093142499999999,1.0347997848615837,100.0,1.0233915340144872,0.011408250847096513,0.3583597973730294
2021-06-26 00:00:00-06:00,29.692458347457627,30.721293468147284,24,1.0288351206896564,1.0346497116759532,100.0,1.0235135142785787,0.011136197397374481,0.3306610773706078
2021-06-27 00:00:00-06:00,26.549208166666666,27.55143177966102,24,1.002223612994353,1.0377496611839698,100.0,1.0235151917903982,0.014234469393571647,0.3779138910719791
2021-06-28 00:00:00-06:00,31.357216118644068,32.39805301399213,24,1.0408368953480647,1.0331928986109584,100.0,1.0235151917903982,0.009677706820560239,0.30346594430518314
2021-06-29 00:00:00-06:00,33.01765497134786,33.82177345451401,24,0.8041184831661496,1.0243541972882069,100.0,1.0235151917903982,0.0008390054978086869,0.02770199404571118
2021-06-30 00:00:00-06:00,29.683396502422603,30.048990113533712,24,0.3655936111111089,1.012316434579219,100.0,1.0233915340144872,0.0,0.0
2021-07-01 00:00:00-06:00,27.01024633333333,27.344034666666666,24,0.33378833333333446,1.012357841139768,100.0,1.0232325766453825,0.0,0.0
2021-07-02 00:00:00-06:00,28.297733500000003,28.649800636363636,24,0.3520671363636332,1.0124415312754158,100.0,1.0232325766453825,0.0,0.0
2021-07-03 00:00:00-06:00,29.25014933333333,29.577529833333333,24,0.32738050000000385,1.0111924385844733,100.0,1.0232002706583525,0.0,0.0
2021-07-04 00:00:00-06:00,27.542348233333335,27.8681309,24,0.3257826666666652,1.0118284274059242,100.0,1.0229673690373944,0.0,0.0
2021-07-05 00:00:00-06:00,24.611423476190478,24.93972880952381,24,0.3283053333333328,1.0133395507842502,100.0,1.022629028092933,0.0,0.0
2021-07-06 00:00:00-06:00,26.59002812962963,26.934525309116808,24,0.3444971794871776,1.0129558787154234,100.0,1.0224767866948503,0.0,0.0
2021-07-07 00:00:00-06:00,30.931967166666666,31.288067166666668,24,0.3561000000000014,1.0115123618902502,100.0,1.0215657857016958,0.0,0.0
2021-07-08 00:00:00-06:00,29.545175000000004,29.88774888888889,24,0.34257388888888585,1.0115949182527735,100.0,1.0135833790854318,0.0,0.0
2021-07-09 00:00:00-06:00,30.081118000000004,30.421162333333335,24,0.3400443333333314,1.0113042451857452,100.0,1.0133011835773675,0.0,0.0
2021-07-10 00:00:00-06:00,27.4656835,27.776219155172413,24,0.3105356551724121,1.011306314484124,100.0,1.0129044439714225,0.0,0.0
2021-07-11 00:00:00-06:00,23.355575333333334,23.666127,24,0.3105516666666652,1.0132966823653213,100.0,1.0129044439714225,0.00039223839389879167,0.009160953357328904
2021-07-12 00:00:00-06:00,23.116054051724138,23.46926946198055,24,0.3532154102564107,1.0152800910339654,100.0,1.0129044439714225,0.002375647062542896,0.05491558590556126
2021-07-13 00:00:00-06:00,31.591651660377355,31.927601274842768,24,0.33594961446541305,1.010634126321631,100.0,1.012433162261851,0.0,0.0
2021-07-14 00:00:00-06:00,30.625366333333336,30.92976998269547,24,0.3044036493621327,1.0099395921031258,100.0,1.012353700483713,0.0,0.0
2021-07-15 00:00:00-06:00,28.2047232740113,28.540197965434817,24,0.33547469142351716,1.0118942734578302,100.0,1.01227421846708,0.0,0.0
2021-07-16 00:00:00-06:00,30.184446333333334,30.507204153846153,24,0.32275782051281965,1.0106928521049727,100.0,1.0118876888526396,0.0,0.0
2021-07-17 00:00:00-06:00,30.279092333333335,30.58942332183908,24,0.31033098850574703,1.0102490188638882,100.0,1.011805076490609,0.0,0.0
2021-07-18 00:00:00-06:00,30.0114535,30.321839166666663,24,0.3103856666666651,1.010342240393877,100.0,1.011586662616521,0.0,0.0
2021-07-19 00:00:00-06:00,33.655854637931036,34.49977239866823,24,0.8439177607371917,1.0250749169740612,100.0,1.011586662616521,0.013488254357540086,0.45395872797680903
2021-07-20 00:00:00-06:00,34.54725866666667,35.830820333333335,24,1.2835616666666638,1.0371537921156426,100.0,1.011586662616521,0.025567129499121544,0.8832742361703159
2021-07-21 00:00:00-06:00,35.06135636723164,36.5881548559322,24,1.526798488700564,1.0435464752905996,100.0,1.011586662616521,0.03195981267407855,1.1205543815958343
2021-07-22 00:00:00-06:00,35.467680666666666,37.17880494632768,24,1.7111242796610142,1.04824460600462,100.0,1.011586662616521,0.03665794338809891,1.300172229985837
2021-07-23 00:00:00-06:00,34.38800316666667,36.024586759887,24,1.6365835932203296,1.0475917018295124,100.0,1.011586662616521,0.03600503921299136,1.2381414024723048
2021-07-24 00:00:00-06:00,31.472711166666667,32.65740183333333,24,1.1846906666666648,1.037641837094778,100.0,1.011586662616521,0.026055174478256893,0.820026980751284
2021-07-25 00:00:00-06:00,31.854155,33.04660522033898,24,1.1924502203389835,1.0374346838062094,100.0,1.011586662616521,0.02584802118968832,0.8233668734196161
2021-07-26 00:00:00-06:00,30.830909666666667,31.938586361581923,24,1.1076766949152557,1.0359274736584512,100.0,1.011586662616521,0.02434081104193009,0.7504493464471491
2021-07-27 00:00:00-06:00,30.612225833333333,31.747950296610167,24,1.1357244632768335,1.0371003555723202,100.0,1.011586662616521,0.025513692955799083,0.7810309306052474
2021-07-28 00:00:00-06:00,29.8028765,31.202646,24,1.3997695000000014,1.0469675972384747,100.0,1.011586662616521,0.035380934621953575,1.0544536249926566
2021-07-29 00:00:00-06:00,28.72654626857888,30.46176214710995,24,1.735215878531072,1.0604046118982655,100.0,1.011586662616521,0.04881794928174443,1.4023710787791686
2021-07-30 00:00:00-06:00,28.887907,30.376629556497175,24,1.4887225564971764,1.0515344554556056,100.0,1.011586662616521,0.03994779283908456,1.1540081243907407
2021-07-31 00:00:00-06:00,31.281741833333335,32.57059546229142,24,1.288853628958087,1.0412014662043116,100.0,1.011586662616521,0.02961480358779056,0.9264026402781381
2021-08-01 00:00:00-06:00,28.272836166666668,29.407680333333335,24,1.1348441666666673,1.0401390281461975,100.0,1.011586662616521,0.028552365529676438,0.8072563527913227
2021-08-02 00:00:00-06:00,12.168887166666668,13.181925110169491,24,1.0130379435028232,1.0832481992501142,100.0,1.011586662616521,0.07166153663359309,0.8720411534841442
2021-08-03 00:00:00-06:00,9.694385006758521,10.665347305598841,24,0.9709622988403197,1.1001571835823938,100.0,1.011586662616521,0.0885705209658727,0.8586367304923476
2021-08-04 00:00:00-06:00,19.015004666666666,20.178010833333335,24,1.1630061666666691,1.0611625496314192,100.0,1.011586662616521,0.04957588701489812,0.9426857229424271
2021-08-05 00:00:00-06:00,30.36283816666667,31.58725125518664,24,1.2244130885199702,1.0403260420451792,100.0,1.011586662616521,0.02873937942865812,0.8726091266027757
2021-08-06 00:00:00-06:00,31.575401333333335,32.89198075438596,24,1.3165794210526265,1.0416963637976866,100.0,1.011586662616521,0.030109701181165516,0.950725898822042
2021-08-07 00:00:00-06:00,14.235231633849128,14.736754618038853,11,0.5015229841897249,1.0352311080767511,45.833333333333336,1.011586662616521,0.023644445460230035,0.336584157980287
2021-08-09 00:00:00-06:00,12.967286060283689,13.44382306535615,10,0.476537005072462,1.0367491704013536,41.666666666666664,1.011578406980269,0.025170763421084708,0.3263964896369303
2021-08-10 00:00:00-06:00,31.26787806527868,32.34909292940794,24,1.081214864129258,1.0345790930191034,100.0,1.011578406980269,0.02300068603883454,0.719182646480036
2021-08-11 00:00:00-06:00,31.96375179063451,33.04830067509736,24,1.0845488844628477,1.0339305877347171,100.0,1.011578406980269,0.022352180754448225,0.7144595576145807
2021-08-12 00:00:00-06:00,33.185658546210426,34.35006296407449,24,1.1644044178640627,1.0350875790589675,100.0,1.011578406980269,0.023509172078698626,0.7801673573077966
2021-08-13 00:00:00-06:00,22.888939833333335,24.05601553030303,24,1.1670756969696932,1.0509886305555347,100.0,1.011578406980269,0.0394102235752658,0.9020582362324739
2021-08-14 00:00:00-06:00,17.347436295040804,18.43369037915882,24,1.0862540841180142,1.0626175571792442,100.0,1.011578406980269,0.051039150198975314,0.8853984066297435
2021-08-15 00:00:00-06:00,17.383717833333332,18.366403372881354,24,0.9826855395480223,1.0565290778974634,100.0,1.011578406980269,0.04495067091719451,0.7814097796435322
2021-08-16 00:00:00-06:00,18.49515840740741,19.49872387785504,24,1.0035654704476293,1.0542609827037597,100.0,1.011578406980269,0.04268257572349077,0.7894209992421236
2021-08-17 00:00:00-06:00,25.995039785310734,27.052815560523484,24,1.0577757752127503,1.0406914466740105,100.0,1.011578406980269,0.02911303969374157,0.7567946251101427
2021-08-18 00:00:00-06:00,30.937669000000003,32.0560433220339,24,1.1183743220338975,1.036149275565457,100.0,1.011578406980269,0.0245708685851882,0.7601653993310509
2021-08-19 00:00:00-06:00,33.548667333333334,34.82142348636275,24,1.2727561530294125,1.0379376068916104,100.0,1.011578406980269,0.026359199911341502,0.8843160289984255
2021-08-20 00:00:00-06:00,30.872666985875703,31.960367353107344,24,1.0877003672316405,1.0352318239214404,100.0,1.011578406980269,0.023653416941171512,0.7302440643028588
2021-08-21 00:00:00-06:00,31.607294000000003,32.70953554180791,24,1.1022415418079063,1.0348730119638812,100.0,1.011578406980269,0.023294604983612244,0.7362794283308974
2021-08-22 00:00:00-06:00,33.0086555,34.164610104519774,24,1.1559546045197706,1.0350197421558043,100.0,1.011578406980269,0.02344133517553537,0.7737669572692791
2021-08-23 00:00:00-06:00,32.12614116666667,33.282056282485875,24,1.1559151158192051,1.0359805153635617,100.0,1.011578406980269,0.02440210838329282,0.7839455786859654
2021-08-24 00:00:00-06:00,32.09307166666667,33.20242861581921,24,1.1093569491525415,1.0345668672875825,100.0,1.011578406980269,0.022988460307313607,0.7377703041489376
2021-08-25 00:00:00-06:00,31.753819,32.9721415774401,24,1.218322577440098,1.0383677496379284,100.0,1.011578406980269,0.02678934265765953,0.8506639378802997
2021-08-26 00:00:00-06:00,32.0207095,33.361408895251394,24,1.3406993952513915,1.0418697591710575,100.0,1.011578406980269,0.0302913521907886,0.9699505888634304
2021-08-27 00:00:00-06:00,33.1753076001642,34.33153616789253,24,1.156228567728327,1.0348520828100054,100.0,1.011578406980269,0.023273675829736495,0.7721113546380151
2021-08-28 00:00:00-06:00,25.34780571264368,26.325855017526457,24,0.9780493048827772,1.038585166541454,100.0,1.011578406980269,0.027006759561185145,0.6845620942850031
2021-08-29 00:00:00-06:00,5.268872166666667,5.792243714689265,24,0.523371548022598,1.0993327474015577,100.0,1.011578406980269,0.08775434042128882,0.46236640174992033
2021-08-30 00:00:00-06:00,18.838343018867928,19.576235516822337,24,0.7378924979544088,1.0391697134517275,100.0,1.011578406980269,0.027591306471458577,0.5197744956480471
2021-08-31 00:00:00-06:00,33.7208015,34.875923336158195,24,1.1551218361581945,1.0342554679834106,100.0,1.011578406980269,0.022677061003141707,0.7646886726903324
2021-09-01 00:00:00-06:00,33.848428,35.09577633333333,24,1.2473483333333348,1.0368509974328302,100.0,1.011578406980269,0.02527259045256125,0.8554374583070068
2021-09-02 00:00:00-06:00,32.34297883333333,33.58096797033898,24,1.2379891370056484,1.0382769052716243,100.0,1.011578406980269,0.0266984982913554,0.8635089651190938
2021-09-03 00:00:00-06:00,34.36044166666667,35.473799344632766,24,1.1133576779660999,1.0324023098645492,100.0,1.011578406980269,0.020823902884280265,0.7155185003276439
2021-09-04 00:00:00-06:00,32.64093366666667,33.66558962241054,24,1.0246559557438744,1.031391747742506,100.0,1.011578406980269,0.019813340762237175,0.6467259415352464
2021-09-05 00:00:00-06:00,34.3730085,35.32897335028248,24,0.9559648502824842,1.0278114978001558,100.0,1.011578406980269,0.016233090819886886,0.5579801687332439
2021-09-06 00:00:00-06:00,34.360605666666665,35.312190666666666,24,0.9515850000000015,1.027694069459408,100.0,1.011578406980269,0.016115662479139203,0.5537439235027979
2021-09-07 00:00:00-06:00,33.75939431719128,34.68853123845045,24,0.9291369212591718,1.0275223220099665,100.0,1.011578406980269,0.01594391502969761,0.5382569144473541
2021-09-08 00:00:00-06:00,32.14207291434756,32.96066444276313,24,0.818591528415574,1.025467913366912,100.0,1.011578406980269,0.013889506386643102,0.4464375270237787
2021-09-09 00:00:00-06:00,34.06322467138688,34.97888296673537,24,0.9156582953484929,1.0268811395333821,100.0,1.011578406980269,0.015302732553113207,0.5212604170428409
2021-09-10 00:00:00-06:00,33.72941689409975,34.73019883835374,24,1.000781944253994,1.0296708937304238,100.0,1.011578406980269,0.018092486750154846,0.6102490282469487
2021-09-11 00:00:00-06:00,33.80040515151515,34.83564185161964,24,1.035236700104491,1.0306279376079635,100.0,1.011578406980269,0.019049530627694544,0.6438818531622723
2021-09-12 00:00:00-06:00,32.83496587037037,33.900167870370375,24,1.0652020000000064,1.0324410874738026,100.0,1.011578406980269,0.02086268049353368,0.68502540196962
2021-09-13 00:00:00-06:00,32.88019574137931,33.95106694539689,24,1.0708712040175783,1.0325688816587517,100.0,1.011578406980269,0.020990474678482807,0.6901709161329806
2021-09-14 00:00:00-06:00,34.772428,35.90308440960452,24,1.1306564096045193,1.032515889014265,100.0,1.011578406980269,0.020937482033996035,0.7280470865284207
2021-09-15 00:00:00-06:00,32.3806665,33.42280725862069,24,1.0421407586206968,1.0321840428646116,100.0,1.011578406980269,0.02060563588434272,0.6672242235913342
2021-09-16 00:00:00-06:00,32.406136833333335,33.445564721410484,24,1.0394278880771495,1.0320750323749786,100.0,1.011578406980269,0.020496625394709644,0.6642164471625356
2021-09-17 00:00:00-06:00,32.4257975,33.43467354597701,24,1.0088760459770114,1.0311133765014417,100.0,1.011578406980269,0.01953496952117284,0.6334369658622225
2021-09-18 00:00:00-06:00,33.38002625014611,34.40585244720643,24,1.0258261970603186,1.0307317372782423,100.0,1.011578406980269,0.019153330297973392,0.6393386681240706
2021-09-19 00:00:00-06:00,31.065790812195598,32.07970795368602,24,1.0139171414904204,1.0326377380064113,100.0,1.011578406980269,0.021059331026142436,0.6542247723029214
2021-09-20 00:00:00-06:00,32.561011526608844,33.38281846848105,24,0.8218069418722038,1.0252389868539749,100.0,1.011578406980269,0.013660579873705947,0.4448022987279001
2021-09-21 00:00:00-06:00,33.37771775730896,33.7714309132375,24,0.3937131559285447,1.011795688332895,100.0,1.011578406980269,0.00021728135262599757,0.007252355661876869
2021-09-22 00:00:00-06:00,31.81569454519774,32.18139007344633,24,0.3656955282485903,1.0114941865477454,100.0,1.0115087268217493,0.0,0.0
2021-09-23 00:00:00-06:00,28.366246,28.729303680371352,24,0.36305768037135167,1.012798932942038,100.0,1.0115087268217493,0.0012902061202886284,0.036598304198812825
2021-09-24 00:00:00-06:00,28.294990333333335,28.625963666666667,24,0.3309733333333327,1.0116972414351182,100.0,1.0115087268217493,0.0001885146133688842,0.005334019162964649
2021-09-25 00:00:00-06:00,29.128277166666667,29.440118833333333,24,0.31184166666666613,1.0107058053891196,100.0,1.011456612135021,0.0,0.0
2021-09-26 00:00:00-06:00,27.783463500000003,28.09501816666667,24,0.311554666666666,1.011213672718186,100.0,1.0113059006244483,0.0,0.0
2021-09-27 00:00:00-06:00,28.59082213559322,28.91355920455874,24,0.32273706896551957,1.0112881353126162,100.0,1.0113010232111195,0.0,0.0
2021-09-28 00:00:00-06:00,18.62032014823915,18.832307332514333,15,0.21198718427518415,1.0113847228504946,62.5,1.0113010232111195,8.369963937515656e-05,0.0015585140814575785
2021-09-29 00:00:00-06:00,19.020370432432433,19.23968140810811,15,0.21931097567567548,1.0115303209500968,62.5,1.0113010232111195,0.00022929773897728545,0.00436132793466717
2021-09-30 00:00:00-06:00,27.245066850877194,27.6193984569378,24,0.37433160606060767,1.0137394269615658,100.0,1.0113010232111195,0.0024384037504463496,0.06643447319034046
2021-10-01 00:00:00-06:00,31.95370524098218,32.30933536918731,24,0.35563012820512796,1.0111295427407592,100.0,1.0113010232111195,0.0,0.0
2021-10-02 00:00:00-06:00,32.925396,33.256138666666665,24,0.33074266666666574,1.0100452145409782,100.0,1.01127324279373,0.0,0.0
2021-10-03 00:00:00-06:00,28.589753833333333,28.917888166666668,24,0.32813433333333464,1.0114773402823343,100.0,1.01127324279373,0.00020409748860417132,0.0058350969571948135
2021-10-04 00:00:00-06:00,28.6344395,28.9613835,24,0.326944000000001,1.0114178592530159,100.0,1.01127324279373,0.0001446164592857624,0.004141011254122376
2021-10-05 00:00:00-06:00,31.003414085213034,31.326193251879697,24,0.3227791666666633,1.0104110845915066,100.0,1.0111968467227006,0.0,0.0
2021-10-06 00:00:00-06:00,30.909228186867274,31.257461485808424,24,0.3482332989411496,1.0112663213987694,100.0,1.0111968467227006,6.947467606877034e-05,0.0021474086158183095
2021-10-07 00:00:00-06:00,31.045476999999998,31.388866166666666,24,0.3433891666666682,1.011060843634861,100.0,1.0111158029195795,0.0,0.0
2021-10-08 00:00:00-06:00,30.853144297391832,31.212146661342008,24,0.35900236395017515,1.0116358436757618,100.0,1.0111158029195795,0.0005200407561822828,0.016044892491016736
2021-10-09 00:00:00-06:00,28.886450198658956,29.23686351435482,24,0.35041331569586376,1.0121307157260926,100.0,1.0111158029195795,0.001014912806513113,0.02931722824132223
2021-10-10 00:00:00-06:00,5.184634198103464,5.535173389902406,24,0.35053919179894155,1.0676111714741936,100.0,1.0111158029195795,0.05649536855461412,0.29290781984271147
2021-10-11 00:00:00-06:00,8.786255705705884,9.157433676730232,24,0.37117797102434835,1.0422452957729538,100.0,1.0111968467227006,0.03104844905025317,0.2727996126211053
2021-10-12 00:00:00-06:00,19.946905459770115,20.281570959770114,24,0.33466549999999984,1.0167778155200549,100.0,1.0112557916626528,0.005522023857402081,0.1101472878301944
2021-10-13 00:00:00-06:00,22.31312385714286,22.648352139194138,24,0.3352282820512791,1.0150238166649161,100.0,1.0112557916626528,0.0037680250022633643,0.08407640857231345
2021-10-14 00:00:00-06:00,23.014393684848486,23.375306156112853,24,0.360912471264367,1.015682032566514,100.0,1.011283772529847,0.00439826003666699,0.10122328801219024
2021-10-15 00:00:00-06:00,29.399633166666668,29.765000166666663,24,0.36536699999999556,1.012427604042837,100.0,1.0113654053429189,0.0010621986999181932,0.031228252127705126
2021-10-16 00:00:00-06:00,26.944679,27.259149333333333,24,0.3144703333333325,1.011670962319994,100.0,1.0114112319725117,0.00025973034748227875,0.0069983508394684596
2021-10-17 00:00:00-06:00,22.493997,22.786072666666666,24,0.2920756666666655,1.0129846050333635,100.0,1.0114112319725117,0.0015733730608518126,0.03539144891068149
2021-10-18 00:00:00-06:00,27.445760333333332,27.76764752508361,24,0.32188719175027813,1.0117281207676851,100.0,1.0114112319725117,0.00031688879517344226,0.008697253924649052
2021-10-19 00:00:00-06:00,29.931751833333337,30.2298355,24,0.2980836666666633,1.0099587778332006,100.0,1.0113654053429189,0.0,0.0
2021-10-20 00:00:00-06:00,29.31413733333333,29.639013733333332,24,0.32487640000000084,1.0110825843621392,100.0,1.011283772529847,0.0,0.0
2021-10-21 00:00:00-06:00,27.381755333333334,27.7221905,24,0.3404351666666656,1.0124329197497515,100.0,1.011283772529847,0.001149147219904556,0.03146566801740675
2021-10-22 00:00:00-06:00,29.237409333333332,29.571101,24,0.3336916666666667,1.0114131749110284,100.0,1.011283772529847,0.00012940238118153147,0.0037833903873124657
2021-10-23 00:00:00-06:00,27.7163805,28.022970833333332,24,0.3065903333333324,1.0110617017013939,100.0,1.0112557916626528,0.0,0.0
2021-10-24 00:00:00-06:00,25.45855483333333,25.764962,24,0.3064071666666699,1.01203552867288,100.0,1.0112557916626528,0.000779737010227155,0.01985097743044742
2021-10-25 00:00:00-06:00,26.543372552631578,26.857564874800637,24,0.3141923221690597,1.011836940522387,100.0,1.0112557916626528,0.0005811488597342596,0.015425650692463483
2021-10-26 00:00:00-06:00,27.26019148286153,27.728275675217176,24,0.46808419235564713,1.0171709796187576,100.0,1.0112557916626528,0.005915187956104795,0.16124915634053302
2021-10-27 00:00:00-06:00,29.53057034338141,30.400228214116215,24,0.8696578707348053,1.0294494099037854,100.0,1.0112557916626528,0.018193618241132636,0.5372679232703945
2021-10-28 00:00:00-06:00,30.43251965083865,31.414567849369693,24,0.982048198531043,1.0322696973434462,100.0,1.0112557916626528,0.02101390568079342,0.6395060975716157
2021-10-29 00:00:00-06:00,32.143612871306935,32.95935376785483,24,0.8157408965478936,1.0253780089940066,100.0,1.0112557916626528,0.01412221733135377,0.4539390867834969
2021-10-30 00:00:00-06:00,31.83876139676108,32.23632812728565,24,0.3975667305245736,1.012486878040583,100.0,1.0112557916626528,0.001231086377930124,0.03919626544572005
2021-10-31 00:00:00-06:00,30.4876925,30.813476166666668,24,0.32578366666666625,1.0106857436543177,100.0,1.0111968467227006,0.0,0.0
2021-11-01 00:00:00-06:00,29.793287499999998,30.129120833333335,24,0.335833333333337,1.0112721140066647,100.0,1.0111968467227006,7.526728396411997e-05,0.0022424598304871656
2021-11-02 00:00:00-06:00,22.12497273540381,22.391373350843203,18,0.26640061543939453,1.012040720620329,75.0,1.0111968467227006,0.000843873897628411,0.01867068697714754
2021-11-03 00:00:00-06:00,16.76002968627451,16.930133954248365,13,0.17010426797385492,1.0101494013529797,54.166666666666664,1.0111201510650352,0.0,0.0
2021-11-04 00:00:00-06:00,32.73483058538588,33.4100794568061,24,0.6752488714202229,1.0206278407233207,100.0,1.0111201510650352,0.009507689658285523,0.31123261022240195
2021-11-05 00:00:00-06:00,34.00205677622825,34.94575006916472,24,0.9436932929364659,1.0277540061516581,100.0,1.0111201510650352,0.016633855086622962,0.5655852850629071
2021-11-06 00:00:00-06:00,31.104371676948368,31.491581536156538,24,0.38720985920816986,1.0124487278903993,100.0,1.0111248469028973,0.001323880987502024,0.041178486291308394
2021-11-07 00:00:00-06:00,30.493489206140353,30.83093787280702,25,0.33744866666666695,1.0110662530084853,100.0,1.0110809512267738,0.0,0.0
2021-11-08 00:00:00-07:00,28.965942833333333,29.305584765182186,24,0.3396419318488526,1.011725561077128,100.0,1.0110809512267738,0.0006446098503543052,0.01867173207516636
2021-11-09 00:00:00-07:00,29.777780333333332,30.132933702380953,24,0.3551533690476205,1.0119267912205685,100.0,1.0110809512267738,0.0008458399937947281,0.025187237532367443
2021-11-10 00:00:00-07:00,32.19127681638418,32.830921505625426,24,0.6396446892412442,1.0198701248443705,100.0,1.0110809512267738,0.00878917361759668,0.2829347209113155
2021-11-11 00:00:00-07:00,34.18301365517242,35.142770134994855,24,0.9597564798224383,1.0280770001587385,100.0,1.0110809512267738,0.016996048931964713,0.5809761727253284
2021-11-12 00:00:00-07:00,35.43465269298245,36.27556065696713,24,0.8409079639846766,1.0237312320024858,100.0,1.0110809512267738,0.012650280775712064,0.4482583057560696
2021-11-13 00:00:00-07:00,35.422727971264365,35.88197861815702,24,0.4592506468926558,1.012964858247654,100.0,1.0110809512267738,0.00188390702088026,0.0667331259237965
2021-11-14 00:00:00-07:00,33.901674,34.290949166666664,24,0.38927516666666406,1.0114824762537291,100.0,1.0110809512267738,0.00040152502695534054,0.013612370566681168
2021-11-15 00:00:00-07:00,33.158488294871795,33.51639646153846,24,0.35790816666666814,1.0107938625996415,100.0,1.0110657978777762,0.0,0.0
2021-11-16 00:00:00-07:00,32.57624977683616,32.92548111012855,24,0.3492313332923942,1.0107204277866484,100.0,1.0110616158947405,0.0,0.0
2021-11-17 00:00:00-07:00,31.78203866666667,32.105714086206895,24,0.3236754195402263,1.010184224584677,100.0,1.011034145531339,0.0,0.0
2021-11-18 00:00:00-07:00,30.927645000000002,31.241885666666665,24,0.31424066666666306,1.01016051065856,100.0,1.0107865191183423,0.0,0.0
2021-11-19 00:00:00-07:00,30.765948333333334,31.084479166666664,24,0.3185308333333303,1.0103533565707845,100.0,1.0107189655468956,0.0,0.0
2021-11-20 00:00:00-07:00,30.993741000000004,31.301844833333334,24,0.30810383333333036,1.0099408404210815,100.0,1.0107037992156394,0.0,0.0
2021-11-21 00:00:00-07:00,31.72973783333333,32.024674166666664,24,0.29493633333333236,1.0092952653716378,100.0,1.0106582777480366,0.0,0.0
2021-11-22 00:00:00-07:00,31.678067935874168,31.983127333333332,24,0.3050593974591642,1.009629987475142,100.0,1.0104053117894345,0.0,0.0
2021-11-23 00:00:00-07:00,31.383535666666667,31.722118833333333,24,0.3385831666666661,1.0107885602904292,100.0,1.0104053117894345,0.0003832485009946929,0.01202769300016348
2021-11-24 00:00:00-07:00,30.38985,30.716808333333333,24,0.3269583333333337,1.0107588004986314,100.0,1.0104053117894345,0.0003534887091969363,0.010742468849188514
2021-11-25 00:00:00-07:00,30.577752,30.869615166666666,24,0.29186316666666556,1.0095449517239419,100.0,1.0103364433721738,0.0,0.0
2021-11-26 00:00:00-07:00,30.870596666666668,31.17711166666667,24,0.306515000000001,1.0099290273948922,100.0,1.0101818531920654,0.0,0.0
2021-11-27 00:00:00-07:00,30.802420166666668,31.100778666666667,24,0.2983584999999991,1.0096862031744789,100.0,1.010159399728002,0.0,0.0
2021-11-28 00:00:00-07:00,30.1451265,30.423814,24,0.2786875000000002,1.009244860856696,100.0,1.0101389826717795,0.0,0.0
2021-11-29 00:00:00-07:00,31.130003833333337,31.449313833333335,24,0.319309999999998,1.010257306799882,100.0,1.0101389826717795,0.00011832412810242054,0.0036834305614041763
2021-11-30 00:00:00-07:00,29.04271316666667,29.35698706321839,24,0.3142738965517218,1.0108210928761443,100.0,1.0101389826717795,0.0006821102043648164,0.019810331013423745
2021-12-01 00:00:00-07:00,27.226261166666667,27.537458833333336,24,0.3111976666666685,1.0114300551501236,100.0,1.0101389826717795,0.0012910724783441463,0.03515107648049332
2021-12-02 00:00:00-07:00,27.989302499999997,28.307105714097496,24,0.31780321409749845,1.0113544527984397,100.0,1.0101389826717795,0.0012154701266602341,0.034020161054806604
2021-12-03 00:00:00-07:00,31.348943920903956,31.66983925423729,24,0.32089533333333264,1.0102362406256167,100.0,1.0101389826717795,9.725795383719316e-05,0.003048934140704034
2021-12-04 00:00:00-07:00,30.990437943502823,31.288776943502825,24,0.29833900000000213,1.0096268081317177,100.0,1.0100365708702004,0.0,0.0
2021-12-05 00:00:00-07:00,27.52776533333333,27.850328,24,0.3225626666666699,1.0117177207361645,100.0,1.0100365708702004,0.0016811498659641266,0.04627829900042526
2021-12-06 00:00:00-07:00,29.83139797175141,30.15397047175141,24,0.3225724999999997,1.0108131875115427,100.0,1.0100365708702004,0.0007766166413423203,0.023167560099367688
2021-12-07 00:00:00-07:00,30.667070189311485,30.959848814840342,24,0.29277862552885736,1.0095470034705467,100.0,1.0099569840919886,0.0,0.0
2021-12-08 00:00:00-07:00,31.466829108708357,31.758583100038962,24,0.2917539913306051,1.0092717950805492,100.0,1.0099396591184626,0.0,0.0
2021-12-09 00:00:00-07:00,30.736040333333335,31.05792847826087,24,0.32188814492753437,1.0104726614566042,100.0,1.0099396591184626,0.0005330023381415749,0.01638238136288042
2021-12-10 00:00:00-07:00,29.689194333333333,30.0167,24,0.32750566666666714,1.0110311402522285,100.0,1.0099396591184626,0.0010914811337658925,0.032405195491542575
2021-12-11 00:00:00-07:00,28.722528666666665,29.030686333333335,24,0.3081576666666699,1.0107287791490411,100.0,1.0099396591184626,0.0007891200305785162,0.022665522699732307
2021-12-12 00:00:00-07:00,29.413655,29.73743363305322,24,0.3237786330532231,1.0110077660546852,100.0,1.0099396591184626,0.0010681069362226125,0.031416928925158925
2021-12-13 00:00:00-07:00,28.494202127118648,28.827912539548024,24,0.33371041242937594,1.011711519801138,100.0,1.0099396591184626,0.0017718606826753192,0.050487756433244976
2021-12-14 00:00:00-07:00,30.2507235,30.568195666666668,24,0.31747216666666844,1.0104946966530128,100.0,1.0099396591184626,0.0005550375345502179,0.016790286989800337
2021-12-15 00:00:00-07:00,29.84486933333333,30.167701726474675,24,0.3228323931413435,1.0108170147952624,100.0,1.0099396591184626,0.000877355676799807,0.02618456553294847
2021-12-16 00:00:00-07:00,28.943649633333333,29.305010891408916,23,0.3613612580755827,1.0124849928275603,95.83333333333333,1.0099396591184626,0.002545333709097708,0.07367124707603685
2021-12-17 00:00:00-07:00,34.266212880909904,35.04755455645103,24,0.7813416755411282,1.0228021018329814,100.0,1.0099396591184626,0.012862442714518751,0.4407472002242082
2021-12-18 00:00:00-07:00,34.58639483893557,35.74606035916589,24,1.1596655202303197,1.0335295287534516,100.0,1.0099396591184626,0.02358986963498899,0.8158885453947461
2021-12-19 00:00:00-07:00,34.36114382051282,35.43565842344889,24,1.0745146029360697,1.031271211707877,100.0,1.0099396591184626,0.021331552589414438,0.7329765464397022
2021-12-20 00:00:00-07:00,35.33036333333334,36.46012321628067,24,1.129759882947333,1.0319770241898825,100.0,1.0099396591184626,0.022037365071419845,0.7785881148825725
2021-12-21 00:00:00-07:00,33.98163764791988,34.97787515658607,24,0.9962375086661908,1.0293169363698154,100.0,1.0099396591184626,0.019377277251352742,0.6584716141587499
2021-12-22 00:00:00-07:00,34.46485299019608,35.518993715520104,24,1.0541407253240251,1.030585963202103,100.0,1.0099396591184626,0.020646304083640432,0.7115718350335525
2021-12-23 00:00:00-07:00,35.194007666666664,36.28736052313911,24,1.0933528564724426,1.0310664493463753,100.0,1.0099396591184626,0.02112679022791264,0.7435364172532158
2021-12-24 00:00:00-07:00,31.619003126177024,32.64236600542707,24,1.0233628792500475,1.032365437808595,100.0,1.0099396591184626,0.022425778690132292,0.709080766510247
2021-12-25 00:00:00-07:00,32.32366904959196,33.31166693792346,24,0.987997888331499,1.0305657716893364,100.0,1.0099396591184626,0.020626112570873767,0.6667116365205521
2021-12-26 00:00:00-07:00,31.683262782051283,32.680244775648646,24,0.9969819935973625,1.0314671503517674,100.0,1.0099396591184626,0.021527491233304774,0.6820611617831004
2021-12-27 00:00:00-07:00,33.29712189473684,34.37079046040562,24,1.0736685656687825,1.0322450861988313,100.0,1.0099396591184626,0.022305427080368645,0.7427065244091988
2021-12-28 00:00:00-07:00,33.39310629310344,34.446179116890704,24,1.0530728237872609,1.0315356353656966,100.0,1.0099396591184626,0.021595976247233972,0.7211567303272213
2021-12-29 00:00:00-07:00,32.660227666666664,33.70437189353205,24,1.0441442268653844,1.0319699004404383,100.0,1.0099396591184626,0.02203024132197573,0.7195126971273349
2021-12-30 00:00:00-07:00,35.47000833333333,36.442351949366966,24,0.9723436160336334,1.0274131205974333,100.0,1.0099396591184626,0.017473461478970664,0.6197838242712684
2021-12-31 00:00:00-07:00,34.369804333333335,35.44100251832679,24,1.071198184993456,1.0311668397819351,100.0,1.0099396591184626,0.02122718066347251,0.729574045951867
2022-01-01 00:00:00-07:00,30.022003166666664,31.01915060745654,24,0.9971474407898775,1.0332138876694612,100.0,1.0099396591184626,0.023274228550998588,0.6987389632598033
2022-01-02 00:00:00-07:00,29.059862333333335,30.061877857211385,24,1.0020155238780504,1.034481082958493,100.0,1.0099396591184626,0.02454142384003033,0.7131703982552661
2022-01-03 00:00:00-07:00,28.88854024293785,29.90525466271668,24,1.016714419778829,1.0351943854285741,100.0,1.0099396591184626,0.025254726310111497,0.7295721773340373
2022-01-04 00:00:00-07:00,30.388246514519057,31.33499268862654,24,0.9467461741074814,1.0311550116475177,100.0,1.0099396591184626,0.021215352529055043,0.6446973625453499
2022-01-05 00:00:00-07:00,31.471681193250966,32.469137267112195,24,0.9974560738612297,1.031693765189612,100.0,1.0099396591184626,0.02175410607114947,0.6846382909153814
2022-01-06 00:00:00-07:00,33.008330689655175,34.03847912565906,24,1.0301484360038842,1.0312087407778767,100.0,1.0099396591184626,0.021269081659414102,0.7020568808792205
2022-01-07 00:00:00-07:00,31.684418649717514,32.59694041747332,24,0.9125217677558055,1.0288003317291081,100.0,1.0099396591184626,0.0188606726106455,0.5975894470109526
2022-01-08 00:00:00-07:00,31.90951370119272,33.00195761368375,24,1.0924439124910315,1.0342356803905224,100.0,1.0099396591184626,0.024296021272059765,0.7752742236652608
2022-01-09 00:00:00-07:00,26.584577527449433,27.64570376878084,24,1.061126241331408,1.0399151064272418,100.0,1.0099396591184626,0.029975447308779213,0.7968846029002165
2022-01-10 00:00:00-07:00,15.662536166666667,16.56388016316312,24,0.9013439964964522,1.0575477679288436,100.0,1.0099396591184626,0.04760810881038102,0.7456637260691947
2022-01-11 00:00:00-07:00,15.460772764908976,16.270255587262046,24,0.8094828223530701,1.0523572032693176,100.0,1.0099396591184626,0.04241754415085497,0.6558080113618625
2022-01-12 00:00:00-07:00,16.32479718676999,17.06105289659813,24,0.7362557098281393,1.045100450646016,100.0,1.0099396591184626,0.03516079152755336,0.5739927906136092
2022-01-13 00:00:00-07:00,15.694998274509803,16.39832397042207,24,0.703325695912266,1.0448120913179415,100.0,1.0099396591184626,0.03487243219947889,0.5473227631987813
2022-01-14 00:00:00-07:00,17.53833866182405,18.47381693805857,24,0.9354782762345195,1.053339047344934,100.0,1.0099396591184626,0.04339938822647138,0.7611531684318344
2022-01-15 00:00:00-07:00,18.068453680451125,18.917181065673404,24,0.8487273852222792,1.0469728843559283,100.0,1.0099396591184626,0.03703322523746566,0.6691331148408619
2022-01-16 00:00:00-07:00,22.343003166666666,23.16696244954218,24,0.8239592828755136,1.0368777320008964,100.0,1.0099396591184626,0.026938072882433772,0.6018774477161152
2022-01-17 00:00:00-07:00,26.82424716666667,27.68995690270915,24,0.8657097360424792,1.0322734028904363,100.0,1.0099396591184626,0.022333743771973724,0.5990858630964255
2022-01-18 00:00:00-07:00,24.072032483564456,24.91302177113331,24,0.8409892875688527,1.0349363639378208,100.0,1.0099396591184626,0.02499670481935823,0.6017214903936635
2022-01-19 00:00:00-07:00,22.760308036723163,23.757845870523784,24,0.9975378338006209,1.0438279583998213,100.0,1.0099396591184626,0.033888299281358725,0.7713081304843887
2022-01-20 00:00:00-07:00,28.40532466666667,29.420537552865216,24,1.0152128861985474,1.0357402317386601,100.0,1.0099396591184626,0.025800572620197526,0.7328736418626215
2022-01-21 00:00:00-07:00,32.63315233898305,33.72157100564972,24,1.0884186666666693,1.0333531574075503,100.0,1.0099396591184626,0.023413498289087675,0.7640562564563171
2022-01-22 00:00:00-07:00,29.958697,31.01124556635753,24,1.0525485663575296,1.0351333225993617,100.0,1.0099396591184626,0.02519366348089913,0.7547693305442223
2022-01-23 00:00:00-07:00,27.559108000000002,28.515800327565092,24,0.95669232756509,1.0347141978457755,100.0,1.0099396591184626,0.024774538727312834,0.682764188436197
2022-01-24 00:00:00-07:00,29.770014666666665,30.829305582978485,24,1.05929091631182,1.0355824788187928,100.0,1.0099396591184626,0.02564281970033022,0.7633871185735196
2022-01-25 00:00:00-07:00,30.58227687288136,31.692678584745764,24,1.1104017118644052,1.0363086671564683,100.0,1.0099396591184626,0.02636900803800568,0.8064243046815238
2022-01-26 00:00:00-07:00,31.371215166666666,32.47451467231639,24,1.1032995056497228,1.0351691670146723,100.0,1.0099396591184626,0.025229507896209702,0.7914803207611102
2022-01-27 00:00:00-07:00,32.13096383333333,33.24294097316385,24,1.1119771398305147,1.0346076496677303,100.0,1.0099396591184626,0.024667990549267715,0.7926063121795294
2022-01-28 00:00:00-07:00,32.147448499999996,33.144470045772124,24,0.9970215457721281,1.0310140179794403,100.0,1.0099396591184626,0.021074358860977638,0.6774868661537972
2022-01-29 00:00:00-07:00,31.214729833333333,32.166120207580455,24,0.9513903742471221,1.0304788918349426,100.0,1.0099396591184626,0.02053923271647995,0.6411266002288827
2022-01-30 00:00:00-07:00,31.390199499999998,32.45045084539792,24,1.0602513453979192,1.0337765086646844,100.0,1.0099396591184626,0.023836849546221783,0.7482434627073862
2022-01-31 00:00:00-07:00,31.367330000000003,32.39474320713255,24,1.0274132071325468,1.0327542448506948,100.0,1.0099396591184626,0.022814585732232162,0.7156326394762179
2022-02-01 00:00:00-07:00,30.593275297297296,31.573736953686005,24,0.9804616563887087,1.0320482735784529,100.0,1.0099396591184626,0.02210861445999024,0.6763749286162892
2022-02-02 00:00:00-07:00,30.098536333333332,31.06637750832305,24,0.9678411749897187,1.0321557554916005,100.0,1.0099396591184626,0.022216096373137928,0.6686719838717268
2022-02-03 00:00:00-07:00,30.843629166666666,31.846102753761066,24,1.0024735870944,1.0325018039115121,100.0,1.0099396591184626,0.02256214479304952,0.6958984272014587
2022-02-04 00:00:00-07:00,33.00811083333333,34.07922920575211,24,1.0711183724187734,1.0324501568062205,100.0,1.0099396591184626,0.022510497687757924,0.7430290025910073
2022-02-05 00:00:00-07:00,32.559782166666665,33.579904061382265,24,1.0201218947156008,1.0313307346312641,100.0,1.0099396591184626,0.021391075512801505,0.6964887590075344
2022-02-06 00:00:00-07:00,30.41170166666667,31.51200743502825,24,1.1003057683615793,1.0361803420414186,100.0,1.0099396591184626,0.026240682922956005,0.7980238205825327
2022-02-07 00:00:00-07:00,29.875220999999996,30.89582899150818,24,1.0206079915081823,1.0341623578787311,100.0,1.0099396591184626,0.024222698760268502,0.7236584786794474
2022-02-08 00:00:00-07:00,31.17430431034483,32.08941814166401,24,0.9151138313191822,1.0293547474936116,100.0,1.0099396591184626,0.019415088375148937,0.6052518732191313
2022-02-09 00:00:00-07:00,32.740846499999996,33.71590253301196,24,0.9750560330119669,1.0297810269814487,100.0,1.0099396591184626,0.01984136786298607,0.6496231795520598
2022-02-10 00:00:00-07:00,31.600556,32.56484617514124,24,0.9642901751412403,1.030514974962505,100.0,1.0099396591184626,0.020575315844042485,0.6501914205473518
2022-02-11 00:00:00-07:00,32.1191905,33.171018211165844,24,1.051827711165842,1.0327476407341536,100.0,1.0099396591184626,0.022807981615690975,0.7325739064348763
2022-02-12 00:00:00-07:00,34.08554683333333,35.127780657748055,24,1.0422338244147227,1.0305770017277671,100.0,1.0099396591184626,0.0206373426093045,0.703435108024994
2022-02-13 00:00:00-07:00,32.17872366666666,33.19545166345487,24,1.0167279967882052,1.0315962810495625,100.0,1.0099396591184626,0.02165662193109985,0.696882452674335
2022-02-14 00:00:00-07:00,32.4026898559322,33.44306209929809,24,1.040372243365887,1.0321075888449864,100.0,1.0099396591184626,0.022167929726523816,0.7183005516766512
2022-02-15 00:00:00-07:00,32.841787,33.82574867571958,24,0.9839616757195842,1.029960661876273,100.0,1.0099396591184626,0.02002100275781049,0.6575255080984247
2022-02-16 00:00:00-07:00,33.03052233333334,34.15413199933965,24,1.1236096660063097,1.034017314490737,100.0,1.0099396591184626,0.024077655372274354,0.7952975335082114
2022-02-17 00:00:00-07:00,31.83987183333333,32.974728848399245,24,1.134857015065915,1.0356426376653258,100.0,1.0099396591184626,0.02570297854686321,0.8183795426670407
2022-02-18 00:00:00-07:00,31.850317833333335,32.96921532169031,24,1.1188974883569713,1.0351298688512922,100.0,1.0102055193025443,0.024924349548747893,0.7938484549167186
2022-02-19 00:00:00-07:00,33.57221333333333,34.587184041739725,24,1.0149707084063948,1.0302324633270052,100.0,1.0102552001824554,0.01997726314454984,0.6706809401049647
2022-02-20 00:00:00-07:00,34.66504516666667,35.62561309266997,24,0.9605679260033,1.0277099862811363,100.0,1.010451125990932,0.017258860290204403,0.5982791714851255
2022-02-21 00:00:00-07:00,33.9282135,35.00849938192805,24,1.0802858819280488,1.031840340839875,100.0,1.010451125990932,0.021389214848943183,0.7256978479923145
2022-02-22 00:00:00-07:00,34.080285499999995,35.16885208258114,24,1.0885665825811444,1.0319412401219803,100.0,1.010451125990932,0.0214901141310484,0.7323892250137137
2022-02-23 00:00:00-07:00,33.157201,34.23528031751207,24,1.0780793175120706,1.032514183495527,100.0,1.010492493133372,0.022021690362154844,0.7301776136977309
2022-02-24 00:00:00-07:00,30.637055076271185,31.686702420903956,24,1.0496473446327705,1.0342607127878207,100.0,1.0107053708994382,0.023555341888382486,0.721666306774772
2022-02-25 00:00:00-07:00,33.21672133333333,34.35114474637681,24,1.1344234130434785,1.0341521790082597,100.0,1.0108047466752925,0.02334743233296721,0.7755251536530283
2022-02-26 00:00:00-07:00,30.876113,31.977701166666666,24,1.1015881666666658,1.035677682830953,100.0,1.0108166320668905,0.02486105076406253,0.7676126126899311
2022-02-27 00:00:00-07:00,28.78288633333333,29.807715365140314,24,1.0248290318069841,1.035605499043372,100.0,1.0108206850680561,0.024784813975315956,0.7133784834443305
2022-02-28 00:00:00-07:00,29.286601036723166,30.214586001256908,24,0.9279849645337421,1.0316863320318435,100.0,1.0109886909287429,0.020697641103100572,0.6061635573877893
2022-03-01 00:00:00-07:00,31.220847874416265,32.09881820695509,24,0.8779703325388226,1.028121284087812,100.0,1.0109886909287429,0.01713259315906912,0.5348940847135618
2022-03-02 00:00:00-07:00,32.253687618644065,33.099481571713476,24,0.8457939530694105,1.0262231706051652,100.0,1.0109886909287429,0.01523447967642233,0.49136814851590754
2022-03-03 00:00:00-07:00,30.879173776473362,31.711499190876975,24,0.8323254144036127,1.0269542643993201,100.0,1.011028802832474,0.015925461566846044,0.49176509519318673
2022-03-04 00:00:00-07:00,29.092620807766238,29.933244671778084,24,0.840623864011846,1.0288947451508887,100.0,1.011643481846247,0.017251263304641773,0.5018844617768754
2022-03-05 00:00:00-07:00,28.94285703205639,29.94947541510105,24,1.006618383044657,1.0347795099125754,100.0,1.011643481846247,0.023136028066328418,0.6696227526133874
2022-03-06 00:00:00-07:00,32.73287597463779,33.74175136342756,24,1.0088753887897681,1.0308214710363814,100.0,1.012407645524918,0.018413825511463422,0.6027374666853536
2022-03-07 00:00:00-07:00,31.64509187419178,32.641824850599235,24,0.9967329764074542,1.031497237561201,100.0,1.0217703909324394,0.009726846628761665,0.3078069552133355
2022-03-08 00:00:00-07:00,31.404267064398535,32.51449644047112,24,1.110229376072585,1.0353528192138959,100.0,1.0258810637279467,0.00947175548594914,0.2974535388494287
2022-03-09 00:00:00-07:00,33.04130908757062,34.179369448275864,24,1.1380603607052464,1.0344435614729732,100.0,1.0268811550199046,0.007562406453068604,0.24987180906167836
2022-03-10 00:00:00-07:00,30.400412878619097,31.501347567771415,24,1.100934689152318,1.0362144650320395,100.0,1.027367234977622,0.008847230054417565,0.26895944648642167
2022-03-11 00:00:00-07:00,15.365511937853107,16.08595071780635,24,0.7204387799532448,1.0468867410905092,100.0,1.027680299712766,0.019206441377743078,0.29511680427338716
2022-03-12 00:00:00-07:00,2.571207244696727,2.8873836810574565,24,0.31617643636072934,1.122968087077719,100.0,1.0280801543071445,0.0948879327705745,0.24397654017399714
2022-03-13 00:00:00-07:00,2.5140553333333333,2.8129486666666668,23,0.29889333333333346,1.1188889239510242,100.0,1.0287324269649785,0.09015649698604578,0.22665842208241896
2022-03-14 00:00:00-06:00,4.178800166666667,4.80129386256838,24,0.6224936959017127,1.1489646958634687,100.0,1.0288003317291081,0.1201643641343606,0.5021428648720602
2022-03-15 00:00:00-06:00,25.489341,26.54040396577507,24,1.0510629657750705,1.0412353919144113,100.0,1.0288947451508887,0.012340646763522534,0.31455495351597224
2022-03-16 00:00:00-06:00,34.082804833333334,35.13992629096045,24,1.0571214576271188,1.0310162694295995,100.0,1.0293169363698154,0.0016993330597840917,0.057918037023452364
2022-03-17 00:00:00-06:00,33.5289845,34.71618350503862,24,1.1871990050386216,1.0354081408292763,100.0,1.0293547474936116,0.006053393335664792,0.2029641313239081
2022-03-18 00:00:00-06:00,33.43455266666666,34.54361904937021,24,1.1090663827035456,1.0331712642834086,100.0,1.0297810269814487,0.003390237301959864,0.11335106762487497
2022-03-19 00:00:00-06:00,32.42425683333333,33.48707134402858,24,1.0628145106952473,1.032778376884883,100.0,1.0297810269814487,0.0029973499034343654,0.09718684308832272
2022-03-20 00:00:00-06:00,31.067008166666668,32.08508241944746,24,1.0180742527807922,1.0327702702274735,100.0,1.0297810269814487,0.0029892432460247864,0.09286684433640521
2022-03-21 00:00:00-06:00,33.89763470903955,35.065670728196636,24,1.1680360191570855,1.034457744004351,100.0,1.0297810269814487,0.004676717022902288,0.15852964527988872
2022-03-22 00:00:00-06:00,34.14551788080839,35.308123646342416,24,1.1626057655340247,1.0340485615005848,100.0,1.029960661876273,0.004087899624311664,0.13958344971688383
2022-03-23 00:00:00-06:00,33.574726579354554,34.66913138967173,24,1.0944048103171795,1.0325960900301163,100.0,1.029960661876273,0.002635428153843211,0.08848377968481896
2022-03-24 00:00:00-06:00,32.44642066666667,33.41284338888889,24,0.9664227222222195,1.0297851874679989,100.0,1.0297851874679989,0.0,0.0
2022-03-25 00:00:00-06:00,31.431951,32.48733920039738,24,1.0553882003973776,1.0335769230614218,100.0,1.0297851874679989,0.00379173559342294,0.11918164737742579
2022-03-26 00:00:00-06:00,30.94600430272109,31.937708442285537,24,0.9917041395644475,1.0320462742092118,100.0,1.0297851874679989,0.0022610867412129476,0.06997160002240148
2022-03-27 00:00:00-06:00,33.342412833333334,34.249888555084745,24,0.9074757217514104,1.0272168581886245,100.0,1.0297810269814487,0.0,0.0
2022-03-28 00:00:00-06:00,27.32983576704169,27.684131404245797,20,0.35429563720410684,1.0129636943384552,83.33333333333333,1.0293547474936116,0.0,0.0
2022-03-31 00:00:00-06:00,12.711829018018017,13.08073618018018,9,0.3689071621621629,1.0290207775481612,37.5,1.0292879535045214,0.0,0.0
2022-04-01 00:00:00-06:00,33.705512349503216,34.807510067358635,24,1.1019977178554186,1.0326948810754886,100.0,1.0292879535045214,0.0034069275709671665,0.11483223931709682
2022-04-02 00:00:00-06:00,33.664643361581916,34.7166568075244,24,1.0520134459424852,1.0312498021928562,100.0,1.0292879535045214,0.001961848688334822,0.06604493642217905
2022-04-03 00:00:00-06:00,27.925566605263157,28.87474812503717,24,0.9491815197740117,1.0339896960083568,100.0,1.0292879535045214,0.004701742503835371,0.13129882345165142
2022-04-04 00:00:00-06:00,9.607259235304724,10.209285043965368,16,0.6020258086606436,1.0626636373512564,66.66666666666667,1.0292879535045214,0.03337568384673495,0.320648846871155
2022-04-08 00:00:00-06:00,21.299248711864404,21.906557114703435,14,0.6073084028390312,1.0285131372967506,58.333333333333336,1.0291877625208863,0.0,0.0
2022-04-09 00:00:00-06:00,33.48949595238095,34.47709391000807,24,0.9875979576271234,1.0294897826778702,100.0,1.0291877625208863,0.0003020201569838843,0.010114502824849252
2022-04-10 00:00:00-06:00,34.343819697281596,35.32604206113935,24,0.9822223638577512,1.0285996832185647,100.0,1.0289577613495249,0.0,0.0
2022-04-11 00:00:00-06:00,33.2089670933412,33.80191092523659,24,0.5929438318953899,1.0178549314776575,100.0,1.0287472141847267,0.0,0.0
2022-04-12 00:00:00-06:00,34.30178988278118,35.29577402929283,24,0.9939841465116501,1.028977617491926,100.0,1.0287472141847267,0.0002304033071993672,0.007903245831850578
2022-04-13 00:00:00-06:00,34.41148504880041,35.53840121723394,24,1.1269161684335316,1.032748257357548,100.0,1.0287472141847267,0.004001043172821239,0.13768183732114303
2022-04-14 00:00:00-06:00,33.63469503888667,34.75772573113283,24,1.1230306922461608,1.0333890552879332,100.0,1.0287472141847267,0.004641841103206534,0.15612690992532105
2022-04-15 00:00:00-06:00,34.437477247905704,35.620390585961154,24,1.1829133380554495,1.0343495933090565,100.0,1.0287472141847267,0.005602379124329815,0.19293180362824988
2022-04-16 00:00:00-06:00,33.978089410312016,35.19994846634816,24,1.2218590560361449,1.0359602048626466,100.0,1.0287472141847267,0.007212990677919917,0.24508364217011003
2022-04-17 00:00:00-06:00,33.02366639480862,34.226030431056934,24,1.2023640362483121,1.0364091625040557,100.0,1.0287472141847267,0.007661948319328982,0.2530256252317849
2022-04-18 00:00:00-06:00,32.54636877899909,33.67155919392045,24,1.125190414921363,1.0345719186850548,100.0,1.0287472141847267,0.005824704500328126,0.18957298069637482
2022-04-19 00:00:00-06:00,32.59396104225019,33.626696426482546,24,1.0327353842323532,1.0316848689514497,100.0,1.0287472141847267,0.00293765476672303,0.09574980502215102
2022-04-20 00:00:00-06:00,33.73844183333333,34.91117894408728,24,1.1727371107539497,1.0347596701871185,100.0,1.0287472141847267,0.006012456002391753,0.20285089711217
2022-04-21 00:00:00-06:00,33.65387316666666,34.819604461865225,24,1.1657312951985617,1.0346388449681683,100.0,1.0287472141847267,0.00589163078344157,0.19827619513077155
2022-04-22 00:00:00-06:00,33.787735166666664,34.86855363276836,24,1.0808184661016966,1.0319884851935262,100.0,1.0287472141847267,0.003241271008799451,0.10951520644871035
2022-04-23 00:00:00-06:00,33.76917259016282,34.738014226180916,24,0.968841636018098,1.0286901206546093,100.0,1.028644901936587,4.521871802221078e-05,0.0015269986931979417
2022-04-24 00:00:00-06:00,33.353051,34.35854051985472,24,1.00548951985472,1.0301468528277884,100.0,1.028644901936587,0.001501950891201309,0.050094644673732716
2022-04-25 00:00:00-06:00,33.740247333333336,34.755049047619046,24,1.01480171428571,1.030076890197635,100.0,1.028644901936587,0.0014319882610478452,0.0483156381061842
2022-04-26 00:00:00-06:00,34.403402500000006,35.40281407976663,24,0.9994115797666225,1.0290497888912766,100.0,1.028644901936587,0.00040488695468954283,0.013929488869183607
2022-04-27 00:00:00-06:00,34.69290632758621,35.758601475098736,24,1.0656951475125283,1.0307179553494237,100.0,1.028644901936587,0.0020730534128365896,0.07192024786362271
2022-04-28 00:00:00-06:00,34.94126687874347,36.04340414227846,24,1.102137263534992,1.0315425673419265,100.0,1.028644901936587,0.0028976654053394224,0.10124810025326714
2022-04-29 00:00:00-06:00,35.306129166666665,36.33665293155695,24,1.0305237648902832,1.0291882398103054,100.0,1.028644901936587,0.000543337873718297,0.019183157150640215
2022-04-30 00:00:00-06:00,34.89599,35.892962348228046,24,0.9969723482280486,1.028569825593945,100.0,1.0285847544062547,0.0,0.0
2022-05-01 00:00:00-06:00,34.64502104237288,35.6595226544355,24,1.0145016120626167,1.0292827535252993,100.0,1.0285847544062547,0.0006979991190445567,0.0241821941668564
2022-05-02 00:00:00-06:00,33.650514333333334,34.878770336153586,24,1.2282560028202525,1.0365003634314016,100.0,1.0285847544062547,0.007915609025146875,0.2663643149577676
2022-05-03 00:00:00-06:00,33.83000240960452,34.8425986779661,24,1.012596268361584,1.0299319005686534,100.0,1.0285847544062547,0.0013471461623986158,0.04557395792003465
2022-05-04 00:00:00-06:00,34.6832855,35.83699596706913,24,1.153710467069132,1.0332641631390178,100.0,1.0285847544062547,0.0046794087327630685,0.1622972690496147
2022-05-05 00:00:00-06:00,30.247534879432624,31.227406042224317,21,0.9798711627916923,1.0323950750597521,87.5,1.0285847544062547,0.003810320653497401,0.11525280686848514
2022-05-09 00:00:00-06:00,12.361325508474575,12.727421935028248,9,0.366096426553673,1.0296162758842236,37.5,1.028575797118869,0.0010404787653546244,0.01286169670320425
2022-05-10 00:00:00-06:00,32.68705389800773,33.67002899779867,24,0.9829750997909343,1.0300723063894983,100.0,1.028575797118869,0.001496509270629387,0.04891647918793101
2022-05-11 00:00:00-06:00,34.342043734649124,35.418510340730265,24,1.0764666060811408,1.0313454439228684,100.0,1.028575797118869,0.0027696468039994926,0.09511533167248175
2022-05-12 00:00:00-06:00,33.46831416552251,34.681085368750914,24,1.2127712032284066,1.036236399515986,100.0,1.028575797118869,0.007660602397117078,0.2563874477238692
2022-05-13 00:00:00-06:00,34.021786401129944,35.46741395329242,24,1.4456275521624775,1.0424912300347187,100.0,1.028575797118869,0.013915432915849735,0.4734278863422925
2022-05-14 00:00:00-06:00,33.58736894067797,35.16368168614845,24,1.5763127454704815,1.0469317125808386,100.0,1.028575797118869,0.018355915461969685,0.6165269048650711
2022-05-15 00:00:00-06:00,32.13217295762712,33.785941440677966,24,1.6537684830508468,1.0514676827250893,100.0,1.028575797118869,0.022891885606220352,0.7355660276252871
2022-05-16 00:00:00-06:00,32.30708833333333,34.1983429519774,24,1.8912546186440693,1.0585399278056493,100.0,1.028575797118869,0.029964130686780388,0.968053816929358
2022-05-17 00:00:00-06:00,33.440011,34.99320695327228,24,1.5531959532722794,1.046447232127773,100.0,1.028575797118869,0.01787143500890398,0.5976209832835342
2022-05-18 00:00:00-06:00,34.2582545,35.68902076285798,24,1.4307662628579791,1.041764131995049,100.0,1.028575797118869,0.013188334876180097,0.45180933261940376
2022-05-19 00:00:00-06:00,33.818222,35.16379879371225,24,1.3455767937122545,1.0397885138287948,100.0,1.028575797118869,0.011212716709925852,0.379194142919382
2022-05-20 00:00:00-06:00,34.3269265,35.50122117064545,24,1.1742946706454518,1.0342091410556506,100.0,1.028575797118869,0.005633343936781721,0.19337538326712678
2022-05-21 00:00:00-06:00,27.833953878531073,28.922535422149053,24,1.0885815436179804,1.039109842186583,100.0,1.028575797118869,0.010534045067714048,0.29320412456912054
2022-05-22 00:00:00-06:00,33.171689,34.18822100282486,24,1.0165320028248601,1.0306445656965149,100.0,1.0286177707057735,0.0020267949907413207,0.06723221309962897
2022-05-23 00:00:00-06:00,32.989149557823126,34.004119402169664,24,1.0149698443465383,1.030766778105859,100.0,1.0286177707057735,0.00214900740008539,0.07089392652228556
2022-05-24 00:00:00-06:00,35.11433839430764,36.19712337477843,24,1.082784980470791,1.0308359784060839,100.0,1.0286177707057735,0.0022182077003103373,0.07789089581755612
2022-05-25 00:00:00-06:00,34.70072808333334,35.76344802367037,24,1.0627199403370327,1.0306252922931451,100.0,1.0286177707057735,0.002007521587371608,0.06966246072480388
2022-05-26 00:00:00-06:00,33.742097685185186,34.76597713819124,24,1.023879453006053,1.030344273866992,100.0,1.0286177707057735,0.0017265031612183623,0.05825583831961101
2022-05-27 00:00:00-06:00,33.27630933333333,34.2606748125267,24,0.9843654791933716,1.0295815701595044,100.0,1.0286177707057735,0.0009637994537308181,0.032071688757644386
2022-05-28 00:00:00-06:00,33.18438533333333,34.15996333333333,24,0.9755779999999987,1.0293987063554269,100.0,1.0286177707057735,0.0007809356496533137,0.02591486951863256
2022-05-29 00:00:00-06:00,33.75272435310735,34.74663081355932,24,0.9939064604519743,1.0294467033254597,100.0,1.0286177707057735,0.0008289326196861957,0.027978734219567328
2022-05-30 00:00:00-06:00,32.47212433333333,33.43979702542373,24,0.967672692090396,1.0298001043035259,100.0,1.0286177707057735,0.0011823335977523275,0.038392883589690896
2022-05-31 00:00:00-06:00,32.42181566666667,33.47167578501851,24,1.0498601183518446,1.0323812870058113,100.0,1.0287310455538652,0.0036502414519461457,0.11834745549382363
2022-06-01 00:00:00-06:00,32.09146998850575,33.273373410950065,24,1.1819034224443143,1.0368292079754413,100.0,1.0289113196190962,0.007917888356345104,0.254096676559988
2022-06-02 00:00:00-06:00,33.51968783333333,34.70060862068966,24,1.180920787356328,1.0352306618494809,100.0,1.0289862495031732,0.006244412346307682,0.20931075255084602
2022-06-03 00:00:00-06:00,33.13693166666667,34.301151181618174,24,1.1642195149515047,1.0351335943430944,100.0,1.0290265798167844,0.006107014526310017,0.20236772304567577
2022-06-04 00:00:00-06:00,34.607772482368986,35.79108621800117,24,1.1833137356321828,1.0341921380879115,100.0,1.0290265798167844,0.005165558271127191,0.1787684653915891
2022-06-05 00:00:00-06:00,33.01758383333333,34.23898402259887,24,1.2214001892655375,1.0369924157815709,100.0,1.0290265798167844,0.007965835964786505,0.26301265676992014
2022-06-06 00:00:00-06:00,33.4378085,34.75071852824859,24,1.312910028248588,1.0392642367172056,100.0,1.0290265798167844,0.010237656900421221,0.3423248109249884
2022-06-07 00:00:00-06:00,31.30470034849802,32.53279632748961,24,1.2280959789915933,1.0392304019945846,100.0,1.0290265798167844,0.010203822177800248,0.31942759568539525
2022-06-08 00:00:00-06:00,31.932140833333335,33.152984333333336,24,1.2208435000000009,1.0382324350369139,100.0,1.0290265798167844,0.00920585522012951,0.2939626653804524
2022-06-09 00:00:00-06:00,30.6956705,31.95303658045977,24,1.2573660804597715,1.0409623266075836,100.0,1.0290265798167844,0.011935746790799229,0.36637575066180555
2022-06-10 00:00:00-06:00,30.523534333333334,31.91507817816092,24,1.3915438448275843,1.0455892109226665,100.0,1.0290265798167844,0.016562631105882186,0.5055500392107296
2022-06-11 00:00:00-06:00,30.39145166666667,31.747919333333332,24,1.3564676666666635,1.0446331975696455,100.0,1.0290265798167844,0.015606617752861096,0.47430776911621997
2022-06-12 00:00:00-06:00,27.939000996921877,29.24745407318281,24,1.3084530762609319,1.046832493273653,100.0,1.0290236786824727,0.017808814591180333,0.4975604886169842
2022-06-13 00:00:00-06:00,30.179240646590014,31.459307609837843,24,1.2800669632478296,1.0424154795091727,100.0,1.0290236786824727,0.013391800826699995,0.40415437984018227
2022-06-14 00:00:00-06:00,33.16286262718537,34.4354499851151,24,1.27258735792973,1.0383738693560949,100.0,1.0290236786824727,0.009350190673622194,0.31007908884732266
2022-06-15 00:00:00-06:00,32.581564855201634,33.76016937354551,24,1.1786045183438745,1.0361739690399097,100.0,1.0290236786824727,0.0071502903574369725,0.2329676490143556
2022-06-16 00:00:00-06:00,33.171132335992574,34.51352311182864,24,1.3423907758360656,1.0404686449120548,100.0,1.0290236786824727,0.011444966229582132,0.3796424893824349
2022-06-17 00:00:00-06:00,32.862067499999995,34.375504455627706,24,1.5134369556277107,1.0460542221096623,100.0,1.0290236786824727,0.01703054342718957,0.5596588676659849
2022-06-18 00:00:00-06:00,30.308030711864404,31.627765100623414,24,1.3197343887590094,1.0435440494734085,100.0,1.0290236786824727,0.014520370790935822,0.4400838438793417
2022-06-19 00:00:00-06:00,29.644017796296296,30.93689972002511,24,1.2928819237288138,1.0436135861411588,100.0,1.0290236786824727,0.014589907458686158,0.4325034763516085
2022-06-20 00:00:00-06:00,30.92703706060606,32.21693294425597,24,1.289895883649912,1.0417077097014555,100.0,1.0290236786824727,0.012684031018982855,0.3922794974019596
2022-06-21 00:00:00-06:00,30.33758783333333,31.63775406158192,24,1.3001662282485889,1.042856611916259,100.0,1.0290236786824727,0.013832933233786315,0.419657826972628
2022-06-22 00:00:00-06:00,31.608445333333332,32.97152975287356,24,1.3630844195402254,1.0431240576740026,100.0,1.0290236786824727,0.014100378991529938,0.44569105853305585
2022-06-23 00:00:00-06:00,31.327008954867953,32.77682411760574,24,1.4498151627377887,1.0462800379323318,100.0,1.0290236786824727,0.017256359249859132,0.5405901207487555
2022-06-24 00:00:00-06:00,10.571800497493735,11.245927669737773,12,0.6741271722440381,1.0637665431166483,50.0,1.0290236786824727,0.034742864434175624,0.36729463150957525
2022-06-26 00:00:00-06:00,1.5242252982456141,1.6343281360834518,8,0.1101028378378377,1.0722352777929656,33.333333333333336,1.0291882398103054,0.043047037982660186,0.0656133843077105
2022-06-27 00:00:00-06:00,5.853647751412429,6.43465638700565,24,0.5810086355932214,1.099255824789428,100.0,1.0291976911818048,0.07005813360762314,0.41009563626041473
2022-06-28 00:00:00-06:00,17.516658313994775,18.362911430728918,24,0.8462531167341432,1.0483113332214762,100.0,1.0292071425533043,0.019104190668171928,0.3346415802997752
2022-06-29 00:00:00-06:00,34.173274,35.20915981751988,24,1.0358858175198833,1.0303127472515476,100.0,1.0293059440913248,0.0010068031602228356,0.03440576025836086
2022-06-30 00:00:00-06:00,31.44815333333333,32.43880330827261,24,0.9906499749392808,1.0315010539550264,100.0,1.0293059440913248,0.0021951098637016386,0.06903215157720156
2022-07-01 00:00:00-06:00,31.12832778248588,32.003776114589286,24,0.8754483321034066,1.0281238471343768,100.0,1.0292071425533043,0.0,0.0
2022-07-02 00:00:00-06:00,33.52118033333334,34.49832611070068,24,0.9771457773673404,1.0291501005528636,100.0,1.029157728404352,0.0,0.0
2022-07-03 00:00:00-06:00,34.942467666666666,35.9711425,24,1.0286748333333335,1.0294391009572181,100.0,1.029157728404352,0.0002813725528660882,0.009831851330810744
2022-07-04 00:00:00-06:00,36.76423883333334,37.810751217514124,24,1.0465123841807866,1.0284654984678192,100.0,1.0290798823897527,0.0,0.0
2022-07-05 00:00:00-06:00,24.427477735311314,25.215201855222926,17,0.7877241199116121,1.0322474603578458,70.83333333333333,1.0290899135559115,0.0031575468019342523,0.07713090420245239
2022-07-18 00:00:00-06:00,16.334288833333332,17.274653592624855,12,0.9403647592915227,1.0575699847655762,50.0,1.0293175393743377,0.0282524453912385,0.4614836032684668
2022-07-19 00:00:00-06:00,34.15556549152542,35.993036279061805,24,1.8374707875363825,1.0537971121570888,100.0,1.0293175393743377,0.024479572782751147,0.8361136513858201
2022-07-20 00:00:00-06:00,32.47623883333333,34.1274635482671,24,1.6512247149337682,1.0508440870695583,100.0,1.0293175393743377,0.021526547695220666,0.6991013042071276
2022-07-21 00:00:00-06:00,29.635607333333333,31.1711215,24,1.535514166666669,1.0518131499515302,100.0,1.0293175393743377,0.022495610577192515,0.6666710817892574
2022-07-22 00:00:00-06:00,27.480990166666665,29.06262674576271,24,1.5816365790960454,1.0575538424745157,100.0,1.0294108247359643,0.028143017738551324,0.7733979937334544
2022-07-23 00:00:00-06:00,24.618727500000002,26.25853461320996,24,1.639807113209958,1.0666081182794667,100.0,1.0294108247359643,0.03719729354350232,0.9157500334849931
2022-07-24 00:00:00-06:00,25.03238533333333,26.720890206214687,24,1.6885048728813565,1.0674528156385052,100.0,1.0294108247359643,0.0380419909025409,0.9522817751195648
2022-07-25 00:00:00-06:00,26.447920833333335,28.154934860811505,24,1.70701402747817,1.0645424658609366,100.0,1.0294413816676906,0.03510108419324598,0.9283506959071377
2022-07-26 00:00:00-06:00,27.032042027629235,28.94531606394453,24,1.913274036315297,1.0707780061291616,100.0,1.0294413816676906,0.04133662446147102,1.1174133697228112
2022-07-27 00:00:00-06:00,28.005025166666666,30.034448986834416,24,2.02942382016775,1.07246641658381,100.0,1.0294413816676906,0.04302503491611942,1.2049171856226364
2022-07-28 00:00:00-06:00,22.152671620265153,23.49103855986953,19,1.3383669396043771,1.0604155996417175,79.16666666666667,1.029487163375673,0.030928436266044468,0.6851474923299828
2022-08-01 00:00:00-06:00,9.48008809090909,10.073987439393939,9,0.5938993484848485,1.0626470284653122,37.5,1.0296162758842236,0.033030752581088674,0.31313444417774344
2022-08-02 00:00:00-06:00,25.410107014367814,27.012657343321436,24,1.6025503289536225,1.0630674372228137,100.0,1.0296162758842236,0.03345116133859016,0.8499975893684594
2022-08-03 00:00:00-06:00,27.04985687853107,28.738789630649716,24,1.688932752118646,1.0624377703624421,100.0,1.0296162758842236,0.03282149447821858,0.8878167281753104
2022-08-04 00:00:00-06:00,19.125425444291928,20.27622927078261,16,1.1508038264906837,1.0601714105572562,66.66666666666667,1.0296346587261538,0.030536751831102382,0.5840283704565936
2022-08-08 00:00:00-06:00,17.510703053191488,18.68187406322762,15,1.171171010036133,1.066883151777431,62.5,1.0298001043035259,0.03708304747390523,0.6493502326229572
2022-08-09 00:00:00-06:00,28.50858016666667,30.19860737288136,24,1.6900272062146904,1.0592813530640413,100.0,1.0298001043035259,0.02948124876051539,0.8404685437025953
2022-08-10 00:00:00-06:00,28.006044833333334,29.631254759887003,24,1.6252099265536692,1.0580306835979678,100.0,1.0298001043035259,0.02823057929444195,0.7906268693911129
2022-08-11 00:00:00-06:00,27.929342588314004,29.63521248929527,24,1.7058699009812663,1.0610780542215492,100.0,1.0298001043035259,0.03127794991802335,0.8735725787206021
2022-08-12 00:00:00-06:00,28.29431633333333,29.988506438999877,24,1.6941901056665465,1.0598774003127487,100.0,1.0298001043035259,0.03007729600922282,0.8510165277362547
2022-08-13 00:00:00-06:00,28.90673483333333,30.687350534774986,24,1.7806157014416542,1.061598645149931,100.0,1.0298001043035259,0.03179854084640521,0.9191919883339542
2022-08-14 00:00:00-06:00,28.792763833333336,30.43671628929877,24,1.643952455965433,1.0570960282063033,100.0,1.0298001043035259,0.027295923902777464,0.7859250905453099
2022-08-15 00:00:00-06:00,28.261287333333335,30.04763644849423,24,1.7863491151608955,1.0632083420012488,100.0,1.0298001043035259,0.03340823769772294,0.9441598048756467
2022-08-16 00:00:00-06:00,28.752301968926552,30.349505372229466,24,1.5972034033029132,1.0555504531438582,100.0,1.0298001043035259,0.025750348840332338,0.7403818056624331
2022-08-17 00:00:00-06:00,27.651628000000002,29.184976116905695,24,1.5333481169056924,1.0554523631268904,100.0,1.0298001043035259,0.025652258823364527,0.7093267183433937
2022-08-18 00:00:00-06:00,28.42749716666667,29.964674597701148,24,1.537177431034479,1.0540736112652553,100.0,1.0298001043035259,0.024273506961729474,0.6900350503796283
2022-08-19 00:00:00-06:00,28.3836595,29.897596782583285,24,1.513937282583285,1.053338340060882,100.0,1.0298001043035259,0.02353823575735614,0.6681012689675213
2022-08-20 00:00:00-06:00,26.899246166666668,28.386423531073447,24,1.4871773644067794,1.0552869532176585,100.0,1.0298001043035259,0.025486848914132665,0.6855770229538956
2022-08-21 00:00:00-06:00,26.83065504385965,28.307219154029138,24,1.4765641101694875,1.055032726847547,100.0,1.0298001043035259,0.025232622544021144,0.6770077913305477
2022-08-22 00:00:00-06:00,27.550265166666666,29.114364844632767,24,1.5640996779661016,1.0567725816250408,100.0,1.0298001043035259,0.026972477321514976,0.7430989024096406
2022-08-23 00:00:00-06:00,27.615376649717515,29.13298682659713,24,1.5176101768796144,1.0549552590257767,100.0,1.0298001043035259,0.025155154722250828,0.6946690723368768
2022-08-24 00:00:00-06:00,27.158821,28.67954329378531,24,1.5207222937853118,1.0559936785836657,100.0,1.0298001043035259,0.026193574280139797,0.7113865952245206
2022-08-25 00:00:00-06:00,27.958955420903955,29.471429692090393,24,1.5124742711864378,1.05409623673049,100.0,1.0303127472515476,0.023783489478942377,0.6649615220952881
2022-08-26 00:00:00-06:00,28.529751833333332,30.058563486856777,24,1.5288116535234444,1.0535865738494516,100.0,1.0315010539550264,0.0220855198944252,0.630094401698097
2022-08-27 00:00:00-06:00,27.92208389265537,29.375786737288138,24,1.4537028446327689,1.052062834930997,100.0,1.0322474603578458,0.0198153745731513,0.5532865511959207
2022-08-28 00:00:00-06:00,26.22069983333333,27.675933686440676,24,1.4552338531073445,1.0554994284041712,100.0,1.0323812870058113,0.02311814139835988,0.6061738463109513
2022-08-29 00:00:00-06:00,21.86581598564593,23.07482325086696,19,1.2090072652210289,1.0552921174318257,79.16666666666667,1.0341921380879115,0.021099979343914166,0.4613682656349573
2022-08-30 00:00:00-06:00,16.692348070175438,17.63434511184211,14,0.9419970416666708,1.0564328659878448,58.333333333333336,1.0341921380879115,0.022240727899933255,0.37124997143974786
2022-08-31 00:00:00-06:00,27.778612324561404,29.315943735869986,24,1.5373314113085819,1.055342268121482,100.0,1.0341921380879115,0.021150130033570358,0.5875212628166139
2022-09-01 00:00:00-06:00,26.24814906779661,27.75546484682447,24,1.5073157790278593,1.0574256026638145,100.0,1.0341921380879115,0.023233464575902918,0.6098354415496717
2022-09-02 00:00:00-06:00,27.579934764019505,29.09525048348181,24,1.5153157194623041,1.0549426868637546,100.0,1.0361739690399097,0.018768717823844927,0.5176400131859332
2022-09-03 00:00:00-06:00,27.244104558719638,28.747867400123997,24,1.5037628414043596,1.0551958989205639,100.0,1.0361739690399097,0.01902192988065421,0.5182354465771767
2022-09-04 00:00:00-06:00,27.42343435946328,28.911689367937853,24,1.4882550084745745,1.0542694612558987,100.0,1.0361739690399097,0.01809549221598905,0.4962405429873544
2022-09-05 00:00:00-06:00,27.505989833333334,29.00158241242938,24,1.4955925790960443,1.0543733415215475,100.0,1.0361739690399097,0.018199372481637832,0.5005917544529767
2022-09-06 00:00:00-06:00,26.047695666666666,27.490017078304472,24,1.4423214116378062,1.055372322761109,100.0,1.0361739690399097,0.01919835372119927,0.500072875030816
2022-09-07 00:00:00-06:00,24.59985649858757,26.102603234463277,24,1.5027467358757072,1.0610876220339736,100.0,1.0361739690399097,0.024913652994063895,0.6128722885095784
2022-09-08 00:00:00-06:00,25.981302180073676,27.450543229796505,24,1.4692410497228288,1.056549938857555,100.0,1.0361739690399097,0.020375969817645334,0.5293942290443041
2022-09-09 00:00:00-06:00,25.511814980662102,27.006968898117943,24,1.4951539174558413,1.0586063327359956,100.0,1.0361739690399097,0.022432363696085922,0.5722903121934655
2022-09-10 00:00:00-06:00,26.62414295793628,28.13194364598839,24,1.5078006880521109,1.0566328347332832,100.0,1.0361739690399097,0.020458865693373518,0.5446997649775946
2022-09-11 00:00:00-06:00,26.111824621468926,27.249190810631926,24,1.137366189163,1.0435575148673397,100.0,1.0361739690399097,0.00738354582743006,0.1927978537304324
2022-09-12 00:00:00-06:00,26.36019979646662,27.39383605519839,24,1.033636258731768,1.0392120039572053,100.0,1.0361739690399097,0.0030380349172955956,0.08008320740855385
2022-09-13 00:00:00-06:00,26.624172639493604,27.651289365075826,24,1.0271167255822213,1.038578352818319,100.0,1.038578352818319,0.0,0.0
2022-09-14 00:00:00-06:00,27.23061137272719,28.290132113651918,24,1.0595207409247287,1.0389091793211038,100.0,1.038578352818319,0.00033082650278482006,0.009008607929131884
2022-09-15 00:00:00-06:00,26.893674923764703,28.06662084829648,24,1.1729459245317777,1.0436141928485683,100.0,1.038578352818319,0.005035840030249261,0.13543224474160503
2022-09-16 00:00:00-06:00,27.139972171843255,28.44390246426549,24,1.303930292422237,1.0480446436778228,100.0,1.038578352818319,0.00946629085950379,0.256914870497507
2022-09-17 00:00:00-06:00,27.552155069150082,28.839422274466852,24,1.2872672053167697,1.046721107734985,100.0,1.038578352818319,0.00814275491666594,0.22435044615406421
2022-09-18 00:00:00-06:00,25.945121230501737,27.219744598793753,24,1.2746233682920156,1.0491276705538588,100.0,1.038578352818319,0.010549317735539798,0.27370332754766213
2022-09-19 00:00:00-06:00,25.22536066777352,26.53994593922228,24,1.3145852714487631,1.0521136363028578,100.0,1.038578352818319,0.013535283484538807,0.3414324076380497
2022-09-20 00:00:00-06:00,26.521385356909388,27.819464219537174,24,1.2980788626277864,1.0489446099877135,100.0,1.038578352818319,0.010366257169394544,0.2749275010983374
2022-09-21 00:00:00-06:00,26.914322545016006,28.197164525305176,24,1.2828419802891702,1.0476639149338993,100.0,1.038578352818319,0.009085562115580315,0.2445317492815066
2022-09-22 00:00:00-06:00,27.479130422881163,28.78522128296695,24,1.3060908600857886,1.0475302835273943,100.0,1.038578352818319,0.008951930709075295,0.2459912714912751
2022-09-23 00:00:00-06:00,26.328575807007656,27.55743828573596,24,1.2288624787283027,1.0466740961507393,100.0,1.0386114354685976,0.008062660682141676,0.21227837297594718
2022-09-24 00:00:00-06:00,26.55775838785275,27.75818100367104,24,1.2004226158182902,1.0452004494614031,100.0,1.0386114354685976,0.006589013992805537,0.1749894416351104
2022-09-25 00:00:00-06:00,25.896698876667834,27.094124341647618,24,1.1974254649797835,1.0462385368375515,100.0,1.0386114354685976,0.007627101368953948,0.1975167474536214
2022-09-26 00:00:00-06:00,25.819916787662184,27.058873614074116,24,1.2389568264119326,1.0479845398651306,100.0,1.0386114354685976,0.00937310439653305,0.2420127755605539
2022-09-27 00:00:00-06:00,25.933427673336247,27.21082934623823,24,1.2774016729019841,1.0492569547301054,100.0,1.038939461784714,0.010317492945391304,0.26756795706946235
2022-09-28 00:00:00-06:00,25.993338192124018,27.254006409372685,24,1.2606682172486678,1.0484996658732602,100.0,1.0396465550482188,0.008853110825041366,0.23012190372765431
2022-09-29 00:00:00-06:00,25.371521788214075,26.629800000847656,24,1.2582782126335808,1.0495941167083676,100.0,1.0435631826654626,0.006030934042905001,0.15301397447284623
2022-09-30 00:00:00-06:00,24.389958166058044,25.636566580982,24,1.246608414923955,1.0511115437934118,100.0,1.0437728185098518,0.007338725283559944,0.1789912026582195
2022-10-01 00:00:00-06:00,27.60532955732532,28.864846715116247,24,1.2595171577909277,1.0456258692791698,100.0,1.0452429914431798,0.00038287783599000313,0.01056946884269959
2022-10-02 00:00:00-06:00,21.645566194630213,22.835363655032925,24,1.189797460402712,1.0549672597937343,100.0,1.045687136035008,0.009280123758726333,0.20087353311387138
2022-10-03 00:00:00-06:00,9.425043200653688,10.343255323207803,24,0.9182121225541149,1.097422590327271,100.0,1.0462820927688703,0.051140497558400666,0.48200139879085074
2022-10-04 00:00:00-06:00,3.0435156635367293,3.468104045566316,18,0.4245883820295866,1.1395058967878589,75.0,1.046325648700189,0.09318024808766978,0.2835955445870613
2022-10-05 00:00:00-06:00,6.732785011927182,7.0875257776812015,24,0.3547407657540198,1.0526885627753737,100.0,1.0463692046315078,0.006319358143865861,0.042546879796020044
2022-10-06 00:00:00-06:00,14.613694269804109,15.318619166709965,24,0.7049248969058564,1.0482372823661998,100.0,1.0464127605628266,0.0018245218033732247,0.026663003823087953
2022-10-07 00:00:00-06:00,23.898449875510888,25.0524708448268,24,1.154020969315912,1.048288528139997,100.0,1.0464563164941454,0.001832211645851567,0.04378701817971098
2022-10-08 00:00:00-06:00,24.930670751351233,26.062016028801985,24,1.1313452774507518,1.0453796565978648,100.0,1.0459934698141988,0.0,0.0
2022-10-09 00:00:00-06:00,24.53968366431318,25.568014787775105,24,1.0283311234619248,1.0419048239385977,100.0,1.0455520054747782,0.0,0.0
2022-10-10 00:00:00-06:00,25.556998753771182,26.628331918695515,24,1.071333164924333,1.041919365229309,100.0,1.0453438151705725,0.0,0.0
2022-10-11 00:00:00-06:00,22.518596511451623,23.474142322691083,21,0.9555458112394604,1.0424336308327886,87.5,1.0450418238001196,0.0,0.0
2022-10-12 00:00:00-06:00,26.21641455885524,27.388251532593795,24,1.1718369737385537,1.044698597937861,100.0,1.044698597937861,0.0,0.0
2022-10-13 00:00:00-06:00,27.395299096045196,28.587357091790757,24,1.1920579957455608,1.0435132316521285,100.0,1.0437226333574976,0.0,0.0
2022-10-14 00:00:00-06:00,28.1363905,29.283515579096044,24,1.1471250790960426,1.0407701577462838,100.0,1.0435688504635854,0.0,0.0
2022-10-15 00:00:00-06:00,27.875913279661017,28.983373685737256,24,1.107460406076239,1.0397282196628252,100.0,1.0435265166166918,0.0,0.0
2022-10-16 00:00:00-06:00,27.634065,28.72890199683462,24,1.0948369968346192,1.0396191076786792,100.0,1.0427575110785905,0.0,0.0
2022-10-17 00:00:00-06:00,26.808242666666665,27.985165801091455,24,1.17692313442479,1.0439015398755762,100.0,1.0427575110785905,0.0011440287969857188,0.030669401607247883
2022-10-18 00:00:00-06:00,27.921637833333335,29.100992218418636,24,1.1793543850853005,1.0422380088204342,100.0,1.0422966954241406,0.0,0.0
2022-10-19 00:00:00-06:00,27.765803257062146,28.888320386897,24,1.1225171298348542,1.0404280445064864,100.0,1.0420149583066467,0.0,0.0
2022-10-20 00:00:00-06:00,26.8113715,27.920513140156455,24,1.109141640156455,1.0413683291120133,100.0,1.0419091863258112,0.0,0.0
2022-10-21 00:00:00-06:00,26.709996666666665,27.9115545960452,24,1.2015579293785343,1.0449853268187803,100.0,1.0419091863258112,0.003076140492969115,0.08216370231340342
2022-10-22 00:00:00-06:00,27.041755666666667,28.250238516949153,24,1.2084828502824863,1.0446895114791728,100.0,1.0419091863258112,0.0027803251533615736,0.07518487347109121
2022-10-23 00:00:00-06:00,26.476119788135595,27.66483824858757,24,1.1887184604519767,1.0448977595646272,100.0,1.0419091863258112,0.0029885732388159614,0.07912582306650776
2022-10-24 00:00:00-06:00,26.08263366666667,27.22187233760784,24,1.1392386709411717,1.0436780535854056,100.0,1.0419091863258112,0.0017688672595943533,0.04613671673696009
2022-10-25 00:00:00-06:00,28.180860166666665,29.219077577986347,24,1.0382174113196818,1.036841225043504,100.0,1.0415292775599887,0.0,0.0
2022-10-26 00:00:00-06:00,28.704074661016946,29.82760883015735,24,1.1235341691404024,1.0391419748732147,100.0,1.0409496091560027,0.0,0.0
2022-10-27 00:00:00-06:00,28.460335666666666,29.717124006189117,24,1.2567883395224513,1.0441592943330753,100.0,1.0410094262925755,0.0031498680404997703,0.08964630173832905
2022-10-28 00:00:00-06:00,28.33022188418079,29.494643352530844,24,1.164421468350053,1.0411017419175332,100.0,1.0409359498319084,0.0001657920856248385,0.004696926572392775
2022-10-29 00:00:00-06:00,28.225627333333335,29.292826540703413,24,1.0671992073700771,1.0378095832828402,100.0,1.0406333124503648,0.0,0.0
2022-10-30 00:00:00-06:00,28.576108460451977,29.654413903954804,24,1.0783054435028276,1.0377345097564685,100.0,1.040148114569022,0.0,0.0
2022-10-31 00:00:00-06:00,28.136581999999997,29.170867491525424,24,1.0342854915254271,1.0367594575462444,100.0,1.0396845748691668,0.0,0.0
2022-11-01 00:00:00-06:00,27.5214994039548,28.55707847506518,24,1.03557907111038,1.0376280033260676,100.0,1.0394562661900897,0.0,0.0
2022-11-02 00:00:00-06:00,27.479742050847456,28.606151336096204,24,1.126409285248748,1.0409905334323912,100.0,1.0394562661900897,0.0015342672423015458,0.04216126805551155
2022-11-03 00:00:00-06:00,27.653212073599022,28.95719215208429,24,1.3039800784852673,1.0471547419162275,100.0,1.039496976562237,0.007657765353990431,0.2117618093437565
2022-11-04 00:00:00-06:00,27.551482104519774,28.74032377556444,24,1.188841671044667,1.043149826442536,100.0,1.0395376869343844,0.003612139508151646,0.09951979701786894
2022-11-05 00:00:00-06:00,27.29539183333333,28.351188059738753,24,1.0557962264054233,1.038680383591932,100.0,1.0392050010488063,0.0,0.0
2022-11-06 00:00:00-06:00,26.28837023953086,27.478472297271054,25,1.1901020577401944,1.0452710474972917,100.0,1.0392050010488063,0.006066046448485407,0.15946647492797564
2022-11-07 00:00:00-07:00,25.053383497192804,26.208179476990782,24,1.1547959797979779,1.0460934140862599,100.0,1.0392050010488063,0.006888413037453578,0.17257805351438724
2022-11-08 00:00:00-07:00,25.60453700628628,26.860337311371026,24,1.2558003050847475,1.0490460071500778,100.0,1.0392050010488063,0.009841006101271477,0.25197440489909456
2022-11-09 00:00:00-07:00,24.6750662869047,25.82229190022037,24,1.1472256133156726,1.0464933143431723,100.0,1.0392050010488063,0.007288313294365967,0.179839613658209
2022-11-10 00:00:00-07:00,25.0501185,26.16993965065116,24,1.119821150651159,1.0447032276773924,100.0,1.0392050010488063,0.0054982266285861225,0.13773122858593786
2022-11-11 00:00:00-07:00,24.144039666666668,25.241116798224375,24,1.0970771315577075,1.0454388390138514,100.0,1.0392050010488063,0.006233837965045064,0.15051003110362063
2022-11-12 00:00:00-07:00,26.147345,27.226615782237925,24,1.0792707822379235,1.0412764960357515,100.0,1.0392050010488063,0.0020714949869451438,0.05416409408942517
2022-11-13 00:00:00-07:00,25.390796666666667,26.4446765,24,1.0538798333333332,1.0415063712717954,100.0,1.0392050010488063,0.002301370222989041,0.05843362338663606
2022-11-14 00:00:00-07:00,24.73166777118644,25.844900604519776,24,1.1132328333333348,1.045012444920124,100.0,1.0392050010488063,0.005807443871317597,0.14362777242523964
2022-11-15 00:00:00-07:00,25.858296833333334,27.00201517989418,24,1.1437183465608456,1.0442302273012236,100.0,1.0392050010488063,0.005025226252417303,0.1299437920896659
2022-11-16 00:00:00-07:00,26.762697833333334,27.866707151290452,24,1.104009317957118,1.0412517947492594,100.0,1.0392050010488063,0.002046793700453131,0.05477772133239733
2022-11-17 00:00:00-07:00,27.69816966666667,28.830075557040416,24,1.1319058903737478,1.0408657288187508,100.0,1.0392050010488063,0.0016607277699445255,0.04599911954206844
2022-11-18 00:00:00-07:00,27.3700075,28.45600420621469,24,1.08599670621469,1.0396783488720158,100.0,1.0392050010488063,0.0004733478232095134,0.012955533471353056
2022-11-19 00:00:00-07:00,28.330099,29.486403922861488,24,1.1563049228614872,1.0408154211837202,100.0,1.0392050010488063,0.0016104201349138592,0.045623361853702984
2022-11-20 00:00:00-07:00,27.280986333333335,28.410961173328765,24,1.1299748399954304,1.0414198675293045,100.0,1.0392050010488063,0.002214866480498179,0.06042374218462892
2022-11-21 00:00:00-07:00,28.4725125,29.694668022443444,24,1.222155522443444,1.0429240490260017,100.0,1.0392050010488063,0.0037190479771953555,0.10589064001879447
2022-11-22 00:00:00-07:00,28.941415833333334,30.14406122516283,24,1.2026453918294955,1.0415544767662799,100.0,1.0392050010488063,0.0023494757174735703,0.06799715372972179
2022-11-23 00:00:00-07:00,28.783437166666666,29.963432250880405,24,1.1799950842137399,1.0409956280544652,100.0,1.0392050010488063,0.0017906270056589069,0.051540399906319624
2022-11-24 00:00:00-07:00,28.649066432203387,29.913984973320776,24,1.2649185411173889,1.0441521731296466,100.0,1.0392050010488063,0.004947172080840279,0.141731861595535
2022-11-25 00:00:00-07:00,28.6363865,29.78112488710497,24,1.1447383871049688,1.0399749593792138,100.0,1.0392050010488063,0.0007699583304074942,0.022048824338443705
2022-11-26 00:00:00-07:00,28.001074833333334,29.126069027995047,24,1.1249941946617135,1.040176821831228,100.0,1.0392050010488063,0.0009718207824216396,0.02721202645317688
2022-11-27 00:00:00-07:00,27.169023166666666,28.358579674692855,24,1.1895565080261896,1.04378355823575,100.0,1.0392050010488063,0.004578557186943666,0.12439492628198062
2022-11-28 00:00:00-07:00,28.322924,29.50459174572899,24,1.1816677457289906,1.0417212483332932,100.0,1.0392050010488063,0.00251624728448685,0.07126748060372744
2022-11-29 00:00:00-07:00,28.167997833333335,29.349571166666664,24,1.1815733333333291,1.0419473666649848,100.0,1.0392050010488063,0.002742365616178466,0.07724694873472286
2022-11-30 00:00:00-07:00,28.259412166666664,29.412029372808924,24,1.15261720614226,1.0407870198907332,100.0,1.0392050010488063,0.00158201884192688,0.04470692250944438
2022-12-01 00:00:00-07:00,27.836454,28.954836707512317,24,1.1183827075123176,1.0401769100156333,100.0,1.0392050010488063,0.0009719089668269731,0.027054499247266564
2022-12-02 00:00:00-07:00,27.042022,28.113753321108103,24,1.0717313211081034,1.0396320704534632,100.0,1.0392050010488063,0.0004270694046568657,0.011548820236257865
2022-12-03 00:00:00-07:00,24.9048725,25.928383694331984,24,1.0235111943319843,1.0410968253032407,100.0,1.0392050010488063,0.0018918242544343489,0.047115641849095016
2022-12-04 00:00:00-07:00,22.266611,23.215593966648562,24,0.9489829666485612,1.0426191020559241,100.0,1.0392050010488063,0.003414101007117809,0.0760204590402005
2022-12-05 00:00:00-07:00,11.59173994818035,12.17705097029101,18,0.585311022110659,1.0504938020286194,75.0,1.0392050010488063,0.011288800979813107,0.13085684528475708
2022-12-06 00:00:00-07:00,2.9283682316384185,3.002700231638418,6,0.07433199999999962,1.025383419747868,25.0,1.0391186953180036,0.0,0.0
2022-12-07 00:00:00-07:00,18.61702585884354,19.29787817007291,24,0.6808523112293692,1.0365714865731868,100.0,1.0388862997481867,0.0,0.0
2022-12-08 00:00:00-07:00,25.032983223163843,26.109058701083825,24,1.0760754779199821,1.0429863060397953,100.0,1.0388862997481867,0.00410000629160856,0.10263538871270328
2022-12-09 00:00:00-07:00,18.726793144857943,19.50343112297996,17,0.7766379781220181,1.0414720220442693,70.83333333333333,1.0388862997481867,0.00258572229608256,0.04842228656878522
2022-12-12 00:00:00-07:00,4.107670487770894,4.285357067863104,4,0.17768658009221028,1.04325726238782,16.666666666666668,1.0390721362075814,0.004185126180238585,0.017191119298163367
2022-12-19 00:00:00-07:00,15.05837032051282,15.715769023685354,14,0.6573987031725341,1.0436566965202743,58.333333333333336,1.0391896881537612,0.004467008366513037,0.06726586620778237
2022-12-20 00:00:00-07:00,26.068117166666667,27.23988010828625,24,1.1717629416195834,1.0449500412372674,100.0,1.0391896881537612,0.005760353083506198,0.15016155910220919
2022-12-21 00:00:00-07:00,26.648831166666668,27.694068834225,24,1.0452376675583324,1.0392226458646994,100.0,1.0391500419723632,7.260389233620934e-05,0.0019348088689104866
2022-12-22 00:00:00-07:00,27.786917333333335,28.711306172316384,24,0.9243888389830488,1.0332670525446932,100.0,1.0387265427200603,0.0,0.0
2022-12-23 00:00:00-07:00,27.671426666666665,28.738932793650793,24,1.067506126984128,1.0385779215449726,100.0,1.0385881677496687,0.0,0.0
2022-12-24 00:00:00-07:00,27.719218833333333,28.84174506511328,24,1.122526231779947,1.04049631551774,100.0,1.0385881677496687,0.0019081477680713554,0.05289236554950648
2022-12-25 00:00:00-07:00,28.194303833333333,29.263223296220534,24,1.0689194628872016,1.0379126035246682,100.0,1.0379791353266987,0.0,0.0
2022-12-26 00:00:00-07:00,28.720659499999996,29.908832576271188,24,1.188173076271191,1.0413699788568989,100.0,1.0379791353266987,0.0033908435302001383,0.09738726244865613
2022-12-27 00:00:00-07:00,28.50066383333333,29.59395166216892,24,1.0932878288355887,1.0383600829520652,100.0,1.0379573514674079,0.0004027314846573038,0.011478114659317055
2022-12-28 00:00:00-07:00,28.266005333333336,29.425547686269812,24,1.1595423529364766,1.0410225052766497,100.0,1.0379573514674079,0.003065153809241883,0.08663965391951806
2022-12-29 00:00:00-07:00,17.247951891284814,18.390207697670295,24,1.1422558063854815,1.066225590933069,100.0,1.0379573514674079,0.028268239465661038,0.4875692343550403
2022-12-30 00:00:00-07:00,28.0654315,29.107722182927,24,1.0422906829269998,1.0371378819857802,100.0,1.037819885307023,0.0,0.0
2022-12-31 00:00:00-07:00,27.0829165,28.166498723797538,24,1.0835822237975385,1.04000980558344,100.0,1.037819885307023,0.0021899202764168457,0.05930942798785435
2023-01-01 00:00:00-07:00,27.503102542372883,28.60630590960452,24,1.103203367231636,1.0401119606608737,100.0,1.037819885307023,0.0022920753538506755,0.06303918349180074
2023-01-02 00:00:00-07:00,28.188986,29.293888,24,1.1049019999999992,1.0391962307548062,100.0,1.037819885307023,0.0013763454477830894,0.03879778255872124
2023-01-03 00:00:00-07:00,28.11058555367232,29.207555609829658,24,1.096970056157339,1.0390233797891852,100.0,1.037819885307023,0.0012034944821621707,0.033830934604192266
2023-01-04 00:00:00-07:00,27.962642833333334,29.238382410392507,24,1.2757395770591735,1.0456229972489728,100.0,1.037819885307023,0.007803111941949714,0.21819563222125793
2023-01-05 00:00:00-07:00,28.09363833333333,29.47157813967084,24,1.3779398063375083,1.0490481079733476,100.0,1.037819885307023,0.011228222666324505,0.31544162671385634
2023-01-06 00:00:00-07:00,27.858142333333333,29.21474521191599,24,1.356602878582656,1.0486968176969729,100.0,1.037819885307023,0.0108769323899498,0.30301113066926505
2023-01-07 00:00:00-07:00,28.555047666666667,29.876619721528396,24,1.3215720548617291,1.046281556602143,100.0,1.037819885307023,0.008461671295119988,0.2416234271718163
2023-01-08 00:00:00-07:00,27.964224166666668,29.223134113816517,24,1.2589099471498493,1.0450185901688798,100.0,1.037819885307023,0.007198704861856697,0.2013061964666339
2023-01-09 00:00:00-07:00,27.142345666666667,28.232861247673778,24,1.0905155810071108,1.0401776469285176,100.0,1.037819885307023,0.0023577616214944808,0.06399518093020369
2023-01-10 00:00:00-07:00,27.165564697740113,28.136710770056766,24,0.9711460723166532,1.0357491582863154,100.0,1.0377420171091056,0.0,0.0
2023-01-11 00:00:00-07:00,28.35049913276836,29.76881383356433,24,1.418314700795971,1.0500278564463312,100.0,1.0377420171091056,0.012285839337225601,0.3483096774753458
2023-01-12 00:00:00-07:00,28.257077333333335,29.625648864496696,24,1.3685715311633615,1.048432876302778,100.0,1.0377420171091056,0.010690859193672297,0.30209243499537575
2023-01-13 00:00:00-07:00,28.449176957627117,29.805201715365616,24,1.3560247577384992,1.047664815040456,100.0,1.0377420171091056,0.009922797931350313,0.28229543426376136
2023-01-14 00:00:00-07:00,28.531688126436784,29.83465762178073,24,1.3029694953439481,1.0456674519071534,100.0,1.0377420171091056,0.007925434798047748,0.22612603392430783
2023-01-15 00:00:00-07:00,28.719976,30.068360764833564,24,1.3483847648335647,1.0469493694853214,100.0,1.0377420171091056,0.009207352376215727,0.2644349392684586
2023-01-16 00:00:00-07:00,28.15301061581921,29.50382592059008,24,1.3508153047708724,1.0479812025507442,100.0,1.0377420171091056,0.010239185441638599,0.288263896435793
2023-01-17 00:00:00-07:00,27.60468411965507,28.998405646165285,24,1.393721526510216,1.050488588113126,100.0,1.0377420171091056,0.012746571004020435,0.35186506617473867
2023-01-18 00:00:00-07:00,28.185462960451975,29.60391336815279,24,1.4184504077008135,1.0503256025877983,100.0,1.0377420171091056,0.01258358547869265,0.354674182419373
2023-01-19 00:00:00-07:00,27.779451398305085,29.33203138700565,24,1.5525799887005647,1.055889512231163,100.0,1.0377420171091056,0.018147495122057267,0.5041274587441684
2023-01-20 00:00:00-07:00,27.591967333333333,29.144427131826742,24,1.552459798493409,1.0562649186895026,100.0,1.0377420171091056,0.018522901580396933,0.5110832953248605
2023-01-21 00:00:00-07:00,27.627723,29.155106333333332,24,1.5273833333333329,1.0552844450240555,100.0,1.0377420171091056,0.017542427914949865,0.48465733918170245
2023-01-22 00:00:00-07:00,28.1592055,29.687455942528736,24,1.528250442528737,1.0542717884042836,100.0,1.0377420171091056,0.016529771295177964,0.46546522676891744
2023-01-23 00:00:00-07:00,28.173181,29.734127040229886,24,1.5609460402298865,1.0554053885583559,100.0,1.037819885307023,0.01758550325133279,0.4954395660758872
2023-01-24 00:00:00-07:00,28.182646000000002,29.694829245197738,24,1.5121832451977362,1.053656539034615,100.0,1.037819885307023,0.01583665372759202,0.4463188058293064
2023-01-25 00:00:00-07:00,29.0259895,30.544068666666668,24,1.5180791666666664,1.0523006861373896,100.0,1.037819885307023,0.014480800830366514,0.4203195728538097
2023-01-26 00:00:00-07:00,28.953082610169492,30.444049168386147,24,1.4909665582166554,1.0514959522027878,100.0,1.037819885307023,0.013676066895764727,0.3959642946152804
2023-01-27 00:00:00-07:00,27.3353935,28.828775363414035,24,1.4933818634140366,1.0546318041265452,100.0,1.0379573514674079,0.016674452659137362,0.4558027248346411
2023-01-28 00:00:00-07:00,28.667202268361585,30.161410163098427,24,1.4942078947368422,1.0521225573653525,100.0,1.0383818668113558,0.013740690553996737,0.3939071554183899
2023-01-29 00:00:00-07:00,28.564936666666668,29.996131666666667,24,1.4311949999999989,1.0501032092842029,100.0,1.0385881677496687,0.011515041534534198,0.32892643214800554
2023-01-30 00:00:00-07:00,27.72377283333333,29.175773858444426,24,1.4520010251110946,1.0523738610123547,100.0,1.0387146832116574,0.013659177800697364,0.37868394243664333
2023-01-31 00:00:00-07:00,27.02641216666667,28.56921023849879,24,1.5427980718321201,1.057084827328096,100.0,1.0387146832116574,0.018370144116438558,0.4964790864519352
2023-02-01 00:00:00-07:00,27.966143166666665,29.454954745645672,24,1.488811578979007,1.053236213878557,100.0,1.0387146832116574,0.01452153066689954,0.406111205629653
2023-02-02 00:00:00-07:00,28.387920833333332,29.845327575706833,24,1.4574067423735002,1.0513389744507882,100.0,1.0387146832116574,0.01262429123913078,0.35837738027338817
2023-02-03 00:00:00-07:00,27.95228033333333,29.358722377603915,24,1.4064420442705838,1.0503158249523346,100.0,1.0390406648857473,0.011275160066587242,0.3151664349844519
2023-02-04 00:00:00-07:00,27.417485833333334,28.801185213149203,24,1.3836993798158694,1.0504677703939436,100.0,1.0390406648857473,0.011427105508196256,0.31330250338697613
2023-02-05 00:00:00-07:00,27.846362166666665,29.281420496452604,24,1.4350583297859387,1.0515348583487063,100.0,1.0390406648857473,0.012494193462958991,0.3479178361499552
2023-02-06 00:00:00-07:00,26.58073541268191,28.029523283616708,24,1.4487878709347974,1.054505183864987,100.0,1.0390406648857473,0.015464518979239728,0.41105828727156896
2023-02-07 00:00:00-07:00,25.92499066666667,27.265580184050414,24,1.3405895173837443,1.0517103182261671,100.0,1.0390406648857473,0.012669653340419806,0.3284606446002857
2023-02-08 00:00:00-07:00,17.039420084159516,17.94353429864438,15,0.9041142144848635,1.0530601516964395,62.5,1.0390406648857473,0.014019486810692205,0.23888392513171822
2023-02-20 00:00:00-07:00,14.51519338372093,15.22257692654566,12,0.7073835428247293,1.048734007472341,50.0,1.0385779215449726,0.010156085927368386,0.14741755125743886
2023-02-21 00:00:00-07:00,28.34107168965517,29.79635255014191,24,1.4552808604867415,1.0513488295863538,100.0,1.0385779215449726,0.012770908041381146,0.36194122034277676
2023-02-22 00:00:00-07:00,27.9537969039548,29.28314580556482,24,1.3293489016100217,1.0475552178538563,100.0,1.0385779215449726,0.008977296308883664,0.250949517765157
2023-02-23 00:00:00-07:00,28.06144916666667,29.341604500000003,24,1.280155333333333,1.04561971570784,100.0,1.0385779215449726,0.007041794162867321,0.1976029489434314
2023-02-24 00:00:00-07:00,27.46561266666667,28.7847695,24,1.3191568333333308,1.0480293976814983,100.0,1.0385779215449726,0.009451476136525638,0.2595905826940563
2023-02-25 00:00:00-07:00,27.966196443502824,29.258033405522085,24,1.2918369620192607,1.0461928015355617,100.0,1.0385779215449726,0.007614879990589074,0.21295922971051298
2023-02-26 00:00:00-07:00,28.231905833333336,29.47645168775995,24,1.2445458544266153,1.0440829557088274,100.0,1.0385779215449726,0.005505034163854727,0.15541760612322958
2023-02-27 00:00:00-07:00,27.316610833333332,28.777323961745882,24,1.46071312841255,1.0534734391951033,100.0,1.0385779215449726,0.01489551765013064,0.40689505880966653
2023-02-28 00:00:00-07:00,27.100087333333335,28.89889636366192,24,1.7988090303285844,1.0663765030792367,100.0,1.0385779215449726,0.027798581534264066,0.7533439873213436
2023-03-01 00:00:00-07:00,26.757090833333333,28.570801186580088,24,1.813710353246755,1.0677842880806487,100.0,1.0385779215449726,0.029206366535676098,0.7814774023067124
2023-03-02 00:00:00-07:00,27.142195166666664,28.67841070827824,24,1.5362155416115755,1.0565987950561273,100.0,1.0385779215449726,0.018020873511154667,0.4891260659135735
2023-03-03 00:00:00-07:00,27.526366666666668,28.843752490215717,24,1.3173858235490492,1.0478590523588553,100.0,1.0385779215449726,0.00928113081388271,0.2554758098642339
2023-03-04 00:00:00-07:00,27.90050216666667,29.098826789873968,24,1.1983246232072986,1.0429499302933323,100.0,1.0385779215449726,0.004372008748359635,0.12198123955629363
2023-03-05 00:00:00-07:00,27.897581666666664,29.111582556497176,24,1.214000889830512,1.0435163486332242,100.0,1.0385779215449726,0.00493842708825154,0.1377701729993762
2023-03-06 00:00:00-07:00,27.454334872496148,28.78891793735925,24,1.3345830648631036,1.0486110142919578,100.0,1.0390233797891852,0.009587634502772557,0.26322212827421587
2023-03-07 00:00:00-07:00,18.45841377403344,19.392878295609513,16,0.934464521576075,1.0506253967982147,66.66666666666667,1.0391962307548062,0.01142916604340849,0.21096427592136652
2023-03-08 00:00:00-07:00,29.34250139102564,30.83132247946545,24,1.4888210884398099,1.0507394059081536,100.0,1.0391962307548062,0.011543175153347462,0.3387056329939505
2023-03-09 00:00:00-07:00,29.829258675438595,31.298148123931625,24,1.4688894484930302,1.049243243503819,100.0,1.0391962307548062,0.010047012749012874,0.29969494220573445
2023-03-10 00:00:00-07:00,29.060255147798742,30.511235841020266,24,1.4509806932215241,1.0499300741112534,100.0,1.0391988722657954,0.01073120184545795,0.3118514636715367
2023-03-11 00:00:00-07:00,29.28010947457627,30.64417891242938,24,1.3640694378531073,1.0465868967818417,100.0,1.0392015137767847,0.007385383005056978,0.2162448228997434
2023-03-12 00:00:00-07:00,26.273855499999996,27.653382531476996,23,1.379527031477,1.0525056945478368,100.0,1.0392015137767847,0.01330418077105211,0.3495521231245017
2023-03-13 00:00:00-06:00,26.648403327586205,28.102949714431674,24,1.4545463868454682,1.0545828719629042,100.0,1.0392041552877742,0.015378716675130022,0.40981824461954036
2023-03-14 00:00:00-06:00,26.78110992937853,28.19017483810637,24,1.4090649087278386,1.0526141340834463,100.0,1.0392067967987635,0.013407337284682797,0.35906337368134544
2023-03-15 00:00:00-06:00,28.6801845,30.135968386894326,24,1.4557838868943271,1.050759223215399,100.0,1.0392094383097528,0.011549784905646288,0.3312499620292506
2023-03-16 00:00:00-06:00,28.5114165,30.078902627118644,24,1.567486127118645,1.054977490406997,100.0,1.039212079820742,0.015765410586255024,0.4494941875182262
2023-03-17 00:00:00-06:00,27.7724835,29.247037526836156,24,1.4745540268361559,1.0530940643762072,100.0,1.0392147213317313,0.013879343044475911,0.38546382569354704
2023-03-18 00:00:00-06:00,28.172923666666666,29.593283308606573,24,1.420359641939907,1.0504157700757353,100.0,1.0392173628427208,0.011198407233014462,0.3154918721639643
2023-03-19 00:00:00-06:00,27.033210500000003,28.420365029190208,24,1.3871545291902052,1.0513129777608252,100.0,1.03922000435371,0.012092973407115126,0.32691189568544543
2023-03-20 00:00:00-06:00,26.87215889548023,28.2971441645518,24,1.4249852690715699,1.053028313601973,100.0,1.03922000435371,0.013808309248262818,0.3710590801972476
2023-03-21 00:00:00-06:00,26.969500166666666,28.394514924242422,24,1.425014757575756,1.0528380114117586,100.0,1.03922000435371,0.013618007058048498,0.3672708436217068
2023-03-22 00:00:00-06:00,26.794863,28.25104628628154,24,1.45618328628154,1.0543456141679672,100.0,1.0399284481005766,0.01441716606739063,0.38630598962398066
2023-03-23 00:00:00-06:00,26.811810333333334,28.251402355253095,24,1.4395920219197613,1.0536924588090948,100.0,1.0401017451531305,0.013590713655964315,0.36439163683835846
2023-03-24 00:00:00-06:00,27.815219166666665,29.225145403183024,24,1.409926236516359,1.0506890212896827,100.0,1.0401710783017533,0.010517942987929407,0.2925588893917613
2023-03-25 00:00:00-06:00,28.36576416666667,29.44611796580947,24,1.0803537991428023,1.0380865395620948,100.0,1.0401017451531305,0.0,0.0
2023-03-26 00:00:00-06:00,28.177013833333334,29.450664576898934,24,1.2736507435656002,1.0452017644985103,100.0,1.0401710783017533,0.0050306861967570615,0.14174971455718277
2023-03-27 00:00:00-06:00,28.7921935,30.45450820338983,24,1.6623147033898285,1.0577349101029705,100.0,1.0401710783017533,0.017563831801217233,0.5057012438221001
2023-03-28 00:00:00-06:00,29.42067816666667,31.332940831462597,24,1.9122626647959287,1.0649972326933816,100.0,1.0409380194418365,0.024059213251545142,0.7078383700169115
2023-03-29 00:00:00-06:00,29.381188166666668,31.373939889265536,24,1.992751722598868,1.0678240686283638,100.0,1.042672701956851,0.025151366671512854,0.7389770368245479
2023-03-30 00:00:00-06:00,29.509708333333332,31.51141042064715,24,2.0017020873138165,1.0678319848065985,100.0,1.042672701956851,0.025159282849747555,0.7424430987718859
2023-03-31 00:00:00-06:00,28.26175576836158,29.93764504443517,24,1.6758892760735868,1.0592988379706298,100.0,1.043459706799235,0.015839131171394794,0.4476416567490025
2023-04-01 00:00:00-06:00,27.10773783333333,28.904075217752233,24,1.7963373844189015,1.0662665913129061,100.0,1.044026295001267,0.02224029631163904,0.6028841217515614
2023-04-02 00:00:00-06:00,22.458923,24.17755018926554,24,1.7186271892655398,1.0765231346697053,100.0,1.0449250267228745,0.03159810794683082,0.7096594733235615
2023-04-03 00:00:00-06:00,13.005926977386427,14.579762951059093,24,1.5738359736726668,1.12100913502045,100.0,1.0451834470655472,0.07582568795490285,0.9861833605515561
2023-04-04 00:00:00-06:00,20.27466572382813,21.85228841430432,24,1.5776226904761899,1.077812513013325,100.0,1.045577920586907,0.03223459242641802,0.6535455861894672
2023-04-05 00:00:00-06:00,28.423793333333332,30.10645957773232,24,1.6826662443989875,1.0591992147095188,100.0,1.045577920586907,0.013621294122611927,0.3871688490736694
2023-04-06 00:00:00-06:00,27.64521646045198,29.334646255601015,24,1.6894297951490351,1.061111107506279,100.0,1.045577920586907,0.015533186919372,0.42941831470670017
2023-04-07 00:00:00-06:00,27.444616166666666,28.891838564971753,24,1.4472223983050867,1.052732469986694,100.0,1.045577920586907,0.007154549399787102,0.1963538621226124
2023-04-08 00:00:00-06:00,28.788624333333335,29.869659415254237,24,1.081035081920902,1.037550772464984,100.0,1.0451834470655472,0.0,0.0
2023-04-09 00:00:00-06:00,27.504293,28.558146,24,1.0538530000000002,1.0383159458052602,100.0,1.0450898836195421,0.0,0.0
2023-04-10 00:00:00-06:00,17.515994766666665,18.21370810608786,15,0.6977133394211954,1.0398329269171147,62.5,1.0450898836195421,0.0,0.0
2023-04-11 00:00:00-06:00,12.2781445,12.83417199244014,9,0.5560274924401405,1.04528595444044,37.5,1.0452775354462471,8.418994192904705e-06,0.00010336962724514484
2023-04-12 00:00:00-06:00,32.77627264844804,34.13518069261682,24,1.3589080441687784,1.041460115332337,100.0,1.0450898836195421,0.0,0.0
2023-04-13 00:00:00-06:00,40.97238803333334,42.335126976039845,24,1.3627389427065069,1.0332599345099887,100.0,1.044026295001267,0.0,0.0
2023-04-14 00:00:00-06:00,44.30879157040827,45.57016506314435,24,1.2613734927360838,1.0284677926892165,100.0,1.043459706799235,0.0,0.0
2023-04-15 00:00:00-06:00,45.352558333333334,46.575630957384114,24,1.2230726240507792,1.0269681065191827,100.0,1.0428009487972327,0.0,0.0
2023-04-16 00:00:00-06:00,45.66881089548022,46.9037590262388,24,1.234948130758582,1.027041390098484,100.0,1.0412973964908148,0.0,0.0
2023-04-17 00:00:00-06:00,45.46731677683616,46.77163413088512,24,1.3043173540489619,1.0286869216507948,100.0,1.0396812288059292,0.0,0.0
2023-04-18 00:00:00-06:00,45.45495766666667,46.78132016384181,24,1.3263624971751398,1.0291797103167868,100.0,1.0382930051809436,0.0,0.0
2023-04-19 00:00:00-06:00,46.03871759887006,47.38093377700314,24,1.3422161781330857,1.0291540739650409,100.0,1.0380329628523837,0.0,0.0
2023-04-20 00:00:00-06:00,43.96771546045198,45.2415658401931,24,1.2738503797411198,1.0289724031917673,100.0,1.0371216886694845,0.0,0.0
2023-04-21 00:00:00-06:00,43.48172738184297,44.742362239236314,24,1.2606348573933417,1.0289922901710606,100.0,1.0328519120906685,0.0,0.0
2023-04-22 00:00:00-06:00,55.12798883333333,56.69507616666667,24,1.5670873333333333,1.0284263468792787,100.0,1.0291771466816122,0.0,0.0
2023-04-23 00:00:00-06:00,41.94814716666667,43.356378,24,1.4082308333333273,1.0335707517125416,100.0,1.0291771466816122,0.004393605030929448,0.18430359042963557
2023-04-24 00:00:00-06:00,45.137004231481484,46.634848223006905,24,1.4978439915254214,1.033184390879019,100.0,1.0291771466816122,0.004007244197406834,0.1808749982949319
2023-04-25 00:00:00-06:00,42.49243966666666,44.0693730990136,24,1.5769334323469408,1.0371109177236526,100.0,1.0291771466816122,0.007933771042040405,0.33712528733304903
2023-04-26 00:00:00-06:00,27.685058833333333,29.259682333333334,24,1.5746235000000013,1.0568762923524702,100.0,1.0291771466816122,0.02769914567085796,0.7668524775307729
2023-04-27 00:00:00-06:00,26.41847633333333,27.984965720742533,24,1.5664893874092023,1.0592952208009323,100.0,1.0291771466816122,0.030118074119320104,0.7956736283268373
2023-04-28 00:00:00-06:00,26.662393333333334,28.291769850412365,24,1.6293765170790309,1.061111412494316,100.0,1.0291771466816122,0.031934265812703755,0.8514439559095272
2023-04-29 00:00:00-06:00,27.100397333333333,28.7227096779661,24,1.6223123446327676,1.0598630464593717,100.0,1.0291771466816122,0.030685899777759484,0.8316000765081271
2023-04-30 00:00:00-06:00,25.161069333333334,26.735383666666664,24,1.57431433333333,1.0625694525330718,100.0,1.0291771466816122,0.03339230585145958,0.8401861227284468
2023-05-01 00:00:00-06:00,25.91504833333333,27.534093223885012,24,1.619044890551681,1.0624750866649622,100.0,1.0291771466816122,0.033297939983349956,0.8629177240689465
2023-05-02 00:00:00-06:00,19.828083280701755,20.998911441532858,19,1.1708281608311033,1.0590489834169017,79.16666666666667,1.0291771466816122,0.02987183673528948,0.5923012665348458
2023-05-03 00:00:00-06:00,19.76612903508772,20.874463193874515,18,1.1083341587867963,1.056072393174169,75.0,1.0291771466816122,0.0268952464925567,0.5316149126023662
2023-05-04 00:00:00-06:00,26.430968333333333,27.82875943809663,24,1.3977911047632965,1.0528845968537777,100.0,1.0291771466816122,0.023707450172165467,0.6266108647645833
2023-05-05 00:00:00-06:00,35.579213,37.09101070621469,24,1.5117977062146863,1.042491038410959,100.0,1.0291771466816122,0.013313891729346716,0.4736977896973652
2023-05-06 00:00:00-06:00,45.051879,46.63597162030002,24,1.5840926203000194,1.0351615216825922,100.0,1.0291771466816122,0.005984375000980036,0.26960733843477747
2023-05-07 00:00:00-06:00,45.09166587570622,46.70163652542373,24,1.6099706497175106,1.0357043950018467,100.0,1.0291771466816122,0.006527248320234547,0.2943245003437808
2023-05-08 00:00:00-06:00,45.709678106601245,47.44489582596614,24,1.735217719364897,1.037961713826077,100.0,1.0291771466816122,0.00878456714446485,0.40153973647931357
2023-05-09 00:00:00-06:00,46.13428583333334,48.164511168845316,24,2.030225335511979,1.0440068660181814,100.0,1.0291771466816122,0.01482971933656918,0.684158510701393
2023-05-10 00:00:00-06:00,45.22812666666667,47.13161990677966,24,1.9034932401129936,1.042086493082984,100.0,1.0291771466816122,0.012909346401371868,0.5838655542251244
2023-05-11 00:00:00-06:00,44.41910792551294,46.12490089645724,24,1.7057929709443016,1.0384022338720709,100.0,1.0291797103167868,0.009222523555284079,0.40965626914774883
2023-05-12 00:00:00-06:00,45.725525869047615,47.53436022838914,24,1.8088343593415246,1.0395585250243333,100.0,1.02958017837301,0.009978346651323244,0.4562651479354057
2023-05-13 00:00:00-06:00,45.03246842937853,46.83148555932203,24,1.7990171299435005,1.0399493341735149,100.0,1.0299806464292331,0.009968687744281723,0.4489146161266994
2023-05-14 00:00:00-06:00,44.229939146892654,46.17666163559322,24,1.9467224887005656,1.0440136822760546,100.0,1.0303811144854564,0.013632567790598182,0.6029676437940464
2023-05-15 00:00:00-06:00,43.57892576621858,45.49911732271576,24,1.9201915564971799,1.0440623884764426,100.0,1.0307815825416797,0.013280805934762885,0.578763255946587
2023-05-16 00:00:00-06:00,43.93184333333333,46.02000414960746,24,2.088160816274126,1.0475318278914496,100.0,1.031182050597903,0.016349777293546586,0.7182758545949792
2023-05-17 00:00:00-06:00,43.83585921558132,45.919140133853574,24,2.0832809182722514,1.0475245827400539,100.0,1.031582518654126,0.0159420640859278,0.6988340768765061
2023-05-18 00:00:00-06:00,44.535690153846154,46.70282682051282,24,2.1671366666666643,1.0486606732528543,100.0,1.0319829867103494,0.0166776865425049,0.742752280339968
2023-05-19 00:00:00-06:00,44.72057562121212,46.62179960288638,24,1.9012239816742564,1.0425134058599295,100.0,1.0323834547665727,0.010129951093356793,0.4530172439096428
2023-05-20 00:00:00-06:00,43.7574565,45.76599272316384,24,2.008536223163837,1.0459015761842518,100.0,1.0327839228227957,0.013117653361456094,0.5739951463459939
2023-05-21 00:00:00-06:00,43.47062851977402,45.42446612711864,24,1.9538376073446244,1.0449461549987908,100.0,1.033184390879019,0.011761764119771811,0.5112912787878072
2023-05-22 00:00:00-06:00,39.17802038700565,41.09051360687053,24,1.9124932198648779,1.0488154633892426,100.0,1.033184390879019,0.015631072510223554,0.612394477476302
2023-05-23 00:00:00-06:00,27.44312085134255,29.200764475288967,24,1.757643623946418,1.0640467836536323,100.0,1.033184390879019,0.030862392774613223,0.8469603746753117
2023-05-24 00:00:00-06:00,38.80924439519812,40.757083342863176,24,1.9478389476650548,1.0501900765660375,100.0,1.033184390879019,0.017005685687018435,0.659977811935421
2023-05-25 00:00:00-06:00,44.76654531372549,46.834959876814004,24,2.068414563088517,1.0462044714103578,100.0,1.033184390879019,0.01302008053133874,0.5828640250945307
2023-05-26 00:00:00-06:00,44.61914858823529,46.953660588235294,24,2.3345120000000037,1.0523208549213676,100.0,1.033184390879019,0.01913646404234859,0.8538527325589734
2023-05-27 00:00:00-06:00,43.93302083333334,46.18401156262658,24,2.2509907292932425,1.0512368757393835,100.0,1.033184390879019,0.01805248486036448,0.7931001934638274
2023-05-28 00:00:00-06:00,43.99891183333333,46.099456072316386,24,2.100544238983055,1.0477408224762434,100.0,1.033184390879019,0.014556431597224417,0.6404671504542246
2023-05-29 00:00:00-06:00,43.815783381355935,46.02676855932203,24,2.2109851779660943,1.0504609299969037,100.0,1.033184390879019,0.017276539117884626,0.7569850955687549
2023-05-30 00:00:00-06:00,44.17678293502825,46.30331517036596,24,2.126532235337713,1.0481368740332506,100.0,1.033184390879019,0.014952483154231588,0.6605526026441554
2023-05-31 00:00:00-06:00,44.3120165,46.452525444801616,24,2.140508944801617,1.0483053833670968,100.0,1.033184390879019,0.015120992488077745,0.670041668628077
2023-06-01 00:00:00-06:00,44.57716353954802,46.79646452912172,24,2.2193009895737035,1.0497856035098505,100.0,1.033184390879019,0.016601212630831474,0.7400349703993848
2023-06-02 00:00:00-06:00,43.2054718700565,45.19369398192091,24,1.9882221118644097,1.0460178312099941,100.0,1.033184390879019,0.01283344033097511,0.5544748452159937
2023-06-03 00:00:00-06:00,44.16768998305085,46.31009468845463,24,2.1424047054037842,1.0485061524889783,100.0,1.033184390879019,0.015321761609959239,0.6767268167828897
2023-06-04 00:00:00-06:00,42.84353816666667,43.18212166666667,24,0.3385834999999986,1.0079027903503877,100.0,1.0291797103167868,0.0,0.0
2023-06-05 00:00:00-06:00,25.171644801886792,25.513756518553457,24,0.34211171666666473,1.013591154624946,100.0,1.0291540739650409,0.0,0.0
2023-06-06 00:00:00-06:00,33.52262783333333,34.798207999999995,24,1.2755801666666642,1.0380513178444288,100.0,1.0291540739650409,0.00889724387938795,0.29825899531112515
2023-06-07 00:00:00-06:00,43.154031499999995,45.35949357320605,24,2.205462073206057,1.0511067447593176,100.0,1.0291540739650409,0.021952670794276763,0.9473462469653493
2023-06-08 00:00:00-06:00,43.20242233333334,45.480011637931035,24,2.277589304597697,1.0527190185546702,100.0,1.0291540739650409,0.023564944589629322,1.0180626884227644
2023-06-09 00:00:00-06:00,44.88944116666667,46.95054587028069,24,2.0611047036140207,1.0459151339389925,100.0,1.0291540739650409,0.01676105997395161,0.7523946155916723
2023-06-10 00:00:00-06:00,44.436308,46.452759590709356,24,2.0164515907093588,1.045378468227139,100.0,1.0291540739650409,0.016224394262098096,0.7209521805440237
2023-06-11 00:00:00-06:00,44.73254466666667,46.786030785310736,24,2.0534861186440665,1.0459058641520624,100.0,1.029137895585643,0.01676796856641949,0.7500739028666225
2023-06-12 00:00:00-06:00,45.28727774293785,47.35016733558297,24,2.0628895926451136,1.0455511944072815,100.0,1.029137895585643,0.016413298821638556,0.7433136224133798
2023-06-13 00:00:00-06:00,44.59502449152542,46.489518202134335,24,1.8944937106089128,1.042482176704913,100.0,1.029137895585643,0.013344281119270107,0.5950885433356506
2023-06-14 00:00:00-06:00,44.896038,46.99304776059711,24,2.0970097605971105,1.0467081251267008,100.0,1.029137895585643,0.017570229541057802,0.7888336931440536
2023-06-15 00:00:00-06:00,44.31603883333333,46.518611122047496,24,2.2025722887141654,1.0497014703186298,100.0,1.029137895585643,0.020563574732986867,0.911296176419198
2023-06-16 00:00:00-06:00,44.45911666101694,46.51267782768361,24,2.053561166666668,1.0461898778224554,100.0,1.029137895585643,0.01705198223681248,0.7581160675680346
2023-06-17 00:00:00-06:00,44.90398316666666,46.8166205,24,1.9126373333333362,1.0425939348461437,100.0,1.029137895585643,0.013456039260500763,0.6042297604435319
2023-06-18 00:00:00-06:00,44.604538500000004,46.81926905932203,24,2.214730559322028,1.049652583207918,100.0,1.029137895585643,0.02051468762227504,0.9150481738632406
2023-06-19 00:00:00-06:00,44.67920796327684,46.94995522316385,24,2.2707472598870098,1.0508233552786657,100.0,1.029137895585643,0.021685459693022713,0.9688891634038193
2023-06-20 00:00:00-06:00,44.285805833333335,46.420790000000004,24,2.134984166666669,1.0482092202341657,100.0,1.029137895585643,0.01907132464852279,0.8445889803689445
2023-06-21 00:00:00-06:00,45.09284183333333,47.62180222412402,24,2.5289603907906866,1.0560834112016697,100.0,1.029137895585643,0.02694551561602676,1.215049873791108
2023-06-22 00:00:00-06:00,45.1820665,47.85108552259887,24,2.6690190225988744,1.059072530969757,100.0,1.029137895585643,0.029934635384114117,1.352508686578297
2023-06-23 00:00:00-06:00,39.61835327536232,42.13504840530582,24,2.5166951299435,1.0635234663200546,100.0,1.029137895585643,0.03438557073441162,1.3622996889308792
2023-06-24 00:00:00-06:00,44.99740093502825,46.98999804237288,24,1.9925971073446291,1.0442824933427097,100.0,1.029137895585643,0.01514459775706678,0.6814675372744635
2023-06-25 00:00:00-06:00,45.04468,47.46741730790961,24,2.422737307909607,1.0537852041108875,100.0,1.029137895585643,0.02464730852524455,1.1102301253809126
2023-06-26 00:00:00-06:00,38.19068974712644,40.61918674718959,24,2.428497000063146,1.0635887179871075,100.0,1.029137895585643,0.034450822401464576,1.3157006698676872
2023-06-27 00:00:00-06:00,29.29764035651093,31.239162768723357,21,1.9415224122124286,1.0662689004502357,87.5,1.029137895585643,0.037131004864592754,1.0878508265986964
2023-06-28 00:00:00-06:00,30.131808401960786,32.05354375742772,17,1.9217353554669323,1.063777630928447,70.83333333333333,1.029137895585643,0.03463973534280407,1.0437578684440016
2023-06-29 00:00:00-06:00,46.50422819491525,49.206585961328656,24,2.7023577664134066,1.0581099369091105,100.0,1.029137895585643,0.028972041323467534,1.3473224209790486
2023-06-30 00:00:00-06:00,45.71319936737519,48.05348111108938,24,2.3402817437141934,1.0511948797306105,100.0,1.029137895585643,0.022056984144967595,1.0082953136619373
2023-07-01 00:00:00-06:00,44.838406446109666,47.02227322134709,24,2.1838667752374263,1.0487052718490826,100.0,1.029137895585643,0.01956737626343963,0.8773699699840647
2023-07-02 00:00:00-06:00,44.94308897457627,47.29739398022599,24,2.354305005649721,1.052384138682179,100.0,1.029137895585643,0.023246243096536112,1.044757971812252
2023-07-03 00:00:00-06:00,43.983608333333336,46.32246450740741,24,2.338856174074074,1.0531756320752237,100.0,1.029137895585643,0.02403773648958074,1.0572663869775942
2023-07-04 00:00:00-06:00,44.798892333333335,47.14193641937144,24,2.3430440860381054,1.0523013843423696,100.0,1.029137895585643,0.02316348875672669,1.0376986388769762
2023-07-05 00:00:00-06:00,43.87432472988505,46.19930310488506,24,2.3249783750000077,1.05299177569829,100.0,1.029137895585643,0.023853880112647108,1.0465728821300262
2023-07-06 00:00:00-06:00,45.554030611111116,48.23358734305139,24,2.6795567319402736,1.0588215070322822,100.0,1.029137895585643,0.029683611446639224,1.3522081444885317
2023-07-07 00:00:00-06:00,46.79738658897243,49.376301446115285,24,2.5789148571428555,1.0551080956676877,100.0,1.029137895585643,0.02597020008204476,1.2153374930324121
2023-07-08 00:00:00-06:00,43.34802362429378,46.039204055084745,24,2.691180430790965,1.0620831171938998,100.0,1.029137895585643,0.03294522160825686,1.4281102445823122
2023-07-09 00:00:00-06:00,38.600843833333336,41.12024473809524,24,2.519400904761902,1.0652680266690517,100.0,1.029137895585643,0.03613013108340879,1.3946535476285253
2023-07-10 00:00:00-06:00,37.46177301824513,39.837772330879076,24,2.375999312633944,1.0634246358675217,100.0,1.029137895585643,0.034286740281878725,1.2844420819752629
2023-07-11 00:00:00-06:00,45.53789914814815,48.143297451460775,24,2.605398303312626,1.0572138449961537,100.0,1.029137895585643,0.028075949410510725,1.2785197527443468
2023-07-12 00:00:00-06:00,44.88115663276836,47.37512090677966,24,2.4939642740112973,1.055568181863442,100.0,1.029137895585643,0.026430286277798976,1.1862218182828042
2023-07-13 00:00:00-06:00,44.07439351851852,46.72451113907188,24,2.6501176205533596,1.0601282833180647,100.0,1.0291771466816122,0.030951136636452548,1.3641525759604451
2023-07-14 00:00:00-06:00,45.843180574468086,48.357106574468084,24,2.513925999999998,1.054837512766296,100.0,1.0327839228227957,0.02205358994350015,1.0110067060951509
2023-07-15 00:00:00-06:00,44.133378463276834,46.53991615819209,24,2.406537694915258,1.0545287439736282,100.0,1.0335321156291895,0.020996628344438717,0.9266521451778796
2023-07-16 00:00:00-06:00,44.470765166666666,46.76517318079096,24,2.2944080141242935,1.0515936257342404,100.0,1.0350024446855872,0.016591181048653203,0.737822516252307
2023-07-17 00:00:00-06:00,52.57620166666667,55.104743885272754,24,2.528542218606084,1.0480929039841458,100.0,1.0356501076699214,0.012442796314224402,0.6541949683139189
2023-07-18 00:00:00-06:00,56.78491439970982,59.62851934552996,24,2.8436049458201396,1.0500767673224611,100.0,1.036970265451472,0.013106501870989051,0.7442515868237499
2023-07-19 00:00:00-06:00,50.101424601694916,52.834541635593226,24,2.73311703389831,1.0545516830235173,100.0,1.0378766342158345,0.01667504880768278,0.8354437005677015
2023-07-20 00:00:00-06:00,52.06301538547973,54.81899704395193,24,2.7559816584722014,1.0529354982239627,100.0,1.0380423574425937,0.014893140781369052,0.7753818176385325
2023-07-21 00:00:00-06:00,51.09996946450873,53.57220436680026,24,2.4722349022915253,1.048380359679248,100.0,1.0383671422693066,0.010013217409941433,0.5116751038894944
2023-07-22 00:00:00-06:00,51.4462085,53.78722633333333,24,2.341017833333332,1.0455041858591645,100.0,1.039442895909107,0.006061289950057391,0.31183038654960715
2023-07-23 00:00:00-06:00,51.567373333333336,53.94583871186441,24,2.378465378531075,1.046123454129738,100.0,1.0399102532585967,0.0062132008711413,0.3203984489171353
2023-07-24 00:00:00-06:00,34.48675742455564,36.719054757888976,24,2.232297333333335,1.064729116334488,100.0,1.041872777192037,0.022856339142451,0.7882410236190837
2023-07-25 00:00:00-06:00,49.699977658152584,52.20493365815258,24,2.504955999999993,1.0504015518322691,100.0,1.041872777192037,0.00852877464023205,0.42387990907095124
2023-07-26 00:00:00-06:00,54.39192727284239,56.97523567029515,24,2.583308397452761,1.0474943346738623,100.0,1.041872777192037,0.005621557481825246,0.30576734571154174
2023-07-27 00:00:00-06:00,57.07415604043858,59.687350081919405,24,2.613194041480824,1.0457859427589136,100.0,1.041872777192037,0.003913165566876486,0.22334062217597989
2023-07-28 00:00:00-06:00,46.05712864055025,48.48573255862935,24,2.428603918079098,1.0527302502297304,100.0,1.041872777192037,0.010857473037693355,0.5000640324083487
2023-07-29 00:00:00-06:00,44.50052916666667,46.939484279661016,24,2.43895511299435,1.0548073283322046,100.0,1.041872777192037,0.012934551140167505,0.5755943702707657
2023-07-30 00:00:00-06:00,44.237496666666665,46.62522953107345,24,2.387732864406786,1.0539753160627183,100.0,1.041872777192037,0.012102538870681245,0.5353860229499653
2023-07-31 00:00:00-06:00,44.11941783333333,46.654677684964966,24,2.5352598516316363,1.057463583522541,100.0,1.041872777192037,0.015590806330503915,0.6878572988540805
2023-08-01 00:00:00-06:00,44.8039676875,47.32346366576087,24,2.5194959782608706,1.0562337692017352,100.0,1.041872777192037,0.014360992009698093,0.643429421962959
2023-08-02 00:00:00-06:00,42.371320359322034,44.7336235662954,23,2.3623032069733654,1.0557524095765791,95.83333333333333,1.041872777192037,0.01387963238454204,0.5880983502350515
2023-08-03 00:00:00-06:00,42.39792083333334,44.8525326101695,24,2.4546117768361597,1.0578946261654023,100.0,1.041872777192037,0.016021848973365227,0.6792930843763619
2023-08-04 00:00:00-06:00,44.00902483333333,46.37975013043478,24,2.370725297101451,1.0538690713116146,100.0,1.04244260834272,0.01142646296889449,0.5028674925552413
2023-08-05 00:00:00-06:00,45.49460283333333,47.85430586370057,24,2.3597030303672355,1.051867757567021,100.0,1.042510282944428,0.009357474622593065,0.4257145914778672
2023-08-06 00:00:00-06:00,27.16765924181857,28.91641398746996,24,1.7487547456513894,1.0643689885126197,100.0,1.0425858819475222,0.02178310656509752,0.5917960163887904
2023-08-07 00:00:00-06:00,37.88272593502825,39.86417654106134,24,1.9814506060330928,1.0523048581411862,100.0,1.0425858819475222,0.00971897619366402,0.3681813115136381
2023-08-08 00:00:00-06:00,42.848445166666664,44.973007833333334,24,2.1245626666666695,1.0495831916048017,100.0,1.0438717075330635,0.005711484071738271,0.24472821206816736
2023-08-09 00:00:00-06:00,43.25013783333333,45.45158058045977,24,2.2014427471264355,1.0509002481242906,100.0,1.0440575178564038,0.006842730267886843,0.2959490272424279
2023-08-10 00:00:00-06:00,44.888627790960456,46.413395624293784,24,1.5247678333333283,1.0339677978225117,100.0,1.0440575178564038,0.0,0.0
2023-08-11 00:00:00-06:00,44.22128916666667,46.04974717029863,24,1.8284580036319582,1.0413479126929257,100.0,1.0440575178564038,0.0,0.0
2023-08-12 00:00:00-06:00,44.12850166666667,46.44885421257062,24,2.320352545903951,1.0525817206174637,100.0,1.044260482856083,0.008321237761380607,0.36720375442181374
2023-08-13 00:00:00-06:00,45.662374666666665,47.906105251099795,24,2.2437305844331306,1.0491374047191429,100.0,1.0448797888331827,0.0042576158859601865,0.19441285177146597
2023-08-14 00:00:00-06:00,43.46683783333333,45.384765262711866,24,1.9179274293785369,1.0441239235467858,100.0,1.0442666363631175,0.0,0.0
2023-08-15 00:00:00-06:00,42.25342725141243,44.36965631776561,24,2.1162290663531778,1.0500841991765872,100.0,1.0442666363631175,0.00581756281346979,0.245811967119468
2023-08-16 00:00:00-06:00,43.15072316666667,45.542604251796384,24,2.391881085129711,1.0554308458722983,100.0,1.0442666363631175,0.011164209509180845,0.4817437139053302
2023-08-17 00:00:00-06:00,44.227352705148704,46.751710959004015,24,2.5243582538553113,1.0570768562768045,100.0,1.0448797888331827,0.012197067443621812,0.5394440037975483
2023-08-18 00:00:00-06:00,45.58084646133751,48.09411769943276,24,2.5132712380952498,1.0551387574653106,100.0,1.0448797888331827,0.01025896863212794,0.46761247407270135
2023-08-19 00:00:00-06:00,43.25424689265537,45.71340591242938,24,2.459159019774013,1.056853585403462,100.0,1.0452688707386961,0.01158471466476585,0.5010881082907473
2023-08-20 00:00:00-06:00,42.491015604519774,44.92274091233197,24,2.4317253078121936,1.0572291641707319,100.0,1.0452688707386961,0.011960293432035751,0.5082050148552665
2023-08-21 00:00:00-06:00,44.19634633333334,46.57022002259887,24,2.3738736892655297,1.053711989478984,100.0,1.0452688707386961,0.008443118740287803,0.3731549999792168
2023-08-22 00:00:00-06:00,44.68571583333333,46.254836203703704,24,1.5691203703703707,1.0351145850773165,100.0,1.0442666363631175,0.0,0.0
2023-08-23 00:00:00-06:00,46.48445433333333,48.054892124999995,24,1.570437791666663,1.0337841502968987,100.0,1.0439709246767217,0.0,0.0
2023-08-24 00:00:00-06:00,46.30788886039631,48.55070240768327,24,2.242813547286957,1.0484326451168684,100.0,1.0439709246767217,0.004461720440146699,0.20661285426847187
2023-08-25 00:00:00-06:00,49.41719939830509,51.955420930589185,24,2.5382215322840977,1.0513631197880298,100.0,1.0439709246767217,0.007392195111308064,0.36530157980668665
2023-08-26 00:00:00-06:00,48.33870333333333,50.829665166666665,24,2.490961833333337,1.0515314160612914,100.0,1.0439709246767217,0.007560491384569712,0.3654643500929378
2023-08-27 00:00:00-06:00,46.242191,48.742848333333335,24,2.5006573333333364,1.0540773972698079,100.0,1.0439709246767217,0.010106472593086169,0.4673454359857559
2023-08-28 00:00:00-06:00,47.30467399264512,49.83763086552647,24,2.53295687288135,1.0535455941050387,100.0,1.0439709246767217,0.009574669428316973,0.4529266158938802
2023-08-29 00:00:00-06:00,48.69710436086957,50.00239777826087,24,1.3052934173913044,1.02680433332788,100.0,1.0425827590320207,0.0,0.0
2023-08-30 00:00:00-06:00,49.70855374066896,50.768913420948515,24,1.0603596802795536,1.0213315335185869,100.0,1.0423687503037142,0.0,0.0
2023-08-31 00:00:00-06:00,66.30111530410757,68.64668138132627,24,2.345566077218706,1.0353774754234548,100.0,1.041018253208076,0.0,0.0
2023-09-01 00:00:00-06:00,63.8558586188659,66.13152423842914,24,2.2756656195632345,1.0356375384934673,100.0,1.0378099399093328,0.0,0.0
2023-09-02 00:00:00-06:00,74.68193296878702,77.20103853751341,24,2.5191055687263884,1.033731124364165,100.0,1.0378099399093328,0.0,0.0
2023-09-03 00:00:00-06:00,61.17524453732222,63.562109363898884,24,2.3868648265766623,1.0390168416101788,100.0,1.0389202892336038,9.655237657502092e-05,0.005906615247636526
2023-09-04 00:00:00-06:00,56.87150490148038,59.00175221664123,24,2.130247315160851,1.0374571996793671,100.0,1.0388608774170978,0.0,0.0
2023-09-05 00:00:00-06:00,56.63832092896289,58.52344923673421,23,1.8851283077713177,1.0332836192325632,95.83333333333333,1.037275233560777,0.0,0.0
2023-09-06 00:00:00-06:00,39.50326284079641,40.92277710647407,15,1.4195142656776625,1.035934101732267,62.5,1.035904445408387,2.9656323879967417e-05,0.0011715215571221401
2023-09-07 00:00:00-06:00,60.57581244687076,62.52441802782387,24,1.9486055809531067,1.0321680469851258,100.0,1.035611532186466,0.0,0.0
2023-09-08 00:00:00-06:00,69.56306510855791,71.61127647685854,24,2.0482113683006276,1.0294439493875702,100.0,1.035351186388841,0.0,0.0
2023-09-09 00:00:00-06:00,64.13879775005256,66.11225839077305,24,1.9734606407204893,1.0307685942042604,100.0,1.034999906351836,0.0,0.0
2023-09-10 00:00:00-06:00,52.03709995744898,54.00857132867939,21,1.9714713712304075,1.0378858808973308,87.5,1.034999906351836,0.002885974545494774,0.15017774589856495
2023-09-11 00:00:00-06:00,41.4572308873875,42.73721750391106,14,1.2799866165235585,1.0308748700558523,58.333333333333336,1.0339494330699504,0.0,0.0
2023-09-12 00:00:00-06:00,62.81338550242139,64.63666716447396,24,1.8232816620525725,1.0290269605350644,100.0,1.0337788477036254,0.0,0.0
2023-09-13 00:00:00-06:00,72.28983238938632,74.17779313619384,24,1.8879607468075221,1.0261165461919748,100.0,1.0336863738510047,0.0,0.0
2023-09-14 00:00:00-06:00,82.03176136811345,84.10598240052016,24,2.0742210324067116,1.0252855844835362,100.0,1.0331720620078195,0.0,0.0
2023-09-15 00:00:00-06:00,79.87780440807619,81.8196829429357,24,1.9418785348595122,1.0243106148103287,100.0,1.0320387292921984,0.0,0.0
2023-09-16 00:00:00-06:00,74.65932849128237,76.36242826408214,24,1.7030997727997743,1.0228116138628094,100.0,1.030864242470693,0.0,0.0
2023-09-17 00:00:00-06:00,74.45455565084734,76.3315841583946,24,1.8770285075472657,1.0252103916427833,100.0,1.0306361297225914,0.0,0.0
2023-09-18 00:00:00-06:00,79.46435591156339,81.5113067527154,24,2.046950841152011,1.0257593586164604,100.0,1.0294022505023197,0.0,0.0
2023-09-19 00:00:00-06:00,81.3541744702102,83.38241819487287,24,2.0282437246626728,1.0249310344290368,100.0,1.028804697814346,0.0,0.0
2023-09-20 00:00:00-06:00,81.32593741021454,83.31694846580938,24,1.9910110555948393,1.0244818703478573,100.0,1.0267355546142896,0.0,0.0
2023-09-21 00:00:00-06:00,84.22969001073987,86.25143273325784,24,2.0217427225179705,1.0240027325549956,100.0,1.0260808274344233,0.0,0.0
2023-09-22 00:00:00-06:00,84.21193610888153,86.21944607580785,24,2.007509966926321,1.0238387817652206,100.0,1.025711981203168,0.0,0.0
2023-09-23 00:00:00-06:00,84.2029751861571,85.89527623758502,24,1.6923010514279184,1.020097877155606,100.0,1.0252780651994609,0.0,0.0
2023-09-24 00:00:00-06:00,85.63100792305988,87.28469032356911,24,1.6536824005092257,1.0193117241127778,100.0,1.0251824559214087,0.0,0.0
2023-09-25 00:00:00-06:00,83.71379056158817,85.52570961533642,24,1.8119190537482552,1.0216442122808336,100.0,1.0248861180209188,0.0,0.0
2023-09-26 00:00:00-06:00,81.78325602510004,83.68612290671993,24,1.902866881619886,1.0232671939722708,100.0,1.0244647447941044,0.0,0.0
2023-09-27 00:00:00-06:00,78.70592927438132,80.75444770448915,24,2.0485184301078334,1.026027498169374,100.0,1.0244647447941044,0.0015627533752695655,0.1229979566272671
2023-09-28 00:00:00-06:00,83.06637554889409,85.10114745947622,24,2.034771910582137,1.024495734852238,100.0,1.0244647447941044,3.099005813367306e-05,0.002574231807213746
2023-09-29 00:00:00-06:00,41.05379897083881,42.012765496908685,14,0.9589665260698723,1.0233587767785155,58.333333333333336,1.0242798265847954,0.0,0.0
2023-10-04 00:00:00-06:00,16.33166011637757,16.778763620512535,9,0.44710350413496514,1.0273764884248726,37.5,1.0241566736826622,0.0032198147422104473,0.05258492000748289
2023-10-05 00:00:00-06:00,46.327063179750255,47.618937203283814,24,1.291874023533559,1.027885946892879,100.0,1.0241566736826622,0.003729273210216766,0.17276627562426217
2023-10-06 00:00:00-06:00,62.35032470583878,63.740230689757055,24,1.3899059839182755,1.0222918804428955,100.0,1.023920757160108,0.0,0.0
2023-10-07 00:00:00-06:00,76.06001462991793,77.52924865372188,24,1.4692340238039492,1.019316772826731,100.0,1.0235987792718682,0.0,0.0
2023-10-08 00:00:00-06:00,68.21457004257987,69.63782152566047,24,1.4232514830806053,1.0208643326813056,100.0,1.023312985375393,0.0,0.0
2023-10-09 00:00:00-06:00,76.89832923652224,78.51743262136075,24,1.6191033848385104,1.0210551178538418,100.0,1.0230394039175401,0.0,0.0
2023-10-10 00:00:00-06:00,86.46693252804185,88.02522429946977,24,1.5582917714279176,1.0180218232088036,100.0,1.0225517471528525,0.0,0.0
2023-10-11 00:00:00-06:00,84.32735946734306,85.88673279790194,24,1.5593733305588842,1.0184919027514763,100.0,1.0219680463618646,0.0,0.0
2023-10-12 00:00:00-06:00,83.74806213265116,85.3046574526561,24,1.556595320004945,1.0185866428472028,100.0,1.0214878728997103,0.0,0.0
2023-10-13 00:00:00-06:00,82.80036593307695,84.34156152026682,24,1.5411955871898755,1.0186133910137007,100.0,1.0211933256862142,0.0,0.0
2023-10-14 00:00:00-06:00,81.32588036986533,82.84336742875571,24,1.5174870588903815,1.0186593376178523,100.0,1.0209597252675737,0.0,0.0
2023-10-15 00:00:00-06:00,76.73786032712894,78.2539005834997,24,1.5160402563707578,1.0197560923631173,100.0,1.020481104918456,0.0,0.0
2023-10-16 00:00:00-06:00,75.73009374198153,77.34848318754183,24,1.6183894455602967,1.02137049309716,100.0,1.020481104918456,0.000889388178704209,0.06735345014627997
2023-10-17 00:00:00-06:00,81.8438946707544,83.65947132182,24,1.8155766510656122,1.0221834097505917,100.0,1.020481104918456,0.001702304832135848,0.1393232573788426
2023-10-18 00:00:00-06:00,82.68279222802042,84.3563246710933,24,1.6735324430728866,1.020240395830582,100.0,1.0201691364930938,7.125933748808322e-05,0.005891920995833571
2023-10-19 00:00:00-06:00,83.2636632538328,85.04008046030546,24,1.776417206472658,1.0213348432804017,100.0,1.0201691364930938,0.0011657067873078741,0.09706101739111013
2023-10-20 00:00:00-06:00,82.64373808449083,84.3619888276629,24,1.7182507431720637,1.0207910578949781,100.0,1.0201691364930938,0.0006219214018843289,0.05139790944646784
2023-10-21 00:00:00-06:00,82.60213170929754,84.20433661143011,24,1.60220490213257,1.0193966531974166,100.0,1.0199269847593615,0.0,0.0
2023-10-22 00:00:00-06:00,82.47784327111673,84.08992459004298,24,1.6120813189262577,1.0195456289227534,100.0,1.0196508606429353,0.0,0.0
2023-10-23 00:00:00-06:00,81.13945931101237,82.75880619626204,24,1.6193468852496693,1.0199575755002583,100.0,1.0196508606429353,0.0003067148573230316,0.02488667768584509
2023-10-24 00:00:00-06:00,82.6425152310516,84.29791740755503,24,1.6554021765034292,1.020030878439206,100.0,1.0196508606429353,0.0003800177962707263,0.031405626516374165
2023-10-25 00:00:00-06:00,84.37605410998641,86.10256860279337,24,1.726514492806956,1.020462138352149,100.0,1.0196508606429353,0.0008112777092137424,0.06845241189084456
2023-10-26 00:00:00-06:00,81.3820063832192,82.94628891135011,24,1.564282528130903,1.0192214790179153,100.0,1.019471141060085,0.0,0.0
2023-10-27 00:00:00-06:00,81.61006631471805,83.12201654594303,24,1.5119502312249722,1.0185265163906907,100.0,1.0193567130120738,0.0,0.0
2023-10-28 00:00:00-06:00,79.92688286507787,81.36312849891122,24,1.4362456338333516,1.0179694938967885,100.0,1.0193142484697544,0.0,0.0
2023-10-29 00:00:00-06:00,81.20068484333316,82.64433302333316,24,1.4436481799999967,1.017778768526218,100.0,1.0192666015653464,0.0,0.0
2023-10-30 00:00:00-06:00,80.04328602366031,81.54982263057461,24,1.5065366069142954,1.0188215237249127,100.0,1.0190215013714141,0.0,0.0
2023-10-31 00:00:00-06:00,70.77919740996205,72.13285877129138,22,1.3536613613293298,1.019125130135183,91.66666666666667,1.0189733269300478,0.0001518032051350815,0.010744509023720898
2023-11-01 00:00:00-06:00,49.404493318187185,50.3900942365151,15,0.9856009183279113,1.0199496210188859,62.5,1.0189733269300478,0.0009762940888380367,0.04823331478858443
2023-11-02 00:00:00-06:00,81.25238870663067,82.80070337124793,24,1.5483146646172656,1.019055620262533,100.0,1.018938571993723,0.00011704826880998276,0.009510451434786914
2023-11-03 00:00:00-06:00,81.13999044677442,82.71845310349634,24,1.5784626567219249,1.019453572129237,100.0,1.018938571993723,0.0005150001355140876,0.0417871060757006
2023-11-04 00:00:00-06:00,80.17786039794429,81.69793312677763,24,1.520072728833341,1.0189587589552629,100.0,1.018890141340088,6.861761517495957e-05,0.005501613570337772
2023-11-05 00:00:00-06:00,87.43426078232802,89.08811891220303,25,1.6538581298750046,1.0189154470464659,100.0,1.0188684853856893,4.696166077655661e-05,0.004106058095108676
2023-11-06 00:00:00-07:00,84.05666907240055,85.65274185661785,24,1.5960727842172986,1.0189880565317495,100.0,1.0188684853856893,0.00011957114606020447,0.010050752254990278
2023-11-07 00:00:00-07:00,82.27999655442407,83.90455172982986,24,1.6245551754057885,1.0197442299882844,100.0,1.0188684853856893,0.0008757446025950966,0.07205626288408003
2023-11-08 00:00:00-07:00,79.32437528344157,80.88060264224433,24,1.556227358802758,1.0196185265026299,100.0,1.0188684853856893,0.0007500411169405474,0.05949654303820367
2023-11-09 00:00:00-07:00,83.45657268607468,85.04594046134356,24,1.589367775268883,1.0190442492917526,100.0,1.0188684853856893,0.00017576390606333092,0.014668653201962778
2023-11-10 00:00:00-07:00,82.19279322505157,83.80087927395903,24,1.6080860489074524,1.0195648059374787,100.0,1.0188684853856893,0.0006963205517893645,0.05723253113157705
2023-11-11 00:00:00-07:00,80.40627068917779,81.95118793722611,24,1.5449172480483213,1.0192138900959655,100.0,1.0188684853856893,0.00034540471027622033,0.0277727046317868
2023-11-12 00:00:00-07:00,79.35791180387473,80.90297124694139,24,1.5450594430666627,1.0194695072985933,100.0,1.0188684853856893,0.0006010219129040095,0.04769584395643247
2023-11-13 00:00:00-07:00,80.67639770022195,82.26615036242151,24,1.5897526621995581,1.019705300528003,100.0,1.0188684853856893,0.0008368151423137071,0.06751123122286846
2023-11-14 00:00:00-07:00,76.50183903429775,78.05202931971385,24,1.5501902854161074,1.0202634381733113,100.0,1.0188684853856893,0.001394952787622028,0.10671645361910531
2023-11-15 00:00:00-07:00,79.80282711578803,81.35964789498553,24,1.5568207791974942,1.0195083411886983,100.0,1.0188684853856893,0.0006398558030089596,0.05106230202655773
2023-11-16 00:00:00-07:00,79.82784331956631,81.49318185363298,24,1.665338534066663,1.0208616250272475,100.0,1.0188684853856893,0.001993139641558228,0.1591080390203268
2023-11-17 00:00:00-07:00,83.55981023342538,85.19637675773107,24,1.6365665243056924,1.0195855701411232,100.0,1.0188684853856893,0.0007170847554338611,0.05991946608533568
2023-11-18 00:00:00-07:00,20.755184289843672,21.135300987298418,6,0.38011669745474563,1.0183143012437983,25.0,1.0187404306713825,0.0,0.0
2023-11-20 00:00:00-07:00,50.208914312611306,51.21696381569354,15,1.0080495030822334,1.0200771021816146,62.5,1.0187242120606765,0.0013528901209380884,0.06792714415655883
2023-11-21 00:00:00-07:00,63.45223334574622,64.60028188206763,19,1.1480485363214115,1.0180931147067083,79.16666666666667,1.0186317696553613,0.0,0.0
2023-11-22 00:00:00-07:00,56.33424575942093,57.36111336513522,17,1.026867605714287,1.0182281237970168,70.83333333333333,1.018597342113802,0.0,0.0
2023-11-23 00:00:00-07:00,81.72795273296684,83.19065079979505,24,1.4626980668282101,1.0178971578011669,100.0,1.0185505669732955,0.0,0.0
2023-11-24 00:00:00-07:00,80.52935013955558,81.98204544555558,24,1.4526953060000096,1.0180393273195738,100.0,1.018505748207162,0.0,0.0
2023-11-25 00:00:00-07:00,78.33068973527546,79.85177886956335,24,1.521089134287891,1.0194188145084453,100.0,1.018505748207162,0.000913066301283294,0.07152111315355725
2023-11-26 00:00:00-07:00,75.1584529260022,76.67065105615218,24,1.512198130149983,1.0201201338143406,100.0,1.018505748207162,0.0016143856071786367,0.12133472466155104
2023-11-27 00:00:00-07:00,81.32860262288806,82.85431153287884,24,1.525708909990783,1.0187598072607411,100.0,1.018505748207162,0.0002540590535791143,0.020662267811282813
2023-11-28 00:00:00-07:00,79.8081402556987,81.26769285762632,24,1.4595526019276122,1.0182882673027003,100.0,1.0183853418468696,0.0,0.0
2023-11-29 00:00:00-07:00,65.18112757872169,66.53190687197645,24,1.3507792932547602,1.020723472321392,100.0,1.0183853418468696,0.0023381304745224707,0.15240198075554623
2023-11-30 00:00:00-07:00,43.398697623612605,44.637946971918254,24,1.2392493483056484,1.0285549893467631,100.0,1.0183853418468696,0.010169647499893575,0.44134945678660914
2023-12-01 00:00:00-07:00,68.25044024537843,69.59921903304509,24,1.3487787876666602,1.0197621990835142,100.0,1.0183853418468696,0.001376857236644602,0.09397111255602927
2023-12-02 00:00:00-07:00,83.49090527311272,84.91794860806273,24,1.4270433349500138,1.0170922010041923,100.0,1.0182986808791394,0.0,0.0
2023-12-03 00:00:00-07:00,79.73086305040928,81.16136218259204,24,1.43049913218276,1.0179415984908922,100.0,1.0182521811992902,0.0,0.0
2023-12-04 00:00:00-07:00,81.39380283905624,82.80440899758715,24,1.4106061585309106,1.0173306334060859,100.0,1.0181471183428317,0.0,0.0
2023-12-05 00:00:00-07:00,84.48413456913416,85.9442987218134,24,1.4601641526792406,1.017283294196313,100.0,1.0180608422744275,0.0,0.0
2023-12-06 00:00:00-07:00,84.61697199913765,86.10688879578571,24,1.4899167966480604,1.0176077772750276,100.0,1.0180288248531117,0.0,0.0
2023-12-07 00:00:00-07:00,82.78436403257543,84.25386967370876,24,1.4695056411333383,1.0177510047737408,100.0,1.0179904256215946,0.0,0.0
2023-12-08 00:00:00-07:00,83.97359684381267,85.64845208522937,24,1.6748552414166937,1.01994502205892,100.0,1.0179904256215946,0.0019545964373253177,0.1641344932203088
2023-12-09 00:00:00-07:00,84.63393755584141,86.27648027292476,24,1.6425427170833444,1.0194076131220953,100.0,1.0179904256215946,0.0014171875005006829,0.11994215842229376
2023-12-10 00:00:00-07:00,81.27756928143036,82.88475491413035,24,1.607185632699995,1.0197740366365409,100.0,1.0179904256215946,0.0017836110149462847,0.14496756783841896
2023-12-11 00:00:00-07:00,79.51384128420736,81.14563219607642,24,1.6317909118690608,1.0205220988637251,100.0,1.0179904256215946,0.00253167324213055,0.20130306435824322
2023-12-12 00:00:00-07:00,68.65648804086923,70.25937226972145,24,1.6028842288522185,1.0233464349050023,100.0,1.0179904256215946,0.005356009283407737,0.36772478731306785
2023-12-13 00:00:00-07:00,59.35507274871673,60.870156996742665,24,1.5150842480259357,1.0255257752684448,100.0,1.0179904256215946,0.007535349646850209,0.44726122647581107
2023-12-14 00:00:00-07:00,50.60392278798788,52.06206782186516,24,1.4581450338772868,1.0288148616459318,100.0,1.0179904256215946,0.010824436024337247,0.5477589247990765
2023-12-15 00:00:00-07:00,62.82730712625687,64.32401260355796,24,1.4967054773010915,1.023822531089759,100.0,1.0179904256215946,0.0058321054681644835,0.3664154814410921
2023-12-16 00:00:00-07:00,83.25833414180423,84.86510951369554,24,1.6067753718913167,1.01929867308124,100.0,1.0179904256215946,0.0013082474596453064,0.10892250413531546
2023-12-17 00:00:00-07:00,70.59441107866138,72.16201556359472,24,1.5676044849333408,1.022205787412641,100.0,1.0179904256215946,0.004215361791046313,0.29758098312240566
2023-12-18 00:00:00-07:00,74.43285947163172,76.07088744996761,24,1.6380279783358986,1.0220067855778159,100.0,1.0179904256215946,0.004016359956221294,0.29894915620890844
2023-12-19 00:00:00-07:00,82.47584515430135,84.15188112184686,24,1.676035967545502,1.0203215373472059,100.0,1.0179904256215946,0.00233111172561129,0.192260409718893
2023-12-20 00:00:00-07:00,82.97099996117129,84.66881026227732,24,1.6978103011060313,1.020462695422504,100.0,1.0179904256215946,0.0024722698009094213,0.20512669755526053
2023-12-21 00:00:00-07:00,81.52948777974453,83.29692988211119,24,1.7674421023666582,1.021678562572863,100.0,1.0179904256215946,0.0036881369512684614,0.30069191649846627
2023-12-22 00:00:00-07:00,78.27977699021574,80.00719533059906,24,1.7274183403833234,1.0220672363514682,100.0,1.0179904256215946,0.004076810729873648,0.3191318347658278
2023-12-23 00:00:00-07:00,77.07547047101895,78.71010609442814,24,1.6346356234091957,1.021208247104036,100.0,1.0179904256215946,0.0032178214824414297,0.24801510465092483
2023-12-24 00:00:00-07:00,79.21331459420281,80.89036512553616,24,1.6770505313333501,1.0211713212598743,100.0,1.0179904256215946,0.0031808956382797238,0.2519692868863793
2023-12-25 00:00:00-07:00,77.1889572992704,78.87925848296476,24,1.690301183694359,1.0218982253788047,100.0,1.0179904256215946,0.0039077997572101175,0.301638988593391
2023-12-26 00:00:00-07:00,74.62127001413536,76.37745252438847,24,1.7561825102531117,1.0235346103050837,100.0,1.0179904256215946,0.005544184683489162,0.4137141022748783
2023-12-27 00:00:00-07:00,77.88847262399926,79.57422707430285,24,1.685754450303591,1.021643182790879,100.0,1.0179904256215946,0.0036527571692843708,0.28450767678192274
2023-12-28 00:00:00-07:00,80.98879044508058,82.60449679608917,24,1.6157063510085834,1.0199497528254138,100.0,1.0179904256215946,0.0019593272038191945,0.15868354032345844
2023-12-29 00:00:00-07:00,80.72028336923448,82.22758635643898,24,1.507302987204497,1.0186731627329617,100.0,1.017995658552796,0.0006775041801656556,0.05468832940681261
2023-12-30 00:00:00-07:00,80.18399973607906,81.71493025961239,24,1.5309305235333284,1.0190927183549374,100.0,1.0180008914839975,0.0010918268709398937,0.08754704553128846
2023-12-31 00:00:00-07:00,76.69022014251917,78.21677858606917,24,1.5265584435500017,1.0199055165145319,100.0,1.018006124415199,0.001899392099332875,0.1456647982347998
2024-01-01 00:00:00-07:00,73.13628095104173,74.5580975653225,24,1.4218166142807718,1.019440646910014,100.0,1.0180113573464007,0.001429289563613212,0.10453292308480769
2024-01-02 00:00:00-07:00,68.34450965619085,69.90560691167428,24,1.561097255483432,1.0228415898122114,100.0,1.0180113573464007,0.004830232465810713,0.3301198694012468
2024-01-03 00:00:00-07:00,62.71502986258246,64.24009161134776,24,1.525061748765303,1.0243173247642061,100.0,1.0180113573464007,0.006305967417805425,0.39547893492013925
2024-01-04 00:00:00-07:00,74.41346135108355,75.99563236932792,24,1.5821710182443667,1.0212618925328532,100.0,1.0180113573464007,0.0032505351864524634,0.24188357446741757
2024-01-05 00:00:00-07:00,84.52579404640663,86.09756705877331,24,1.5717730123666769,1.018595187777872,100.0,1.0180113573464007,0.000583830431471366,0.0493487308085734
2024-01-06 00:00:00-07:00,82.83113194488206,84.37269716773207,24,1.5415652228500107,1.0186109399528165,100.0,1.0180113573464007,0.0005995826064157939,0.04966410598388291
2024-01-07 00:00:00-07:00,73.62907340021033,75.133837199577,24,1.5047637993666712,1.0204370872791992,100.0,1.0180113573464007,0.002425729932798548,0.17860424727111157
2024-01-08 00:00:00-07:00,65.31266163342484,66.8470794782415,24,1.5344178448166588,1.0234934208228836,100.0,1.0180253606350167,0.005468060187866941,0.357133564841355
2024-01-09 00:00:00-07:00,72.0349524615254,73.62777860703997,24,1.5928261455145645,1.0221118511373393,100.0,1.0180253606350167,0.004086490502322571,0.29437014906928144
2024-01-10 00:00:00-07:00,77.40803975644053,79.02279790264423,24,1.6147581462036982,1.020860341526338,100.0,1.0180253606350167,0.0028349808913212815,0.21945031354414696
2024-01-11 00:00:00-07:00,81.58920628460031,83.2080396901233,24,1.6188334055229916,1.0198412691977436,100.0,1.0180253606350167,0.0018159085627269533,0.14815853831830145
2024-01-12 00:00:00-07:00,81.85580655558333,83.4928288749401,24,1.637022319356774,1.01999885393891,100.0,1.0180253606350167,0.0019734933038932922,0.16154188612222836
2024-01-13 00:00:00-07:00,79.89603474764282,81.7790681099913,24,1.8830333623484847,1.0235685459021362,100.0,1.0180253606350167,0.005543185267119499,0.44287852271440126
2024-01-14 00:00:00-07:00,79.26893118695331,81.52131376507859,24,2.252382578125278,1.0284144436464409,100.0,1.0180253606350167,0.01038908301142416,0.8235315063281274
2024-01-15 00:00:00-07:00,79.68272673660046,81.79991833797968,24,2.1171916013792185,1.0265702704725181,100.0,1.0180253606350167,0.008544909837501447,0.6808817155705168
2024-01-16 00:00:00-07:00,79.52335131291186,81.51020260081184,24,1.986851287899981,1.0249845014715493,100.0,1.0180253606350167,0.006959140836532596,0.553414201579613
2024-01-17 00:00:00-07:00,81.30419609203499,83.05139050880473,24,1.7471944167697444,1.0214895971026139,100.0,1.0180253606350167,0.0034642364675971926,0.28165696107070076
2024-01-18 00:00:00-07:00,81.92880887590628,83.61377136114602,24,1.684962485239737,1.0205661782266586,100.0,1.0180253606350167,0.0025408175916419307,0.20816615885417225
2024-01-19 00:00:00-07:00,81.41832676309646,83.10292389901528,24,1.6845971359188212,1.020690638126481,100.0,1.0180253606350167,0.0026652774914643906,0.2170024337143738
2024-01-20 00:00:00-07:00,79.01403243842181,80.65942201026579,24,1.6453895718439782,1.020824017216515,100.0,1.0180253606350167,0.00279865658149836,0.2211331419145141
2024-01-21 00:00:00-07:00,78.68965074557629,80.31765810275502,24,1.6280073571787312,1.0206889640728296,100.0,1.0180253606350167,0.0026636034378129114,0.20959802424621432
2024-01-22 00:00:00-07:00,79.36803446613493,81.00394474983916,24,1.6359102837042343,1.0206117021129237,100.0,1.0180253606350167,0.0025863414779070393,0.20527283955972025
2024-01-23 00:00:00-07:00,80.34509688664234,82.00741873979965,24,1.6623218531573087,1.0206897734593892,100.0,1.0180253606350167,0.002664412824372464,0.21407250652021798
2024-01-24 00:00:00-07:00,83.2567921581205,84.94470147207039,24,1.6879093139498877,1.020273532887794,100.0,1.0180253606350167,0.002248172252777403,0.1871756099851418
2024-01-25 00:00:00-07:00,83.01661369476989,84.7531189647183,24,1.7365052699484096,1.020917563276347,100.0,1.0180253606350167,0.002892202641330277,0.2401008694023087
2024-01-26 00:00:00-07:00,80.44552385522655,82.20901282956218,24,1.7634889743356297,1.0219215301215427,100.0,1.0180823572292814,0.003839172892261322,0.3088442744887473
2024-01-27 00:00:00-07:00,73.89998009390584,75.56830606116007,24,1.6683259672542334,1.0225754589532265,100.0,1.018201121978955,0.0043743369742714755,0.3232634153226983
2024-01-28 00:00:00-07:00,60.330179032374666,61.90055130443163,24,1.5703722720569644,1.0260296305637393,100.0,1.018201121978955,0.007828508584784233,0.4722953244765148
2024-01-29 00:00:00-07:00,32.251663157174285,33.32642552705679,17,1.0747623698825066,1.033324246400714,70.83333333333333,1.018201121978955,0.015123124421758893,0.48774591473460394
2024-01-31 00:00:00-07:00,10.725293933469926,11.073506391136592,6,0.34821245766666564,1.0324664722315922,25.0,1.0181876210699243,0.014278851161667827,0.15314487574115596
2024-02-01 00:00:00-07:00,41.22521595427816,42.61046377089811,24,1.3852478166199447,1.0336019541572878,100.0,1.0181876210699243,0.015414333087363508,0.6354592103177359
2024-02-02 00:00:00-07:00,37.723285931205446,39.10384381656223,24,1.3805578853567866,1.0365969679278326,100.0,1.0181876210699243,0.018409346857908293,0.694461055327613
2024-02-03 00:00:00-07:00,39.464412765257116,40.915491298757125,24,1.4510785335000094,1.0367692924288863,100.0,1.0181876210699243,0.018581671358961938,0.73331474837843
2024-02-04 00:00:00-07:00,38.38595533272823,39.81614200715619,24,1.4301866744279579,1.0372580716574888,100.0,1.0181876210699243,0.019070450587564514,0.7320374644292522
2024-02-05 00:00:00-07:00,39.34703299304184,40.83877737434126,24,1.4917443812994193,1.0379124998208433,100.0,1.0181876210699243,0.019724878750918995,0.7761154549961596
2024-02-06 00:00:00-07:00,41.18904743382534,42.6873359591079,24,1.498288525282561,1.0363758964732002,100.0,1.0181876210699243,0.018188275403275833,0.749157738325007
2024-02-07 00:00:00-07:00,41.29192071545186,43.17755766408375,24,1.8856369486318911,1.0456660023549418,100.0,1.0181876210699243,0.02747838128501745,1.1346351414098967
2024-02-08 00:00:00-07:00,48.98722167354462,51.16815100605246,24,2.1809293325078443,1.0445203720072505,100.0,1.0181876210699243,0.02633275093732612,1.2899683074410344
2024-02-09 00:00:00-07:00,56.9315342004347,59.195956342147724,24,2.264422141713027,1.039774479530814,100.0,1.0181876210699243,0.02158685846088959,1.2289729707460788
2024-02-10 00:00:00-07:00,55.182582349366704,57.47651276409084,24,2.2939304147241373,1.0415698272364462,100.0,1.0181876210699243,0.02338220616652187,1.290290517293963
2024-02-11 00:00:00-07:00,53.397232494848225,55.60602640261235,24,2.208793907764125,1.0413653255901836,100.0,1.0181876210699243,0.023177704520259246,1.2376252769651777
2024-02-12 00:00:00-07:00,52.84488331044711,55.11300889578196,24,2.2681255853348503,1.04292043890059,100.0,1.0181876210699243,0.02473281783066561,1.3070028722000697
2024-02-13 00:00:00-07:00,59.69899000021526,61.743590178042005,24,2.0446001778267444,1.034248488589495,100.0,1.0181876210699243,0.016060867519570587,0.9588175694456266
2024-02-14 00:00:00-07:00,66.76871051976201,68.44763585058648,24,1.6789253308244696,1.025145390973629,100.0,1.0181876210699243,0.006957769903704669,0.46456132456356947
2024-02-15 00:00:00-07:00,79.52479517377286,81.24415682618364,24,1.7193616524107824,1.0216204474171073,100.0,1.0181876210699243,0.0034328263471830045,0.27299481212685933
2024-02-16 00:00:00-07:00,81.48584930729474,83.28639512189119,24,1.8005458145964468,1.0220964232428422,100.0,1.0181876210699243,0.003908802172917891,0.3185120648344135
2024-02-17 00:00:00-07:00,81.71496370152532,83.48468859396806,24,1.7697248924427385,1.0216572927683953,100.0,1.018201121978955,0.0034561707894402716,0.2824208706053839
2024-02-18 00:00:00-07:00,82.03018625535617,83.76139566010302,24,1.7312094047468491,1.0211045407035608,100.0,1.018201121978955,0.0029034187246057552,0.23816797875669876
2024-02-19 00:00:00-07:00,80.12855958486969,81.81796366617597,24,1.6894040813062787,1.021083669668577,100.0,1.0182762386015636,0.0028074310670134217,0.22495540753359924
2024-02-20 00:00:00-07:00,80.91003516561837,82.6555491006257,24,1.745513935007338,1.021573515960466,100.0,1.0185338036828377,0.003039712277628226,0.24594322727626167
2024-02-21 00:00:00-07:00,85.03168697754874,86.85357390264947,24,1.8218869251007277,1.0214259764784128,100.0,1.0186077895178276,0.0028181869605852228,0.23963519147669216
2024-02-22 00:00:00-07:00,87.49835989790994,89.38930466540263,24,1.890944767492698,1.021611202423668,100.0,1.0186607181769327,0.0029504842467353853,0.2581625324939664
2024-02-23 00:00:00-07:00,88.89679538718232,90.76220581774336,24,1.8654104305610417,1.0209840008566833,100.0,1.0186607181769327,0.0023232826797505712,0.20653238500837118
2024-02-24 00:00:00-07:00,86.06600670957528,87.89902643904195,24,1.8330197294666704,1.0212978363879723,100.0,1.0186607181769327,0.002637118211039624,0.22696623364527943
2024-02-25 00:00:00-07:00,85.0558045013925,86.85543527688968,24,1.799630775497178,1.0211582358905054,100.0,1.0186607181769327,0.00249751771357265,0.21242837838440012
2024-02-26 00:00:00-07:00,83.12929673117326,84.96517501236941,24,1.835878281196159,1.0220846122051663,100.0,1.0190088072305423,0.003075804974624008,0.25568950442273797
2024-02-27 00:00:00-07:00,81.23659412974628,83.08819222724215,24,1.8515980974958666,1.022792660343916,100.0,1.0190088072305423,0.003783853113373592,0.3073873396177073
2024-02-28 00:00:00-07:00,83.41031555235399,85.26846487355198,24,1.8581493211979847,1.0222772124633874,100.0,1.0190088072305423,0.0032684052328451063,0.27261871182457537
2024-02-29 00:00:00-07:00,85.94461931990459,87.83461967754673,24,1.890000357642137,1.0219909096415583,100.0,1.0190088072305423,0.00298210241101593,0.2562956564877338
2024-03-01 00:00:00-07:00,87.71945828042782,89.65353890684842,24,1.9340806264206094,1.022048478916019,100.0,1.0192574821359794,0.0027909967800394675,0.24482472560748045
2024-03-02 00:00:00-07:00,88.87169229348513,90.82640605839171,24,1.954713764906586,1.0219947850036595,100.0,1.0193858251139243,0.002608959889735196,0.23186268052659123
2024-03-03 00:00:00-07:00,86.05955598158272,88.01313779087161,24,1.9535818092888917,1.0227003473002692,100.0,1.0194340401524302,0.0032663071478389316,0.2810969428424883
2024-03-04 00:00:00-07:00,86.55074573801296,88.53864505994176,24,1.9878993219287935,1.0229680207256229,100.0,1.0197073586912355,0.0032606620343873516,0.28221273067585173
2024-03-05 00:00:00-07:00,87.96740449275532,89.77793023624284,24,1.810525743487517,1.0205817797390695,100.0,1.019827822685503,0.0007539570535664009,0.06632364510124157
2024-03-06 00:00:00-07:00,88.34347170275488,90.03440812882768,24,1.6909364260727955,1.019140479692288,100.0,1.019827822685503,0.0,0.0
2024-03-07 00:00:00-07:00,87.2908883292734,89.02157794901467,24,1.7306896197412698,1.019826692715199,100.0,1.0198161614994674,1.053121573169058e-05,0.0009192791764064896
2024-03-08 00:00:00-07:00,87.575310040228,89.30017942318239,24,1.724869382954381,1.0196958410100068,100.0,1.0198161614994674,0.0,0.0
2024-03-09 00:00:00-07:00,87.27904756138759,88.91269869342092,24,1.6336511320333358,1.0187175636957349,100.0,1.0198005223741606,0.0,0.0
2024-03-10 00:00:00-07:00,82.0925327532645,83.62489185941479,23,1.532359106150281,1.0186662422848605,100.0,1.0196448021900082,0.0,0.0
2024-03-11 00:00:00-06:00,84.49409168668029,86.1224183654073,24,1.6283266787270065,1.0192714856887881,100.0,1.0194264495271366,0.0,0.0
2024-03-12 00:00:00-06:00,87.51225849636388,89.175058675791,24,1.6628001794271228,1.0190007686694111,100.0,1.0192959543419948,0.0,0.0
2024-03-13 00:00:00-06:00,88.01953083619736,89.71764289519277,24,1.698112058995406,1.0192924461521564,100.0,1.0192903501058197,2.096046336719226e-06,0.00018449301516895643
2024-03-14 00:00:00-06:00,86.55492847690837,88.25416643908787,24,1.6992379621794953,1.0196319030248269,100.0,1.0192903501058197,0.0003415529190071709,0.029563088475744955
2024-03-15 00:00:00-06:00,89.71710594311561,91.40851459654583,24,1.6914086534302157,1.0188526885218816,100.0,1.0192583850891381,0.0,0.0
2024-03-16 00:00:00-06:00,88.52586013343229,90.18714672671418,24,1.6612865932818863,1.018766116372977,100.0,1.019135703558553,0.0,0.0
2024-03-17 00:00:00-06:00,87.95113909572518,89.61457654389525,24,1.6634374481700718,1.018913199593238,100.0,1.0190835233863849,0.0,0.0
2024-03-18 00:00:00-06:00,85.94673036865684,87.6422767197549,24,1.6955463510980593,1.0197278749735474,100.0,1.0190835233863849,0.0006443515871625838,0.055379912124478674
2024-03-19 00:00:00-06:00,83.35824199559974,84.98546007397313,24,1.6272180783733887,1.019520782101658,100.0,1.0190835233863849,0.00043725871527322546,0.03644911780243057
2024-03-20 00:00:00-06:00,84.92316582440199,86.410624690609,24,1.4874588662070067,1.0175153487480986,100.0,1.0189920117617939,0.0,0.0
2024-03-21 00:00:00-06:00,84.52813806053923,85.96861678621697,24,1.4404787256777354,1.0170414108098071,100.0,1.0189071484861023,0.0,0.0
2024-03-22 00:00:00-06:00,86.24381397432009,87.68781439690139,24,1.444000422581297,1.0167432347439,100.0,1.018844031306991,0.0,0.0
2024-03-23 00:00:00-06:00,89.01829614130155,90.43810986050043,24,1.4198137191988849,1.015949684286758,100.0,1.0187612611052528,0.0,0.0
2024-03-24 00:00:00-06:00,86.9225268957072,88.33682465357438,24,1.414297757867189,1.0162707851275896,100.0,1.0187131235994575,0.0,0.0
2024-03-25 00:00:00-06:00,89.48205013100181,90.96210586818773,24,1.4800557371859213,1.016540252877746,100.0,1.0186724706881516,0.0,0.0
2024-03-26 00:00:00-06:00,87.3495895886844,88.84069750676267,24,1.4911079180782707,1.017070577264297,100.0,1.018660712051656,0.0,0.0
2024-03-27 00:00:00-06:00,68.2215645616011,69.43179867756388,19,1.210234115962777,1.0177397590298591,79.16666666666667,1.018609364735322,0.0,0.0
2024-03-28 00:00:00-06:00,50.479145243456806,53.081921238824265,14,2.602775995367459,1.0515614118031216,58.333333333333336,1.018609364735322,0.03295204706779953,1.6633911700046773
2024-03-29 00:00:00-06:00,87.13107722705765,92.99938575460038,24,5.868308527542737,1.0673503497753198,100.0,1.018609364735322,0.0487409850399978,4.246854531642909
2024-03-30 00:00:00-06:00,87.27480451789044,92.94281188008424,24,5.668007362193791,1.0649443719009637,100.0,1.018609364735322,0.04633500716564165,4.043878692716428
2024-03-31 00:00:00-06:00,89.51652320669939,95.28943039493129,24,5.772907188231898,1.0644898503810507,100.0,1.018609364735322,0.045880485645728664,4.107061558040508
2024-04-01 00:00:00-06:00,90.22054618409953,96.33716331645196,24,6.116617132352431,1.0677962769131453,100.0,1.018609364735322,0.04918691217782323,4.4376700817925485
2024-04-02 00:00:00-06:00,88.4249850674669,94.40117234380989,24,5.9761872763429835,1.0675848265259331,100.0,1.018609364735322,0.048975461790611075,4.33065447750708
2024-04-03 00:00:00-06:00,85.63212044853883,91.31309748666888,24,5.680977038130052,1.0663416602131681,100.0,1.018609364735322,0.047732295477846076,4.0874176756441605
2024-04-04 00:00:00-06:00,84.0064715787412,89.79203586169028,24,5.785564282949082,1.0688704593136749,100.0,1.018609364735322,0.050261094578352816,4.222257213212819
2024-04-05 00:00:00-06:00,87.2576455499554,93.14041016928807,24,5.882764619332676,1.0674183285860581,100.0,1.018660712051656,0.04875761653440214,4.254474821419507
2024-04-06 00:00:00-06:00,60.27229341089823,65.51804179149869,24,5.24574838060046,1.0870341592087476,100.0,1.0187124315546474,0.06832172765410016,4.117907215507405
2024-04-07 00:00:00-06:00,8.92943852559061,13.163669625796238,24,4.234231100205628,1.4741878325351445,100.0,1.0187124315546474,0.4554754009804971,4.067139592974082
2024-04-08 00:00:00-06:00,17.195793832071896,21.886335861140967,24,4.690542029069071,1.2727726370108448,100.0,1.0187124315546474,0.25406020545619734,4.368766913958597
2024-04-09 00:00:00-06:00,45.69048856839523,51.317725117350975,24,5.627236548955743,1.1231599119482427,100.0,1.0187124315546474,0.1044474803935953,4.772256408921251
2024-04-10 00:00:00-06:00,59.47464202871367,65.17428983769327,24,5.6996478089795986,1.0958332427831659,100.0,1.0187124315546474,0.07712081122851844,4.586732640780135
2024-04-11 00:00:00-06:00,59.995576453296714,65.63020016929704,24,5.634623716000327,1.0939173193941485,100.0,1.0187124315546474,0.07520488783950108,4.511960598036391
2024-04-12 00:00:00-06:00,23.944764250447115,27.84921029043711,19,3.9044460399899954,1.1630605337831668,79.16666666666667,1.0187124315546474,0.14434810222851935,3.4563812778613356
2024-04-16 00:00:00-06:00,9.773437234080687,11.339843796361585,13,1.566406562280898,1.1602718188866783,54.166666666666664,1.018697035131385,0.1415747837552932,1.3836722629609042
2024-04-17 00:00:00-06:00,38.15677473383064,41.2707757287629,24,3.114000994932262,1.081610697357272,100.0,1.018697035131385,0.06291366222588701,2.4005824372334805
2024-04-18 00:00:00-06:00,51.20849759403929,55.16943054751128,24,3.960932953471996,1.0773491342173853,100.0,1.018697035131385,0.05865209908600022,3.003485874930796
2024-04-19 00:00:00-06:00,62.51008393057248,67.7282545259142,24,5.218170595341718,1.0834772610629884,100.0,1.018697035131385,0.06478022593160326,4.049417360025967
2024-04-20 00:00:00-06:00,81.56712928371086,87.39146882881688,24,5.824339545106028,1.0714054741935017,100.0,1.018697035131385,0.05270843906211664,4.299276063322264
2024-04-21 00:00:00-06:00,84.27773338436484,90.09953260909242,24,5.8217992247275845,1.0690787351645559,100.0,1.018697035131385,0.05038170003317077,4.246055482846612
2024-04-22 00:00:00-06:00,85.47818059037888,91.37145258077231,24,5.89327199039343,1.0689447523296578,100.0,1.018697035131385,0.0502477171982727,4.295083444928241
2024-04-23 00:00:00-06:00,82.44605784670453,88.32542903682743,24,5.879371190122896,1.0713117321031245,100.0,1.018697035131385,0.05261469697173937,4.337874350118854
2024-04-24 00:00:00-06:00,89.2022318217688,95.26561551491844,24,6.063383693149632,1.0679734527860762,100.0,1.018697035131385,0.04927641765469115,4.395566430980061
2024-04-25 00:00:00-06:00,87.43197035560334,93.45690105911957,24,6.024930703516233,1.0689099271011695,100.0,1.018697035131385,0.0502128919697844,4.390212082171303
2024-04-26 00:00:00-06:00,85.80164214325325,91.74304218201526,24,5.941400038762012,1.0692457613904678,100.0,1.018697035131385,0.05054872625908269,4.337163721279081
2024-04-27 00:00:00-06:00,83.08832148293511,88.96165605232115,24,5.8733345693860315,1.0706878471554189,100.0,1.018697035131385,0.05199081202403377,4.319829303611766
2024-04-28 00:00:00-06:00,83.78298014245347,89.60014580486917,24,5.817165662415704,1.069431352913503,100.0,1.018697035131385,0.05073431778211801,4.250672339280118
2024-04-29 00:00:00-06:00,86.56920249737604,92.44254460303587,24,5.87334210565983,1.067845630272935,100.0,1.018697035131385,0.04914859514155001,4.254754685270395
2024-04-30 00:00:00-06:00,88.77415138090696,94.72518096724811,24,5.95102958634115,1.0670356122111133,100.0,1.0187021672724725,0.04833344493864078,4.290760557743628
2024-05-01 00:00:00-06:00,88.3667750212843,94.3065685547751,24,5.9397935334908,1.0672174981157807,100.0,1.0187021672724725,0.04851533084330817,4.287143325713788
2024-05-02 00:00:00-06:00,87.7169379450548,93.59584732959368,24,5.878909384538886,1.0670213703563318,100.0,1.0187021672724725,0.048319203083859286,4.238412538461385
2024-05-03 00:00:00-06:00,82.86356314110897,88.68049310609796,24,5.8169299649889865,1.0701988877196036,100.0,1.0187021672724725,0.05149672044713105,4.267201746330881
2024-05-04 00:00:00-06:00,82.01191447537634,87.5834566159976,24,5.571542140621261,1.067935764897844,100.0,1.0187021672724725,0.049233597625371495,4.0377415977670585
2024-05-05 00:00:00-06:00,80.57862682801546,86.1533647735261,24,5.574737945510648,1.0691838290742928,100.0,1.0187021672724725,0.05048166180182023,4.067742987986955
2024-05-06 00:00:00-06:00,77.92238721534888,83.39091324958117,24,5.468526034232298,1.0701791388798099,100.0,1.0187021672724725,0.05147697160733733,4.01120851426046
2024-05-07 00:00:00-06:00,78.01111063408034,83.51598240786957,24,5.504871773789233,1.070565227555988,100.0,1.0187021672724725,0.051863060283515505,4.045894933599306
2024-05-08 00:00:00-06:00,78.03158944705255,83.56121828565509,24,5.529628838602534,1.070863978009247,100.0,1.0187021672724725,0.052161810736774505,4.070269000226846
2024-05-09 00:00:00-06:00,81.28995313303143,86.83030849365532,24,5.540355360623892,1.068155474902994,100.0,1.0187021672724725,0.04945330763052147,4.020057059558476
2024-05-10 00:00:00-06:00,78.15989524259307,83.6388270657789,24,5.478931823185832,1.0700990169725828,100.0,1.0187021672724725,0.05139684970011027,4.01717238835992
2024-05-11 00:00:00-06:00,80.13337894427544,85.54861490703071,24,5.4152359627552755,1.0675777813702454,100.0,1.0187021672724725,0.04887561409777286,3.916568105631003
2024-05-12 00:00:00-06:00,77.74078592145231,83.14197840716108,24,5.401192485708762,1.0694769472894963,100.0,1.0187021672724725,0.050774780017023735,3.9472713035122773
2024-05-13 00:00:00-06:00,77.3901771122692,82.87575855239221,24,5.485581440123013,1.0708821409229383,100.0,1.0187021672724725,0.05217997365046578,4.038217402523087
2024-05-14 00:00:00-06:00,78.4091585531634,83.91283138186911,24,5.503672828705717,1.0701917088547008,100.0,1.0187021672724725,0.05148954158222829,4.037251629750638
2024-05-15 00:00:00-06:00,78.49604392774158,84.08881176958967,24,5.592767841848087,1.0712490408688167,100.0,1.0187021672724725,0.052546873596344135,4.124721698084113
2024-05-16 00:00:00-06:00,77.9393827851859,83.58013003278451,24,5.640747247598611,1.0723735170336859,100.0,1.0187021672724725,0.05367134976121335,4.183111873636803
2024-05-17 00:00:00-06:00,74.3104578201959,79.92332929728526,24,5.612871477089371,1.0755327263717103,100.0,1.0187021672724725,0.05683055909923773,4.223104864842055
2024-05-18 00:00:00-06:00,72.84145664255033,78.45862077989935,24,5.617164137349022,1.0771149342182122,100.0,1.0187021672724725,0.058412766945739714,4.254871030849496
2024-05-19 00:00:00-06:00,75.49870673271226,81.14107871989694,24,5.642371987184674,1.0747346839616783,100.0,1.0187021672724725,0.056032516689205725,4.230382545014149
2024-05-20 00:00:00-06:00,77.76225167681454,83.41374874214698,24,5.6514970653324355,1.0726766129255163,100.0,1.0187021672724725,0.05397444565304377,4.197174426988538
2024-05-21 00:00:00-06:00,81.33643733153299,86.93933180720899,24,5.6028944756759955,1.0688854178950353,100.0,1.0187021672724725,0.05018325062256279,4.081726819354692
2024-05-22 00:00:00-06:00,82.12158812288149,87.73938232724718,24,5.617794204365694,1.0684082508969455,100.0,1.0187021672724725,0.04970608362447293,4.0819425266104705
2024-05-23 00:00:00-06:00,80.85577330295443,86.52887147194743,24,5.673098168992993,1.0701631799096984,100.0,1.0187021672724725,0.05146101263722591,4.1609199717360115
2024-05-24 00:00:00-06:00,81.15596483143386,86.79397853374434,24,5.638013702310474,1.069471340942357,100.0,1.0187021672724725,0.05076917366988454,4.120221272874107
2024-05-25 00:00:00-06:00,79.89735500426843,85.55175004308006,24,5.654395038811629,1.0707707412655845,100.0,1.0187021672724725,0.05206857399311193,4.1601413408936825
2024-05-26 00:00:00-06:00,77.68021158763067,83.2737555131694,24,5.593543925538739,1.0720073209279135,100.0,1.0187021672724725,0.05330515365544097,4.140755614665819
2024-05-27 00:00:00-06:00,75.33755547855691,81.02528970960438,24,5.687734231047472,1.0754966655729405,100.0,1.0187021672724725,0.05679449830046801,4.278758666588315
2024-05-28 00:00:00-06:00,80.61308704096251,86.5032010434988,24,5.8901140025362935,1.0730664736799287,100.0,1.0187021672724725,0.05436430640745615,4.382474564345819
2024-05-29 00:00:00-06:00,75.24627789529268,81.27199216845736,24,6.025714273164681,1.08007989819177,100.0,1.0187021672724725,0.061377730919297546,4.618445797335961
2024-05-30 00:00:00-06:00,73.4339553214054,79.34717923298435,24,5.913223911578939,1.080524382565231,100.0,1.0187021672724725,0.06182221529275855,4.539849795678737
2024-05-31 00:00:00-06:00,76.409743875512,82.42188495070569,24,6.012141075193682,1.0786829109778036,100.0,1.0187021672724725,0.05998074370533102,4.583113263987072
2024-06-01 00:00:00-06:00,67.61934091203474,73.47029117397489,24,5.850950261940142,1.0865277623683374,100.0,1.0187021672724725,0.06782559509586483,4.586322037348916
2024-06-02 00:00:00-06:00,64.05757218119636,69.98398802682526,24,5.926415845628895,1.0925170224819816,100.0,1.0187021672724725,0.07381485520950903,4.728400415627683
2024-06-03 00:00:00-06:00,64.98815217616935,70.91867991834575,24,5.930527742176395,1.0912555218695859,100.0,1.0187021672724725,0.07255335459711332,4.715108449448777
2024-06-04 00:00:00-06:00,78.31900412999626,84.33909411781508,24,6.020089987818821,1.076866273450394,100.0,1.0187021672724725,0.05816410617792145,4.555354871966171
2024-06-05 00:00:00-06:00,75.20421048311658,81.30417276936832,24,6.099962286251738,1.0811119782664453,100.0,1.0187021672724725,0.0624098109939728,4.693480562202254
2024-06-06 00:00:00-06:00,73.41281579478743,79.75129273716843,24,6.338476942380993,1.0863401965141766,100.0,1.0187021672724725,0.06763802924170403,4.965498181443664
2024-06-07 00:00:00-06:00,80.56920027118893,87.10722384055926,24,6.538023569370324,1.0811479268425639,100.0,1.0187021672724725,0.06244575957009135,5.031204908889203
2024-06-08 00:00:00-06:00,78.82832889126479,85.59244134572874,24,6.764112454463955,1.085808142194595,100.0,1.018736154146542,0.06707198804805303,5.2871727332429055
2024-06-09 00:00:00-06:00,77.32568256353181,84.20164195472131,24,6.875959391189497,1.088922065260014,100.0,1.0188180596623198,0.07010400559769425,5.420840083279363
2024-06-10 00:00:00-06:00,83.64007987068264,90.55302327009012,24,6.912943399407482,1.0826510855811675,100.0,1.0188180596623198,0.06383302591884776,5.338999386239782
2024-06-11 00:00:00-06:00,83.1324891866933,90.11779391661311,24,6.985304729919804,1.0840261707337149,100.0,1.0188180596623198,0.06520811107139513,5.420912588527451
2024-06-12 00:00:00-06:00,83.7286740825881,90.3265070508817,24,6.597832968293602,1.0788001606449142,100.0,1.0188180596623198,0.05998210098259449,5.022221783960541
2024-06-13 00:00:00-06:00,83.67267319105528,90.52491747460769,24,6.852244283552409,1.081893454842852,100.0,1.0188543663051335,0.06303908853771856,5.274649053478524
2024-06-14 00:00:00-06:00,82.50792690684725,89.2713372787444,24,6.763410371897152,1.0819728555237262,100.0,1.01927774909829,0.06269510642543619,5.172843258366898
2024-06-15 00:00:00-06:00,82.12313178556,88.48289455435176,24,6.359762768791754,1.0774417953932685,100.0,1.0196450378247917,0.0577967575684768,4.746450738574083
2024-06-16 00:00:00-06:00,82.00377963517401,88.54902329457406,24,6.545243659400043,1.0798163656421584,100.0,1.0387451599225361,0.041071205719622306,3.3679941031828062
2024-06-17 00:00:00-06:00,62.88264281205336,68.8463935637159,24,5.963750751662545,1.0948393783239563,100.0,1.059318474949879,0.03552090337407732,2.2336482792335652
2024-06-18 00:00:00-06:00,62.23070805674581,67.35400617965698,24,5.123298122911166,1.0823274920516641,100.0,1.0647625632929985,0.017564928758665665,1.0930779536180617
2024-06-19 00:00:00-06:00,62.81826987575056,68.02002422851389,24,5.201754352763331,1.0828063931568312,100.0,1.0657827448882864,0.017023648268544855,1.0693961312033045
2024-06-20 00:00:00-06:00,61.00057074361256,66.55818743271968,24,5.557616689107114,1.0911076178691175,100.0,1.0667494862990663,0.024358131570051178,1.4858599280211295
2024-06-21 00:00:00-06:00,62.609861622408204,68.43709315873906,24,5.827231536330856,1.0930721037442013,100.0,1.0670299154692007,0.0260421882750006,1.630497804242489
2024-06-22 00:00:00-06:00,63.607214848257314,68.9383352906715,24,5.331120442414189,1.0838131406182807,100.0,1.0671447437539137,0.016668396864367052,1.0602303005278135
2024-06-23 00:00:00-06:00,64.4139401549182,69.92116108548397,24,5.507220930565779,1.0854973460297674,100.0,1.0672972091115043,0.018200136918263166,1.172342530264321
2024-06-24 00:00:00-06:00,64.37048117110555,69.98949280643143,24,5.619011635325876,1.0872917451151216,100.0,1.0673911370617628,0.019900608053358804,1.2810117159922845
2024-06-25 00:00:00-06:00,65.17422136969246,70.83440237507006,24,5.660181005377595,1.0868469294519214,100.0,1.0675140002565704,0.019332929195351012,1.2600086071023973
2024-06-26 00:00:00-06:00,63.72086222100709,69.77751248704055,24,6.056650266033465,1.0950497224131526,100.0,1.067582008463658,0.027467713949494543,1.7502664161017762
2024-06-27 00:00:00-06:00,64.1259771102066,70.02771403460689,24,5.901736924400282,1.0920334814432158,100.0,1.0677116967582605,0.024321784684955272,1.5596582079868153
2024-06-28 00:00:00-06:00,62.31662422445756,67.89461249486772,24,5.577988270410152,1.0895104370596016,100.0,1.067825888929019,0.021684548130582515,1.3513078373306744
2024-06-29 00:00:00-06:00,65.50176228007842,71.10139606158225,24,5.599633781503826,1.0854882920181659,100.0,1.0678997110478805,0.017588580970285372,1.1520830495595435
2024-06-30 00:00:00-06:00,65.3773023047488,71.47930263329329,24,6.1020003285444915,1.0933351501733846,100.0,1.0679583776307833,0.02537677254260129,1.6590649300364932
2024-07-01 00:00:00-06:00,64.2707473086747,70.15828109523657,24,5.887533786561875,1.0916051863888507,100.0,1.0680826660562268,0.02352252033262392,1.5118099603612347
2024-07-02 00:00:00-06:00,63.03303620132625,68.65911669626797,24,5.626080494941725,1.089256060535814,100.0,1.068307140499365,0.020948920036448992,1.320474035036178
2024-07-03 00:00:00-06:00,61.45606661566776,66.89057097398981,24,5.434504358322052,1.0884290950852453,100.0,1.068307140499365,0.020121954585880397,1.2366161814673071
2024-07-04 00:00:00-06:00,61.62050504891686,66.89960029917677,24,5.279095250259907,1.0856710805286187,100.0,1.0686945510957995,0.016976529432819243,1.046102317628124
2024-07-05 00:00:00-06:00,64.06796761539269,69.33914824606849,24,5.271180630675801,1.082274821987788,100.0,1.0686945510957995,0.013580270891988544,0.870060355716182
2024-07-06 00:00:00-06:00,66.00421308330326,71.29564574664282,24,5.291432663339563,1.0801681046732774,100.0,1.0686945510957995,0.011473553577477924,0.7573028751505493
2024-07-07 00:00:00-06:00,64.20987976293037,69.49590622055311,24,5.286026457622739,1.0823241918087887,100.0,1.0686945510957995,0.013629640712989222,0.8751575913929784
2024-07-08 00:00:00-06:00,63.69712451658242,69.04658497928887,24,5.349460462706446,1.0839827622252212,100.0,1.0686945510957995,0.015288211129421692,0.9738150879465747
2024-07-09 00:00:00-06:00,57.97993791813422,63.356573313546704,24,5.376635395412485,1.0927326863130506,100.0,1.0686945510957995,0.024038135217251178,1.393729587563939
2024-07-10 00:00:00-06:00,64.00309696430185,69.497168061096,24,5.494071096794158,1.0858407070498246,100.0,1.0686945510957995,0.017146155954025133,1.097407082090512
2024-07-11 00:00:00-06:00,63.836862626875025,69.48548939459955,24,5.648626767724529,1.0884853442867426,100.0,1.0686945510957995,0.019790793190943123,1.2633821462071297
2024-07-12 00:00:00-06:00,63.880340092980134,69.41991763900815,24,5.539577546028013,1.0867180346561236,100.0,1.0687422677956084,0.017975766860515163,1.1482981004818305
2024-07-13 00:00:00-06:00,56.73508117511609,62.458949407114346,24,5.723868231998253,1.1008876362462796,100.0,1.0687899844954174,0.03209765175086221,1.8210628776157747
2024-07-14 00:00:00-06:00,63.31529395550406,68.94325575772265,24,5.627961802218593,1.0888878729075118,100.0,1.0688377011952264,0.020050171712285403,1.2694825158216825
2024-07-15 00:00:00-06:00,61.972254830025115,67.86712661547152,24,5.894871785446405,1.0951211441574074,100.0,1.0688377011952264,0.026283442962180992,1.6288442250627106
2024-07-16 00:00:00-06:00,63.033756226149954,68.97645480577239,24,5.942698579622437,1.094278033476245,100.0,1.0688377011952264,0.025440332281018607,1.6035997033139804
2024-07-17 00:00:00-06:00,61.20441819365654,67.05634788152092,24,5.851929687864384,1.0956128635901468,100.0,1.0688377011952264,0.026775162394920393,1.638758236421774
2024-07-18 00:00:00-06:00,62.37879366777292,68.2833622872806,24,5.904568619507678,1.0946566657084646,100.0,1.0688377011952264,0.025818964513238285,1.610555860086842
2024-07-19 00:00:00-06:00,62.93739645172805,68.67772855990489,24,5.740332108176844,1.0912070157299816,100.0,1.0688377011952264,0.022369314534755214,1.4078664172272914
2024-07-20 00:00:00-06:00,62.904752490197055,68.72504899062615,24,5.8202965004290945,1.0925255448916378,100.0,1.0688377011952264,0.023687843696411415,1.4900779447492345
2024-07-21 00:00:00-06:00,61.27907647393414,66.81718765392844,24,5.538111179994303,1.0903752389667623,100.0,1.0688377011952264,0.021537537771535886,1.3198004241621926
2024-07-22 00:00:00-06:00,62.994108073175624,68.50303168951372,24,5.508923616338095,1.0874514106928663,100.0,1.0688377011952264,0.018613709497639963,1.1725540277370274
2024-07-23 00:00:00-06:00,62.538261361920135,68.0827773211249,24,5.544515959204759,1.0886579805459837,100.0,1.0689074761805561,0.01975050436542758,1.2351622040348544
2024-07-24 00:00:00-06:00,61.195816616532454,66.82002352304943,24,5.624206906516974,1.091905087920627,100.0,1.069153987956367,0.022751099964259947,1.3922721412372498
2024-07-25 00:00:00-06:00,63.64405605552964,69.51137946485144,24,5.867323409321806,1.0921896524665642,100.0,1.069153987956367,0.02303566451019723,1.466083123363367
2024-07-26 00:00:00-06:00,60.906379520830704,66.8792203711457,24,5.972840850315002,1.0980659316364754,100.0,1.069153987956367,0.02891194368010841,1.7609218144655656
2024-07-27 00:00:00-06:00,56.38767076197912,62.28650928094995,24,5.898838518970827,1.104612204037842,100.0,1.069153987956367,0.03545821608147515,1.999406214209334
2024-07-28 00:00:00-06:00,47.150207746582154,52.6353079635804,24,5.485100216998248,1.1163324718838774,100.0,1.0694425897555506,0.04688988212832679,2.210867683563358
2024-07-29 00:00:00-06:00,26.411839541312784,31.360390110765497,24,4.948550569452713,1.1873610719810828,100.0,1.0694763866547823,0.11788468532630048,3.113551393216398
2024-07-30 00:00:00-06:00,40.400219194669134,45.51865652824832,24,5.1184373335791875,1.1266933060168784,100.0,1.070036810004274,0.05665649601260436,2.288934857711114
2024-07-31 00:00:00-06:00,60.96433935061854,66.46450470678123,24,5.5001653561626895,1.0902193875099688,100.0,1.070156763615987,0.020062623893981835,1.2231046113365365
2024-08-01 00:00:00-06:00,60.17484279218267,65.92903176159217,24,5.754188969409498,1.0956244952609502,100.0,1.070156763615987,0.025467731644963187,1.5325167480091557
2024-08-02 00:00:00-06:00,11.633718032675123,12.861674003587632,5,1.2279559709125092,1.1055514640688042,20.833333333333332,1.0701775429827987,0.035373921086005566,0.4115302236246897
2024-08-03 00:00:00-06:00,38.28553294822955,41.686861020265994,18,3.401328072036442,1.0888410793872396,75.0,1.0701904518572118,0.018650627530027775,0.7140492148060356
2024-08-04 00:00:00-06:00,54.57917971597541,59.39685292414837,24,4.8176732081729625,1.088269432286151,100.0,1.0705278756858594,0.01774155660029164,0.9683196061284671
2024-08-05 00:00:00-06:00,60.83504341547472,66.93972993392184,24,6.104686518447117,1.1003481903802548,100.0,1.0707128380244961,0.02963535235575865,1.8028679471954685
2024-08-06 00:00:00-06:00,60.9023869586516,66.86535527383288,24,5.9629683151812785,1.0979102562799339,100.0,1.0707128380244961,0.027197418255437755,1.6563876908689652
2024-08-07 00:00:00-06:00,60.545645308045486,66.41035270226845,24,5.864707394222968,1.0968642313478432,100.0,1.070871000957203,0.025993230390640276,1.5737769076420147
2024-08-08 00:00:00-06:00,57.01391515671628,62.643417022026064,24,5.629501865309784,1.098739085885187,100.0,1.0712123508742288,0.02752673501095826,1.5694069344561858
2024-08-09 00:00:00-06:00,58.81691954853913,64.19189750975757,24,5.374977961218434,1.0913848940487727,100.0,1.0719314929220038,0.019453401126768854,1.1441891290186241
2024-08-10 00:00:00-06:00,57.27478583005134,62.830651592964855,24,5.555865762913513,1.097003693377382,100.0,1.0723368974231087,0.024666795954273235,1.4127854553945765
2024-08-11 00:00:00-06:00,58.436781816698,63.83210523758991,24,5.395323420891906,1.0923275247739639,100.0,1.0726463033363334,0.019681221437630514,1.1501072430369337
2024-08-12 00:00:00-06:00,59.07720107361613,64.86033800754129,24,5.783136933925157,1.0978911801647269,100.0,1.0730274876044874,0.02486369256023946,1.46887736481384
2024-08-13 00:00:00-06:00,57.750936015546145,63.84708818482664,24,6.096152169280494,1.1055593656116578,100.0,1.0745678629335034,0.030991502678154426,1.7897882881917233
2024-08-14 00:00:00-06:00,57.339266699929986,62.865062137893766,24,5.5257954379637795,1.0963701797388095,100.0,1.0754204674118144,0.02094971232699505,1.20124114240438
2024-08-15 00:00:00-06:00,59.70818695223259,65.19455991570803,24,5.486372963475439,1.0918864437780471,100.0,1.0754204674118144,0.016465976366232704,0.9831535952260657
2024-08-16 00:00:00-06:00,63.1881769273118,68.90587614631205,24,5.717699219000252,1.0904868520827493,100.0,1.0754204674118144,0.015066384670934907,0.9520173802419732
2024-08-17 00:00:00-06:00,40.5652823336725,44.3238885060579,17,3.7586061723853987,1.092655738014313,70.83333333333333,1.0767293126626487,0.01592642535166422,0.6460599409564184
2024-08-18 00:00:00-06:00,53.50537970925898,59.02896833212608,24,5.523588622867095,1.103234266402398,100.0,1.077384243198981,0.025850023203416894,1.3831153069919762
2024-08-19 00:00:00-06:00,59.9493594211847,65.91093646418408,24,5.961577042999373,1.0994435486977479,100.0,1.07855879941935,0.020884749278397896,1.2520273409120033
2024-08-20 00:00:00-06:00,56.464932436470626,61.86805449819511,22,5.403122061724481,1.095689870306736,91.66666666666667,1.0787884356782032,0.016901434628532774,0.9543383643795281
2024-08-21 00:00:00-06:00,41.88566964954634,46.02404546055283,17,4.13837581100649,1.098801710600115,70.83333333333333,1.079714745142434,0.01908696545768085,0.799470329772722
2024-08-22 00:00:00-06:00,60.12150232194656,65.84230398577019,24,5.720801663823629,1.095154003856875,100.0,1.080053544936809,0.015100458920066062,0.9078622760252104
2024-08-23 00:00:00-06:00,56.0574150142655,61.90018171574026,24,5.842766701474758,1.1042282577601534,100.0,1.0801592840251266,0.02406897373502681,1.3492444496318539
2024-08-24 00:00:00-06:00,56.30284293076021,61.89538972126239,24,5.592546790502183,1.0993297407269427,100.0,1.0804887547760358,0.018840985950906886,1.06080107265457
2024-08-25 00:00:00-06:00,59.83698432509163,65.34458487718808,24,5.507600552096456,1.092043417866347,100.0,1.081053218696324,0.010990199170022974,0.6576203754662997
2024-08-26 00:00:00-06:00,58.2816224219583,64.00450530715682,24,5.722882885198516,1.098193609707103,100.0,1.081144331984952,0.017049277722150924,0.9936595667695055
2024-08-27 00:00:00-06:00,57.556847155423576,63.03478071038724,24,5.477933554963663,1.0951743159275442,100.0,1.0818189020428233,0.013355413884720946,0.7686955156603053
2024-08-28 00:00:00-06:00,32.4986659162,35.41103091215816,13,2.912364995958164,1.089614909223286,54.166666666666664,1.0819649154556388,0.007649993767647301,0.24861459171578174
2024-08-29 00:00:00-06:00,19.97595224901721,22.758026756444853,13,2.782074507427641,1.1392711833081457,54.166666666666664,1.0822446253413818,0.057026557966763924,1.1391597988698883
2024-08-30 00:00:00-06:00,49.57500495914203,54.921577940495,24,5.3465729813529705,1.1078481582757163,100.0,1.0822446253413818,0.025603532934334483,1.2692952721911883
2024-08-31 00:00:00-06:00,62.12853920242015,67.5153159978066,24,5.386776795386446,1.086703741381008,100.0,1.0822446253413818,0.004459116039626121,0.27703836567605195
2024-09-01 00:00:00-06:00,62.2767514141739,67.60995918031391,24,5.333207766140006,1.0856372184649021,100.0,1.0822446253413818,0.00339259312352036,0.21127967860291322
2024-09-02 00:00:00-06:00,61.63119436013525,66.96570921366397,24,5.334514853528724,1.086555435261518,100.0,1.0823192548266887,0.0042361804348294285,0.26108085972357475
2024-09-03 00:00:00-06:00,60.82326085184242,66.32763136622332,24,5.504370514380895,1.0904977871506893,100.0,1.0823271620273767,0.00817062512331268,0.4969640631978643
2024-09-04 00:00:00-06:00,61.145626630806234,66.75921566265549,24,5.6135890318492585,1.091806877141742,100.0,1.0823271620273767,0.009479715114365295,0.579643120949391
2024-09-05 00:00:00-06:00,56.21697223417045,61.73121544709637,24,5.514243212925919,1.0980885841727026,100.0,1.0826187262282172,0.01546985794448541,0.8696685745316974
2024-09-06 00:00:00-06:00,61.05543292686313,66.52176285010012,24,5.466329923236984,1.0895306062244283,100.0,1.0826187262282172,0.006911879996211123,0.42200782550719523
2024-09-07 00:00:00-06:00,57.68735778156766,63.08193875799753,24,5.3945809764298644,1.093514093622668,100.0,1.0826187262282172,0.010895367394450739,0.6285249570453064
2024-09-08 00:00:00-06:00,55.243017768182796,60.621548590301735,24,5.37853082211894,1.0973612782105597,100.0,1.0827585030463145,0.01460277516424524,0.8067013678631783
2024-09-09 00:00:00-06:00,57.47017168504257,62.893789660802,24,5.423617975759427,1.094372747057079,100.0,1.0827585030463145,0.011614244010764496,0.667472597290613
2024-09-10 00:00:00-06:00,59.7067775880486,65.14787794338618,24,5.441100355337575,1.0911303636729293,100.0,1.0837124658721358,0.007417897800793494,0.442898774162852
2024-09-11 00:00:00-06:00,58.23253854255398,63.70211328568922,24,5.46957474313524,1.0939264349456155,100.0,1.0839658000645271,0.009960634881088337,0.5800330546212842
2024-09-12 00:00:00-06:00,61.8919995524692,67.34285350471743,24,5.450853952248224,1.0880704128427332,100.0,1.0853377390388714,0.0027326738038617737,0.1691306458456572
2024-09-13 00:00:00-06:00,59.306402458511954,64.65960960947712,24,5.3532071509651615,1.0902635622639565,100.0,1.0854964406286074,0.004767121635349092,0.2827208342746929
2024-09-14 00:00:00-06:00,57.95688348416362,63.35352988674371,24,5.396646402580089,1.0931148481104007,100.0,1.0856232312213887,0.007491616889012009,0.43419076714446136
2024-09-15 00:00:00-06:00,60.73535076833967,66.15522295133626,24,5.419872182996585,1.0892375217139911,100.0,1.0856232312213887,0.0036142904926024233,0.21951520084688336
2024-09-16 00:00:00-06:00,59.510554097458034,64.96758502645322,24,5.457030928995188,1.091698540061624,100.0,1.085667694322247,0.0060308457393769554,0.3588989716266166
2024-09-17 00:00:00-06:00,60.852199842122,66.75950521730472,24,5.907305375182723,1.0970762830351068,100.0,1.0858237443977041,0.01125253863740272,0.6847417298944295
2024-09-18 00:00:00-06:00,59.182182681376396,65.31484648101213,24,6.132663799635729,1.1036234812874783,100.0,1.0858237443977041,0.01779973688977421,1.0534272802910518
2024-09-19 00:00:00-06:00,52.54447447741422,58.65790430254557,24,6.113429825131348,1.1163477204012984,100.0,1.0858237443977041,0.030523976003594244,1.6038662780700619
2024-09-20 00:00:00-06:00,59.36316483841251,65.5464141411607,24,6.183249302748187,1.1041596976774923,100.0,1.0864839624403488,0.017675735237143497,1.049287584522686
2024-09-21 00:00:00-06:00,60.807852178318534,66.91744953557159,24,6.109597357253058,1.1004738226789645,100.0,1.086688910769059,0.013784911909905606,0.8382308857086828
2024-09-22 00:00:00-06:00,62.5940043053743,68.70158941055786,24,6.10758510518356,1.0975746027588646,100.0,1.086688910769059,0.010885691989805713,0.6813790512768773
2024-09-23 00:00:00-06:00,62.50489615810683,68.6795927720123,24,6.174696613905468,1.0987874069622723,100.0,1.086688910769059,0.012098496193213348,0.7562152482260511
2024-09-24 00:00:00-06:00,59.932698559726624,66.0950150669668,24,6.16231650724017,1.1028206080375147,100.0,1.086688910769059,0.016131697268455758,0.9668161496471244
2024-09-25 00:00:00-06:00,60.244453585580665,66.5133306714473,24,6.268877085866642,1.1040573316340456,100.0,1.086688910769059,0.01736842086498669,1.0463510246555214
2024-09-26 00:00:00-06:00,57.41951733998811,63.74929943682303,24,6.3297820968349185,1.1102374661102685,100.0,1.086688910769059,0.023548555341209587,1.3521466817462535
2024-09-27 00:00:00-06:00,51.909722952279886,58.08319960889398,24,6.173476656614092,1.1189271740534872,100.0,1.0867166053286121,0.032210568724875044,1.6720416986436346
2024-09-28 00:00:00-06:00,60.784969143272086,67.05523071761316,24,6.27026157434107,1.1031548039378265,100.0,1.0867166053286121,0.01643819860921436,0.999195395232073
2024-09-29 00:00:00-06:00,64.35215746435242,70.59240974114323,24,6.240252276790812,1.0969703662266113,100.0,1.0867166053286121,0.01025376089799912,0.6598516359098591
2024-09-30 00:00:00-06:00,40.14744777089103,44.931175477484814,19,4.783727706593787,1.1191539679905191,79.16666666666667,1.0867166053286121,0.032437362661907,1.302277323294362
2024-10-03 00:00:00-06:00,10.238144039818053,12.761850027265492,17,2.523705987447439,1.2465003400647887,70.83333333333333,1.087884712197773,0.15861562786701566,1.6239296450686846
2024-10-04 00:00:00-06:00,12.408764683259937,15.791882484110573,24,3.383117800850636,1.2726393712191704,100.0,1.0882097264531256,0.18442964476604473,2.2885440625190716
2024-10-05 00:00:00-06:00,12.98500259056672,16.40944432071594,24,3.424441730149221,1.263722837655573,100.0,1.088420570686565,0.17530226696900786,2.276300390724786
2024-10-06 00:00:00-06:00,12.58611035443009,16.457856145305254,24,3.8717457908751634,1.307620518321006,100.0,1.0886061896682113,0.21901432865279458,2.756538509625493
2024-10-07 00:00:00-06:00,20.947512441640907,25.829546841511142,24,4.882034399870236,1.233060341339881,100.0,1.0886061896682113,0.14445415167166975,3.0259551393889845
2024-10-08 00:00:00-06:00,33.05380312124725,38.75662499352005,24,5.7028218722728,1.1725314890802077,100.0,1.0887861497348628,0.0837453393453449,2.768101959043071
2024-10-09 00:00:00-06:00,37.3287284928785,43.0724873795804,24,5.7437588867019045,1.1538696633558705,100.0,1.0888738348514302,0.0649958285044403,2.426211635411945
2024-10-10 00:00:00-06:00,52.46065144712379,58.35860142950983,24,5.897949982386045,1.1124261674167488,100.0,1.0891326270720474,0.023293540344701436,1.2219943009928977
2024-10-11 00:00:00-06:00,55.47008972458629,61.39944609615499,24,5.929356371568701,1.1068928570515832,100.0,1.0891326270720474,0.017760229979535858,0.9851615504941413
2024-10-12 00:00:00-06:00,66.29127590915755,72.33913325540732,24,6.047857346249771,1.0912315725305615,100.0,1.0894426808712971,0.0017888916592643245,0.11858791055588198
2024-10-13 00:00:00-06:00,64.13036810547865,70.13955593950794,24,6.009187834029291,1.0937026873780868,100.0,1.0894426808712971,0.004260006506789704,0.273195785412158
2024-10-14 00:00:00-06:00,46.99791846870521,52.942486884444854,24,5.944568415739646,1.1264857808478899,100.0,1.0894426808712971,0.03704309997659272,1.7409485925280004
2024-10-15 00:00:00-06:00,53.41773531507065,59.42314216817395,24,6.0054068531033025,1.112423464186229,100.0,1.0894426808712971,0.022980783314931807,1.2275814004500192
2024-10-16 00:00:00-06:00,65.26519630691172,71.34382248442978,24,6.078626177518061,1.0931373307901062,100.0,1.0894426808712971,0.0036946499188090787,0.24113205223638995
2024-10-17 00:00:00-06:00,63.0459994838741,69.08403993278888,24,6.038040448914785,1.0957719839219806,100.0,1.0894426808712971,0.006329303050683466,0.39903723686667253
2024-10-18 00:00:00-06:00,65.27888513984594,71.3135664278753,24,6.034681288029361,1.0924446132176027,100.0,1.0894426808712971,0.0030019323463055247,0.19596279683206658
2024-10-19 00:00:00-06:00,63.45091072443308,69.45849319544823,24,6.007582471015148,1.0946807918503494,100.0,1.0894426808712971,0.005238110979052246,0.3323629120965168
2024-10-20 00:00:00-06:00,62.633102852596544,68.66698797522797,24,6.033885122631425,1.0963369982935673,100.0,1.0895896183236287,0.006747379969938683,0.4226093436427193
2024-10-21 00:00:00-06:00,62.3082559563942,68.29524441743308,24,5.986988461038884,1.0960865999078648,100.0,1.090038044023964,0.006048555883900741,0.37687496818064153
2024-10-22 00:00:00-06:00,64.98750072568613,71.05421261389345,24,6.0667118882073225,1.0933519803110303,100.0,1.090038044023964,0.0033139362870662215,0.21536443686059367
2024-10-23 00:00:00-06:00,61.125905020115596,67.04851860117145,24,5.922613581055856,1.096892039129839,100.0,1.090038044023964,0.0068539951058748105,0.4189566538500408
2024-10-24 00:00:00-06:00,63.43808372797614,69.3554788482241,24,5.917395120247953,1.0932782765889,100.0,1.090038044023964,0.0032402325649358854,0.2055541447525176
2024-10-25 00:00:00-06:00,66.2559657156954,72.15104139932683,24,5.895075683631433,1.0889742624675824,100.0,1.0895896183236287,0.0,0.0
2024-10-26 00:00:00-06:00,66.62991161251375,72.49697485718139,24,5.867063244667634,1.0880544953862095,100.0,1.0894426808712971,0.0,0.0
2024-10-27 00:00:00-06:00,66.38702761698893,72.24097071201365,24,5.853943095024718,1.0881790208894162,100.0,1.0891585439400686,0.0,0.0
2024-10-28 00:00:00-06:00,65.66583796758461,71.5610361133123,24,5.89519814572769,1.0897757240018442,100.0,1.0891585439400686,0.0006171800617755796,0.04052764593337907
2024-10-29 00:00:00-06:00,54.50350614591877,60.4140155840878,24,5.910509438169029,1.1084427380202881,100.0,1.0891585439400686,0.01928419408021953,1.0510561905703355
2024-10-30 00:00:00-06:00,58.565051590112134,64.45519064193056,24,5.890139051818423,1.1005742997213186,100.0,1.0891585439400686,0.011415755781249981,0.668564326269026
2024-10-31 00:00:00-06:00,65.4759918708199,71.3892547674793,24,5.913262896659404,1.0903119254508722,100.0,1.0891585439400686,0.001153381510803575,0.07551879842532884
2024-11-01 00:00:00-06:00,57.5504516382203,63.377917657076615,24,5.827466018856313,1.1012583889956162,100.0,1.0894426808712971,0.011815708124319091,0.6799993389799526
2024-11-02 00:00:00-06:00,63.404133285223786,69.2246481546786,24,5.8205148694548186,1.091800243420586,100.0,1.0895896183236287,0.0022106250969573527,0.14016276829114474
2024-11-03 00:00:00-06:00,68.90905711121088,74.99396829656034,25,6.084911185349455,1.0883035037836775,100.0,1.0894426808712971,0.0,0.0
2024-11-04 00:00:00-07:00,66.00520298831538,71.93993468067944,24,5.934731692364068,1.0899130890244315,100.0,1.0894426808712971,0.0004704081531343718,0.03104938563499275
2024-11-05 00:00:00-07:00,64.09923541058987,70.03120037641554,24,5.931964965825671,1.092543459026122,100.0,1.0894426808712971,0.0031007781548249014,0.19875750890213584
2024-11-06 00:00:00-07:00,64.98050559109991,70.98512818491508,24,6.004622593815171,1.0924065231440365,100.0,1.0894426808712971,0.002963842272739381,0.19259196937487963
2024-11-07 00:00:00-07:00,67.01825225717704,73.03743125744485,24,6.019179000267812,1.089814025247476,100.0,1.0894426808712971,0.000371344376178806,0.024886851077035265
2024-11-08 00:00:00-07:00,65.37624614033354,71.28729734744704,24,5.911051207113502,1.090415885831455,100.0,1.0894426808712971,0.0009732049601578474,0.06362448702027293
2024-11-09 00:00:00-07:00,65.31484153440007,71.09623679038111,24,5.781395255981039,1.0885157970250312,100.0,1.0891585439400686,0.0,0.0
2024-11-10 00:00:00-07:00,66.24695487602168,72.01322256875758,24,5.766267692735909,1.0870420037196764,100.0,1.088836722834817,0.0,0.0
2024-11-11 00:00:00-07:00,66.94117812584253,72.65697897915062,24,5.715800853308096,1.0853854236410805,100.0,1.0884521090526251,0.0,0.0
2024-11-12 00:00:00-07:00,63.60002871063179,69.33898018601329,24,5.738951475381498,1.0902350453565461,100.0,1.0884521090526251,0.0017829363039210122,0.1133948001186041
2024-11-13 00:00:00-07:00,63.61354099984596,69.38624491493398,24,5.772703915088023,1.0907464641074138,100.0,1.0884521090526251,0.0022943550547886993,0.14595204934600475
2024-11-14 00:00:00-07:00,65.0859252800732,70.83331135910203,24,5.7473860790288285,1.0883045920342544,100.0,1.0883042655590813,3.2647517311801266e-07,2.1248938723357934e-05
2024-11-15 00:00:00-07:00,67.00371992477764,72.74864939854763,24,5.744929473769986,1.0857404556078316,100.0,1.088266158915399,0.0,0.0
2024-11-16 00:00:00-07:00,66.39759165254618,72.13333666061999,24,5.735745008073806,1.0863848351321015,100.0,1.0881464384754114,0.0,0.0
2024-11-17 00:00:00-07:00,66.57484910247854,72.34165001491012,24,5.766800912431577,1.0866213140574266,100.0,1.088065637605776,0.0,0.0
2024-11-18 00:00:00-07:00,63.69482094520111,69.44073123347798,24,5.745910288276868,1.0902100077056545,100.0,1.088065637605776,0.0021443700998784454,0.1365852695520006
2024-11-19 00:00:00-07:00,64.12043045402083,69.88916199989909,24,5.7687315458782535,1.0899671369176922,100.0,1.088065637605776,0.0019014993119161883,0.12192495438809042
2024-11-20 00:00:00-07:00,64.70443913039824,70.45854459194356,24,5.754105461545322,1.0889290679106132,100.0,1.088065637605776,0.0008634303048371539,0.05586777360267682
2024-11-21 00:00:00-07:00,63.97263188682565,69.70993847820944,24,5.737306591383785,1.089683766669686,100.0,1.088065637605776,0.001618129063909901,0.10351597495088188
2024-11-22 00:00:00-07:00,62.006982533701276,67.70759428070006,24,5.7006117469987885,1.0919349968997518,100.0,1.088065637605776,0.003869359293975805,0.23992729415817243
2024-11-23 00:00:00-07:00,51.05958953057606,56.60612162297042,24,5.546532092394358,1.1086286071507276,100.0,1.088065637605776,0.020562969544951626,1.0499367844949665
2024-11-24 00:00:00-07:00,50.51461832275807,56.0730551517827,24,5.558436829024629,1.1100362036492002,100.0,1.088065637605776,0.021970566043424178,1.1098347580185213
2024-11-25 00:00:00-07:00,53.23900776156971,59.003324253877594,24,5.764316492307884,1.1082724253262441,100.0,1.088065637605776,0.020206787720468133,1.0757893282863944
2024-11-26 00:00:00-07:00,51.01729539812127,56.83218764673266,24,5.814892248611393,1.113978841944364,100.0,1.088065637605776,0.025913204338587903,1.3220216004536167
2024-11-27 00:00:00-07:00,56.224787481389086,62.0689956855522,24,5.844208204163117,1.1039436246174803,100.0,1.088065637605776,0.015877987011704287,0.8927364453653297
2024-11-28 00:00:00-07:00,63.642509368591526,69.47484071758821,24,5.832331348996682,1.091642070792938,100.0,1.088065637605776,0.0035764331871619426,0.22761318262009558
2024-11-29 00:00:00-07:00,63.0240284932397,68.84011774878786,24,5.816089255548164,1.0922836796472322,100.0,1.0881464384754114,0.0041372411718207935,0.2607456054962381
2024-11-30 00:00:00-07:00,61.613308549169645,67.41763101329464,24,5.8043224641249935,1.0942056610950042,100.0,1.088266158915399,0.0059395021796051495,0.3659523804204777
2024-12-01 00:00:00-07:00,58.77807683844812,64.60710937904948,24,5.829032540601354,1.0991701813691945,100.0,1.0883042655590813,0.010865915810113203,0.6386776344069421
2024-12-02 00:00:00-07:00,56.1524965183737,61.95421499063709,24,5.8017184722633885,1.103320757437116,100.0,1.0883042655590813,0.015016491878034666,0.8432135078995285
2024-12-03 00:00:00-07:00,51.34241580548526,57.312919823457555,24,5.970504017972296,1.1162879448561986,100.0,1.0883042655590813,0.027983679297117314,1.4367496982399466
2024-12-04 00:00:00-07:00,49.64964984800972,55.87423926483766,24,6.224589416827939,1.1253702581162808,100.0,1.0883042655590813,0.037065992557199445,1.8403135517338869
2024-12-05 00:00:00-07:00,53.09718776166868,59.516313423216054,24,6.419125661547376,1.1208938916004398,100.0,1.0883042655590813,0.03258962604135851,1.73041749300058
2024-12-06 00:00:00-07:00,53.6840846581987,60.10432336059695,24,6.420238702398251,1.1195929621092597,100.0,1.0883042655590813,0.03128869655017841,1.6797050344444673
2024-12-07 00:00:00-07:00,49.076190782411445,55.41816308817362,24,6.341972305762177,1.129227069270321,100.0,1.0883042655590813,0.040922803711239686,2.008335322283974
2024-12-08 00:00:00-07:00,40.556758150106226,46.8570016276746,24,6.300243477568372,1.1553438628958037,100.0,1.0883042655590813,0.06703959733672238,2.718908735665955
2024-12-09 00:00:00-07:00,22.108166867830512,27.847769449167313,24,5.739602581336801,1.2596145856709842,100.0,1.0883042655590813,0.17131032011190284,3.7873571432154094
2024-12-10 00:00:00-07:00,21.03239896036757,26.62542364486108,24,5.5930246844935105,1.2659242388389804,100.0,1.0883042655590813,0.1776199732798991,3.735774141352665
2024-12-11 00:00:00-07:00,26.651657731657703,32.13502175614219,24,5.483364024484484,1.2057419497013564,100.0,1.0884524355277982,0.11728951417355815,3.125959987266087
2024-12-12 00:00:00-07:00,30.43134707591399,35.811050157914025,24,5.379703082000034,1.1767816281211554,100.0,1.0884524355277982,0.08832919259335714,2.6879763167437027
2024-12-13 00:00:00-07:00,47.88107174367532,53.064550407466356,24,5.1834786637910355,1.1082573650719447,100.0,1.0884524355277982,0.019804929544146477,0.9482812523817125
2024-12-14 00:00:00-07:00,61.01971748257507,66.16174516015596,24,5.1420276775808915,1.0842682970311892,100.0,1.0883042655590813,0.0,0.0
2024-12-15 00:00:00-07:00,53.67322517189309,58.7254788196582,24,5.052253647765113,1.0941298688794057,100.0,1.0883042655590813,0.005825603320324335,0.31267891877389603
2024-12-16 00:00:00-07:00,50.50938247304015,55.56823388231491,24,5.058851409274759,1.100156667169213,100.0,1.0883042655590813,0.011852401610131569,0.5986574861502123
2024-12-17 00:00:00-07:00,57.796042417851226,62.79723003431348,24,5.0011876164622535,1.0865316621561194,100.0,1.088266158915399,0.0,0.0
2024-12-18 00:00:00-07:00,51.216363040588206,56.21541266518848,24,4.999049624600275,1.0976064938589762,100.0,1.088266158915399,0.009340334943577222,0.47837798539094295
2024-12-19 00:00:00-07:00,40.20159118760795,45.08194157921403,24,4.880350391606079,1.1213969459276139,100.0,1.088266158915399,0.033130787012214835,1.3319103551887719
2024-12-20 00:00:00-07:00,11.103322763571674,14.828248046124491,24,3.7249252825528174,1.335478429463812,100.0,1.088266158915399,0.247212270548413,2.7448776310144334
2024-12-21 00:00:00-07:00,11.467416217521423,15.082585431031363,24,3.6151692135099402,1.3152557773202833,100.0,1.088266158915399,0.2269896184048843,2.6029844313051695
2024-12-22 00:00:00-07:00,13.664158097270727,17.292492926884982,24,3.6283348296142552,1.2655366546394817,100.0,1.088266158915399,0.1772704957240827,2.4222520795554208
2024-12-23 00:00:00-07:00,26.57179138025042,30.714844845668978,24,4.143053465418557,1.1559192380419596,100.0,1.088266158915399,0.0676530791265606,1.7976635047825427
2024-12-24 00:00:00-07:00,54.963579274467314,59.77324486074413,24,4.8096655862768145,1.0875064115140531,100.0,1.0881416632384542,0.0,0.0
2024-12-25 00:00:00-07:00,57.44445695645706,62.312744634258806,24,4.868287677801746,1.084747736086911,100.0,1.0878900702245626,0.0,0.0
2024-12-26 00:00:00-07:00,56.154959880756245,60.88992932593777,24,4.734969445181527,1.0843197013271155,100.0,1.08736708917574,0.0,0.0
2024-12-27 00:00:00-07:00,60.157455456407426,64.5157719843147,24,4.35831652790727,1.0724484853097798,100.0,1.0869157968210015,0.0,0.0
2024-12-28 00:00:00-07:00,60.09966840661409,64.269675502619,24,4.170007096004902,1.0693848602922738,100.0,1.0865944184870344,0.0,0.0
2024-12-29 00:00:00-07:00,60.17039716242134,64.36271298951677,24,4.1923158270954275,1.0696740594179373,100.0,1.0864876140489141,0.0,0.0
2024-12-30 00:00:00-07:00,58.95776489526039,63.175841320653895,24,4.218076425393505,1.0715440355123198,100.0,1.0862559592272476,0.0,0.0
2024-12-31 00:00:00-07:00,57.881158625853615,61.836232955647844,24,3.955074329794229,1.0683309460918018,100.0,1.0857049524111566,0.0,0.0
2025-01-01 00:00:00-07:00,59.95398882887972,63.807756196654914,24,3.853767367775191,1.0642787484711749,100.0,1.0853216548856635,0.0,0.0
2025-01-02 00:00:00-07:00,57.82672690206726,61.70307050690637,24,3.876343604839114,1.06703377162266,100.0,1.0847049326109315,0.0,0.0
2025-01-03 00:00:00-07:00,53.79886377710171,57.64361131472667,24,3.8447475376249614,1.0714652181792246,100.0,1.0843145608975229,0.0,0.0
2025-01-04 00:00:00-07:00,57.15176894179257,61.009793615141305,24,3.858024673348737,1.0675049039563067,100.0,1.0830863158590482,0.0,0.0
2025-01-05 00:00:00-07:00,57.252292429544994,61.15023103512794,24,3.8979386055829437,1.0680835376221793,100.0,1.0723580403300337,0.0,0.0
2025-01-06 00:00:00-07:00,55.08501466738338,58.981846857073215,24,3.8968321896898317,1.0707421467202984,100.0,1.0715361537790102,0.0,0.0
2025-01-07 00:00:00-07:00,56.79001877584502,60.70633106732297,24,3.9163122914779507,1.0689612783354758,100.0,1.071392911033332,0.0,0.0
2025-01-08 00:00:00-07:00,57.17527457996001,61.07662497186369,24,3.9013503919036765,1.0682349218357947,100.0,1.0706353379900624,0.0,0.0
2025-01-09 00:00:00-07:00,60.25647054808376,64.27640337578977,24,4.019932827706008,1.0667137120900263,100.0,1.069645139505371,0.0,0.0
2025-01-10 00:00:00-07:00,58.11315562148795,62.09277812214967,24,3.979622500661719,1.068480578246042,100.0,1.0693425020965939,0.0,0.0
2025-01-11 00:00:00-07:00,58.39278672084928,62.40004373088402,24,4.007257010034742,1.0686258908860047,100.0,1.0689277395905288,0.0,0.0
2025-01-12 00:00:00-07:00,61.149280970713235,65.15118126589933,24,4.00190029518609,1.0654447645443739,100.0,1.0686113596220084,0.0,0.0
2025-01-13 00:00:00-07:00,60.00030703761208,63.962572973663065,24,3.962265936050983,1.066037427667948,100.0,1.068465615030618,0.0,0.0
2025-01-14 00:00:00-07:00,60.16672481541571,64.1711565694399,24,4.004431754024189,1.0665555880980608,100.0,1.0683213436662011,0.0,0.0
2025-01-15 00:00:00-07:00,59.78644918429991,63.798699406498244,24,4.0122502221983325,1.067109692529657,100.0,1.0682197834144331,0.0,0.0
2025-01-16 00:00:00-07:00,57.14079519187917,61.16535404513966,24,4.024558853260487,1.0704323214219542,100.0,1.0682197834144331,0.002212538007521081,0.1264261811420105
2025-01-17 00:00:00-07:00,56.500312220918616,60.45454047749486,24,3.9542282565762434,1.0699859540795995,100.0,1.0682197834144331,0.0017661706651663778,0.09978919401732786
2025-01-18 00:00:00-07:00,61.97614693310178,65.94911611679501,24,3.9729691836932304,1.0641048109683509,100.0,1.068025674255592,0.0,0.0
2025-01-19 00:00:00-07:00,61.39301243032528,65.43002791061839,24,4.037015480293114,1.0657569211948137,100.0,1.0674653828136418,0.0,0.0
2025-01-20 00:00:00-07:00,61.60840326377495,65.81888586992909,24,4.210482606154137,1.0683426672839913,100.0,1.0674653828136418,0.0008772844703495153,0.05404809542634016
2025-01-21 00:00:00-07:00,63.993250936998535,68.26791543504004,24,4.274664498041503,1.066798676976888,100.0,1.0671021004389574,0.0,0.0
2025-01-22 00:00:00-07:00,64.23323164741757,68.32660998466122,24,4.093378337243649,1.063726800477868,100.0,1.0670102621580828,0.0,0.0
2025-01-23 00:00:00-07:00,61.7399178155696,65.73851475165176,24,3.9985969360821656,1.064765180738122,100.0,1.0667901804882018,0.0,0.0
2025-01-24 00:00:00-07:00,61.12590685074458,65.11830714039117,24,3.9924002896465893,1.0653143731576058,100.0,1.0666978996908298,0.0,0.0
2025-01-25 00:00:00-07:00,64.95202773198498,69.00177172933527,24,4.049743997350291,1.062349770111273,100.0,1.0665037720550496,0.0,0.0
2025-01-26 00:00:00-07:00,63.004009361672495,67.00713447007155,24,4.003125108399054,1.0635376248108155,100.0,1.0660093770206347,0.0,0.0
2025-01-27 00:00:00-07:00,60.89047645273115,64.8876871007751,24,3.9972106480439464,1.0656459085378804,100.0,1.0657458199291203,0.0,0.0
2025-01-28 00:00:00-07:00,62.20459546810022,66.26672804263809,24,4.06213257453787,1.065302772953825,100.0,1.0656257941385299,0.0,0.0
2025-01-29 00:00:00-07:00,62.984795636500955,67.07133102660809,24,4.086535390107137,1.0648812995074466,100.0,1.065431725405697,0.0,0.0
2025-01-30 00:00:00-07:00,64.55203325872533,68.67338109846358,24,4.121347839738249,1.0638453605825215,100.0,1.0653132131372278,0.0,0.0
2025-01-31 00:00:00-07:00,65.79211537593706,69.84480018409208,24,4.052684808155021,1.0615983356819876,100.0,1.065260625609187,0.0,0.0
2025-02-01 00:00:00-07:00,64.2314493095003,68.27266392504644,24,4.041214615546139,1.0629164476123445,100.0,1.0648696876305142,0.0,0.0
2025-02-02 00:00:00-07:00,62.02756885250307,66.08715853336044,24,4.059589680857364,1.0654481508135643,100.0,1.0648696876305142,0.0005784631830501041,0.03588066491527842
2025-02-03 00:00:00-07:00,64.81851780872887,68.92995368329679,24,4.111435874567917,1.0634299581903468,100.0,1.0647165375114274,0.0,0.0
2025-02-04 00:00:00-07:00,64.99755736512431,69.16710240831769,24,4.169545043193381,1.064149257483184,100.0,1.0642657993723759,0.0,0.0
2025-02-05 00:00:00-07:00,64.63107365652608,68.8266340152776,24,4.195560358751521,1.0649155293481323,100.0,1.0642657993723759,0.0006497299757564079,0.0419927459199653
2025-02-06 00:00:00-07:00,61.72654469040283,65.8807263517295,24,4.154181661326675,1.0672997602921481,100.0,1.0642657993723759,0.0030339609197722606,0.18727592430325812
2025-02-07 00:00:00-07:00,62.61073957974798,66.7398321504365,24,4.12909257068852,1.065948631151837,100.0,1.0642657993723759,0.001682831779461047,0.1053633423003595
2025-02-08 00:00:00-07:00,63.84135022109669,68.02285899319017,24,4.18150877209348,1.065498438827061,100.0,1.0642657993723759,0.0012326394546851027,0.07869336712289328
2025-02-09 00:00:00-07:00,63.79076765651436,67.9252999671094,24,4.134532310595034,1.0648139607420575,100.0,1.0642657993723759,0.0005481613696816101,0.034967634571636264
2025-02-10 00:00:00-07:00,62.6932694021457,66.86757824198278,24,4.174308839837082,1.0665830459895302,100.0,1.0642657993723759,0.002317246617154378,0.14527576644047022
2025-02-11 00:00:00-07:00,62.58796789522816,66.74482731514841,24,4.156859419920252,1.0664162707260092,100.0,1.0642657993723759,0.002150471353633332,0.13459363204081082
2025-02-12 00:00:00-07:00,60.835518458790794,64.93743088865436,24,4.101912429863567,1.0674262755341215,100.0,1.0642657993723759,0.00316047616174564,0.19226920587644517
2025-02-13 00:00:00-07:00,63.590802454678595,67.76756116799618,24,4.176758713317582,1.065681805419807,100.0,1.0642657993723759,0.0014160060474310843,0.09004496083682033
2025-02-14 00:00:00-07:00,63.45677278658803,67.55382202548743,24,4.097049238899402,1.0645644122602675,100.0,1.0642657993723759,0.0002986128878916805,0.018949010178089254
2025-02-15 00:00:00-07:00,63.16631629709902,67.2624863912556,24,4.096170094156584,1.0648473796523212,100.0,1.0642657993723759,0.0005815802799453706,0.03673628391518468
2025-02-16 00:00:00-07:00,62.875792756836404,66.87689007678676,24,4.001097319950361,1.0636349403247138,100.0,1.0641448128317006,0.0,0.0
2025-02-17 00:00:00-07:00,65.55533773256964,69.70874498772262,24,4.153407255152985,1.0633572703430596,100.0,1.064078865929768,0.0,0.0
2025-02-18 00:00:00-07:00,64.97917145049767,69.2172571416268,24,4.238085691129129,1.0652222180819555,100.0,1.064078865929768,0.0011433521521875267,0.07429407552528881
2025-02-19 00:00:00-07:00,63.00200503608649,67.34373897996683,24,4.341733943880342,1.0689142185457983,100.0,1.064078865929768,0.004835352616030297,0.30463690986639475
2025-02-20 00:00:00-07:00,63.61541598586852,67.73701995014102,24,4.121603964272495,1.06478938949622,100.0,1.064078865929768,0.0007105235664519594,0.045200252247604294
2025-02-21 00:00:00-07:00,64.76644401238131,68.96629262494727,24,4.199848612565958,1.0648460584274642,100.0,1.064078865929768,0.0007671924976961897,0.04968832994875925
2025-02-22 00:00:00-07:00,65.94454447453589,69.98848496105899,24,4.043940486523098,1.0613233515940752,100.0,1.0638335045720562,0.0,0.0
2025-02-23 00:00:00-07:00,63.26196381626572,67.24391496084827,24,3.9819511445825526,1.0629438434150968,100.0,1.0637176144625526,0.0,0.0
2025-02-24 00:00:00-07:00,61.904656128841275,65.88300901828534,24,3.9783528894440607,1.0642658103320044,100.0,1.0637176144625526,0.0005481958694517619,0.033935876789662485
2025-02-25 00:00:00-07:00,60.339121657205524,64.17624761157646,24,3.837125954370933,1.063592671702617,100.0,1.0636307134625043,0.0,0.0
2025-02-26 00:00:00-07:00,63.86385924349136,67.80216874513464,24,3.9383095016432748,1.0616672645263705,100.0,1.063587167013437,0.0,0.0
2025-02-27 00:00:00-07:00,65.34782602697844,69.30458150040181,24,3.956755473423371,1.0605491523434896,100.0,1.0635268581487687,0.0,0.0
2025-02-28 00:00:00-07:00,66.02269432769103,69.94805197045886,24,3.9253576427678354,1.0594546721053988,100.0,1.063422689405618,0.0,0.0
2025-03-01 00:00:00-07:00,66.24210045039437,70.15801384471816,24,3.9159133943237805,1.0591151755107195,100.0,1.0633159276502633,0.0,0.0
2025-03-02 00:00:00-07:00,65.37222954229918,69.25783123348087,24,3.885601691181691,1.059438108786966,100.0,1.0629411038348215,0.0,0.0
2025-03-03 00:00:00-07:00,64.60041925904518,68.57982640432711,24,3.9794071452819253,1.061600330012173,100.0,1.0628597798622375,0.0,0.0
2025-03-04 00:00:00-07:00,64.1956144647137,68.1871982947955,24,3.991583830081794,1.0621784504029608,100.0,1.0623326381404417,0.0,0.0
2025-03-05 00:00:00-07:00,64.49687831409727,68.50520527318258,24,4.008326959085309,1.062147611851304,100.0,1.062175366547795,0.0,0.0
2025-03-06 00:00:00-07:00,62.502374961637905,66.55492876015123,24,4.052553798513323,1.0648383969569262,100.0,1.062175366547795,0.002663030409131073,0.16644572516575432
2025-03-07 00:00:00-07:00,65.67884352823988,69.77306492166522,24,4.094221393425343,1.0623369897136656,100.0,1.062175366547795,0.00016162316587053915,0.010615222621749902
2025-03-08 00:00:00-07:00,65.73777208188743,69.75289907720367,24,4.015126995316237,1.061077929296337,100.0,1.0620995771188106,0.0,0.0
2025-03-09 00:00:00-07:00,63.30089031973069,67.11456801488542,23,3.8136776951547304,1.060246825532658,100.0,1.0616605710749507,0.0,0.0
2025-03-10 00:00:00-06:00,66.1065285287849,70.12021267392112,24,4.01368414513621,1.060715397320985,100.0,1.061600330012173,0.0,0.0
2025-03-11 00:00:00-06:00,66.21577384617264,70.21223258320596,24,3.996458737033322,1.0603550861810902,100.0,1.0615983356819876,0.0,0.0
2025-03-12 00:00:00-06:00,65.86269381836823,69.82597085667544,24,3.9632770383072113,1.060174839632841,100.0,1.0613233515940752,0.0,0.0
2025-03-13 00:00:00-06:00,65.47055855973733,69.48053725312893,24,4.009978693391602,1.061248579233256,100.0,1.061248579233256,0.0,0.0
2025-03-14 00:00:00-06:00,63.871877231353054,67.85066880058463,24,3.978791569231575,1.0622933244128683,100.0,1.061248579233256,0.001044745179612283,0.06672983585024364
2025-03-15 00:00:00-06:00,59.76476236155547,63.74528109929781,24,3.9805187377423437,1.0666031049142575,100.0,1.061248579233256,0.005354525681001476,0.3200119548838992
2025-03-16 00:00:00-06:00,65.48664746765263,69.54982635549402,24,4.063178887841389,1.0620459138612708,100.0,1.061248579233256,0.0007973346280147897,0.052214771698556484
2025-03-17 00:00:00-06:00,61.505369912226676,65.49441072180055,24,3.989040809573872,1.0648567891757512,100.0,1.061248579233256,0.003608209942495222,0.22192428723414276
2025-03-18 00:00:00-06:00,61.535042780968794,65.54575940040037,24,4.010716619431577,1.0651777660041213,100.0,1.061248579233256,0.0039291867708652894,0.2417826760396122
2025-03-19 00:00:00-06:00,65.87814372112986,70.0435357388824,24,4.165392017752538,1.063228739950311,100.0,1.061248579233256,0.0019801607170550906,0.13044931230909082
2025-03-20 00:00:00-06:00,63.47027897319268,67.49475042153247,24,4.024471448339796,1.063407180706415,100.0,1.061248579233256,0.0021586014731589387,0.13700703769334252
2025-03-21 00:00:00-06:00,61.370550286802654,65.39402468798133,24,4.0234744011786745,1.0655603442103059,100.0,1.061248579233256,0.004311764977049881,0.2646153893489142
2025-03-22 00:00:00-06:00,61.53893330468941,65.50121856868635,24,3.9622852639969466,1.0643866419389985,100.0,1.061248579233256,0.0031380627057424615,0.1931130315546185
2025-03-23 00:00:00-06:00,60.62978937032853,64.59561725766075,24,3.9658278873322175,1.0654105503007576,100.0,1.061248579233256,0.004161971067501602,0.2523394291880235
2025-03-24 00:00:00-06:00,60.36152150321385,64.4660194297046,24,4.104497926490751,1.0679985829428142,100.0,1.061248579233256,0.00675000370955825,0.4074404940612736
2025-03-25 00:00:00-06:00,61.53005257312607,65.67609536269778,24,4.146042789571709,1.0673824028452485,100.0,1.061248579233256,0.0061338236119925504,0.3774144893201837
2025-03-26 00:00:00-06:00,53.51432692697358,57.53412885965987,24,4.019801932686292,1.0751163690832133,100.0,1.061248579233256,0.01386778984995729,0.7421254397851803
2025-03-27 00:00:00-06:00,39.73701044622812,43.67773513437155,24,3.9407246881434332,1.0991701349419831,100.0,1.061248579233256,0.03792155570872713,1.5068892553349114
2025-03-28 00:00:00-06:00,43.33782423829326,47.264310975401926,24,3.926486737108668,1.0906018427579303,100.0,1.061248579233256,0.029353263524674267,1.272106575452638
2025-03-29 00:00:00-06:00,60.86407108515061,64.97200343702885,24,4.107932351878233,1.0674935520847944,100.0,1.061248579233256,0.006244972851538355,0.3800944715608662
2025-03-30 00:00:00-06:00,59.29593645158452,63.263558817469935,24,3.9676223658854184,1.066912213607167,100.0,1.061248579233256,0.005663634373910931,0.33583050392043223
2025-03-31 00:00:00-06:00,60.9030791557174,64.98777312915811,24,4.084693973440714,1.0670687595777701,100.0,1.061248579233256,0.0058201803445141476,0.3544669042224957
2025-04-01 00:00:00-06:00,62.15192354150261,66.24434921755089,24,4.092425676048279,1.065845519218975,100.0,1.061248579233256,0.004596939985719084,0.2857086625172886
2025-04-02 00:00:00-06:00,63.39227091168719,67.51037412866525,24,4.1181032169780565,1.0649622289555623,100.0,1.061248579233256,0.003713649722306256,0.23541668926755008
2025-04-03 00:00:00-06:00,61.70773579858178,65.80043982307029,24,4.092704024488512,1.0663240025180534,100.0,1.061248579233256,0.005075423284797376,0.31319287912424654
2025-04-04 00:00:00-06:00,62.417575406808666,66.45753263505,24,4.0399572282413345,1.064724674130816,100.0,1.061248579233256,0.003476094897560067,0.21696941538967832
2025-04-05 00:00:00-06:00,62.390595251515926,66.46238985170761,24,4.071794600191687,1.0652629548376165,100.0,1.061248579233256,0.004014375604360465,0.2504592835192134
2025-04-06 00:00:00-06:00,60.59981655083563,64.6667426838027,24,4.066926132967069,1.0671111954531318,100.0,1.061248579233256,0.005862616219875827,0.35527346743242855
2025-04-07 00:00:00-06:00,61.88005454544129,66.01481367369391,24,4.134759128252618,1.0668189315382113,100.0,1.061248579233256,0.005570352304955284,0.3446937044679576
2025-04-08 00:00:00-06:00,65.29970878425357,69.47305783955399,24,4.17334905530042,1.0639106840290655,100.0,1.061248579233256,0.002662104795809528,0.17383466791952698
2025-04-09 00:00:00-06:00,60.45484481787023,64.53417427452388,24,4.079329456653646,1.067477295970956,100.0,1.061248579233256,0.00622871673769998,0.3765561037921232
2025-04-10 00:00:00-06:00,58.55160056336234,62.563176460637976,24,4.011575897275634,1.0685135138694366,100.0,1.061248579233256,0.007264934636180609,0.42537355093658313
2025-04-11 00:00:00-06:00,58.69641180990152,62.78684152251901,24,4.090429712617492,1.0696879006141815,100.0,1.061248579233256,0.008439321380925513,0.4953578831709107
2025-04-12 00:00:00-06:00,63.713863678861976,67.91961946177537,24,4.205755782913393,1.066010057153522,100.0,1.061248579233256,0.004761477920266044,0.303372155121742
2025-04-13 00:00:00-06:00,65.77274711045875,69.96280458224669,24,4.190057471787938,1.063705070198013,100.0,1.061248579233256,0.0024564909647570854,0.16157015900409463
2025-04-14 00:00:00-06:00,63.18210826331386,67.3771038194363,24,4.194995556122443,1.0663953082831557,100.0,1.061248579233256,0.0051467290498996565,0.32518119203270257
2025-04-15 00:00:00-06:00,59.08211728366434,63.128030743592205,24,4.045913459927867,1.0684794933888824,100.0,1.061248579233256,0.007230914155626378,0.4272177182108263
2025-04-16 00:00:00-06:00,62.910558447646814,67.08393919218392,24,4.173380744537106,1.0663383197911067,100.0,1.061248579233256,0.005089740557850719,0.3201984208480262
2025-04-17 00:00:00-06:00,60.399894065650365,64.33255393466065,24,3.932659869010287,1.0651103769277437,100.0,1.061248579233256,0.0038617976944876897,0.23325217165002926
2025-04-18 00:00:00-06:00,57.260135356898644,61.04885846866582,24,3.788723111767176,1.0661668556693469,100.0,1.061248579233256,0.004918276436090885,0.2816211744532091
2025-04-19 00:00:00-06:00,63.38104194340316,67.21612748081517,24,3.835085537412013,1.0605084015633033,100.0,1.061077929296337,0.0,0.0
2025-04-20 00:00:00-06:00,62.70844148059666,66.61191427562127,24,3.903472795024612,1.0622479637965876,100.0,1.061077929296337,0.0011700345002505497,0.07337103998924076
2025-04-21 00:00:00-06:00,65.87011644937886,69.73346689892253,24,3.863350449543674,1.0586510341531377,100.0,1.060715397320985,0.0,0.0
2025-04-22 00:00:00-06:00,65.79537127495381,69.62148038936861,24,3.8261091144148054,1.0581516456290792,100.0,1.0605491523434896,0.0,0.0
2025-04-23 00:00:00-06:00,64.4711041867045,68.2657252580015,24,3.7946210712970014,1.0588577025190697,100.0,1.0605084015633033,0.0,0.0
2025-04-24 00:00:00-06:00,63.32448290826683,67.35370358631653,24,4.029220678049697,1.0636281654899025,100.0,1.0605084015633033,0.003119763926599184,0.19755743744775744
2025-04-25 00:00:00-06:00,63.19250449553216,67.14569960327073,24,3.9531951077385656,1.0625579748626368,100.0,1.0605084015633033,0.002049573299333529,0.12951766993205674
2025-04-26 00:00:00-06:00,65.91877231981636,70.08916782530368,24,4.1703955054873205,1.0632656731720356,100.0,1.0605084015633033,0.0027572716087322924,0.18175595939991776
2025-04-27 00:00:00-06:00,63.699411581972534,67.72505606819344,24,4.025644486220905,1.0631975144863064,100.0,1.0605084015633033,0.002689112923003112,0.17129491087277643
2025-04-28 00:00:00-06:00,62.1675504266784,66.110105478918,24,3.942555052239598,1.0634182145698265,100.0,1.0605084015633033,0.0029098130065232652,0.1808959468152398
2025-04-29 00:00:00-06:00,61.3207274285179,65.33687755627906,24,4.016150127761165,1.0654941696907105,100.0,1.0605084015633033,0.004985768127407253,0.30573092836253224
2025-04-30 00:00:00-06:00,63.2447063966406,67.33624311569612,24,4.091536719055519,1.0646937420089415,100.0,1.0605084015633033,0.00418534044563823,0.2647006276543748
2025-05-01 00:00:00-06:00,59.19659415287747,63.29733460885945,24,4.100740455981978,1.0692732498324424,100.0,1.0605084015633033,0.008764848269139147,0.5188491657997807
2025-05-02 00:00:00-06:00,59.52612906132488,63.63827377218864,24,4.11214471086376,1.06908133916498,100.0,1.0605084015633033,0.008572937601676767,0.5103137901120962
2025-05-03 00:00:00-06:00,61.213338459933524,65.3430019985024,24,4.129663538568877,1.0674634588223268,100.0,1.0605084015633033,0.006955057259023567,0.42574227400482717
2025-05-04 00:00:00-06:00,63.27312453035116,67.46212859339302,24,4.189004063041857,1.0662051083162876,100.0,1.0605084015633033,0.005696706752984282,0.3604484357944669
2025-05-05 00:00:00-06:00,62.958202439042,66.9820519358122,24,4.023849496770197,1.0639130302467927,100.0,1.0605084015633033,0.0034046286834894524,0.21434930188489798
2025-05-06 00:00:00-06:00,62.544346654739485,66.63637592679683,24,4.092029272057346,1.0654260455328821,100.0,1.0605084015633033,0.004917643969578833,0.3075708291579277
2025-05-07 00:00:00-06:00,59.93632113029793,63.91457120778633,24,3.978250077488404,1.0663746122962725,100.0,1.0605084015633033,0.005866210732969224,0.35159909030924374
2025-05-08 00:00:00-06:00,59.92210203339603,63.99846799061109,24,4.07636595721506,1.068027753014125,100.0,1.0605084015633033,0.00751935145082161,0.45057534486109696
2025-05-09 00:00:00-06:00,58.59920262821513,62.66202912198474,24,4.062826493769606,1.0693324535411577,100.0,1.0605084015633033,0.008824051977854408,0.517082409852193
2025-05-10 00:00:00-06:00,61.07682540048206,65.10339953884166,24,4.026574138359599,1.0659263822564002,100.0,1.0605084015633033,0.005417980693096958,0.3309130608154656
2025-05-11 00:00:00-06:00,59.46174209960133,63.49582239650338,24,4.034080296902047,1.0678432914081926,100.0,1.0605084015633033,0.007334889844889281,0.4361453282857912
2025-05-12 00:00:00-06:00,56.46521563970475,60.428204918953774,24,3.9629892792490224,1.0701846124972976,100.0,1.0605084015633033,0.00967621093399429,0.5463693369632565
2025-05-13 00:00:00-06:00,60.46170207408467,64.38247600701034,24,3.9207739329256697,1.0648472305348182,100.0,1.0605084015633033,0.004338828971514941,0.2623329846261436
2025-05-14 00:00:00-06:00,63.072554510224656,66.91127166838503,24,3.838717158160371,1.060861926204972,100.0,1.0605084015633033,0.00035352464166882314,0.022297702232364484
2025-05-15 00:00:00-06:00,59.8429119248467,63.69391097857105,24,3.850999053724344,1.0643517992333094,100.0,1.0605084015633033,0.003843397670006077,0.2300001082583347
2025-05-16 00:00:00-06:00,58.22232574810068,62.079054163677036,24,3.856728415576356,1.0662414008032335,100.0,1.0605084015633033,0.005732999239930203,0.3337885492608299
2025-05-17 00:00:00-06:00,61.25062219779954,65.26963557427923,24,4.019013376479698,1.0656158783742786,100.0,1.0605084015633033,0.005107476810975342,0.3128361325330727
2025-05-18 00:00:00-06:00,61.4602251760263,65.46059424650844,24,4.000369070482137,1.0650887473813317,100.0,1.0605084015633033,0.004580345818028464,0.2815090853600998
2025-05-19 00:00:00-06:00,62.44174800369998,66.31937843204719,24,3.87763042834721,1.062099966005395,100.0,1.0605084015633033,0.0015915644420916308,0.09938006582473496
2025-05-20 00:00:00-06:00,63.82093586854427,67.69421471312697,24,3.8732788445826998,1.060689784502075,100.0,1.0605084015633033,0.00018138293877179024,0.011576028903002517
2025-05-21 00:00:00-06:00,61.967083356544585,65.88622392492952,24,3.9191405683849396,1.0632455225596966,100.0,1.0605084015633033,0.0027371209963933385,0.16961140494045437
2025-05-22 00:00:00-06:00,61.463153208603465,65.56772687770453,24,4.104573669101065,1.066781046119946,100.0,1.0605084015633033,0.006272644556642781,0.38553651340804784
2025-05-23 00:00:00-06:00,60.655733979324,65.00847240375388,24,4.352738424429887,1.0717613676212974,100.0,1.0605084015633033,0.011252966057994085,0.6825569156920515
2025-05-24 00:00:00-06:00,64.51083259343136,68.99567940460993,24,4.484846811178571,1.0695208328722645,100.0,1.0605084015633033,0.009012431308961233,0.5813994474321975
2025-05-25 00:00:00-06:00,62.20686090626447,66.10870130610958,24,3.9018403998451134,1.0627236343869617,100.0,1.0605084015633033,0.0022152328236584307,0.13780268013631147
2025-05-26 00:00:00-06:00,62.035364569315554,65.91860284856854,24,3.8832382792529856,1.0625971702788017,100.0,1.0605084015633033,0.002088768715498457,0.12957752876692774
2025-05-27 00:00:00-06:00,64.72270827598503,68.61416884814612,24,3.891460572161094,1.060125119541776,100.0,1.0603550861810902,0.0,0.0
2025-05-28 00:00:00-06:00,65.04238842623538,68.96428929264661,24,3.921900866411235,1.060297614544999,100.0,1.060297614544999,0.0,0.0
2025-05-29 00:00:00-06:00,61.641392958592704,65.54956948802923,24,3.908176529436531,1.0634018204627826,100.0,1.060297614544999,0.003104205917783709,0.1913475768024945
2025-05-30 00:00:00-06:00,59.8697929604452,63.86271143837619,24,3.992918477930985,1.0666933737447368,100.0,1.0603550861810902,0.006338287563646627,0.37947196415928824
2025-05-31 00:00:00-06:00,61.31108534766282,65.61990719888803,24,4.308821851225211,1.0702780227554636,100.0,1.0605084015633033,0.009769621192160294,0.5989860787268751
2025-06-01 00:00:00-06:00,61.90538340915165,66.28749263406188,24,4.382109224910224,1.070787207567192,100.0,1.060689784502075,0.010097423065116962,0.6250848462904768
2025-06-02 00:00:00-06:00,59.71975333000064,63.98206637597271,24,4.262313045972064,1.0713719131159047,100.0,1.060689784502075,0.010682128613829667,0.6379340858572494
2025-06-03 00:00:00-06:00,53.26634773389087,57.00091069453943,24,3.73456296064856,1.0701111136679722,100.0,1.060689784502075,0.009421329165897108,0.5018397954661233
2025-06-04 00:00:00-06:00,56.499894154195985,60.22759809035222,24,3.7277039361562316,1.0659771844170685,100.0,1.060689784502075,0.005287399914993385,0.29873753554803106
2025-06-05 00:00:00-06:00,61.69921562446377,65.51772857193482,24,3.8185129474710564,1.061889165183439,100.0,1.060689784502075,0.0011993806813639374,0.07400084727528984
2025-06-06 00:00:00-06:00,63.04909095513251,66.92978680810351,24,3.8806958529710016,1.061550385488232,100.0,1.060689784502075,0.000860600986156923,0.05426010985228458
2025-06-07 00:00:00-06:00,64.02810556836579,67.92940311591441,24,3.901297547548623,1.0609310163547323,100.0,1.060689784502075,0.00024123185265723102,0.01544561852838965
2025-06-08 00:00:00-06:00,64.09175888544961,67.92801826432078,24,3.8362593788711763,1.059855735676215,100.0,1.060671646208198,0.0,0.0
2025-06-09 00:00:00-06:00,65.0469697710156,68.96138379979274,24,3.914414028777145,1.0601782687580532,100.0,1.060671646208198,0.0,0.0
2025-06-10 00:00:00-06:00,64.94952309019011,68.95876729503254,24,4.009244204842432,1.0617286165331057,100.0,1.0608447120346824,0.000883904498423238,0.05740917562986301
2025-06-11 00:00:00-06:00,61.575421319079666,65.61267769421916,24,4.037256375139492,1.0655660373677136,100.0,1.0608447120346824,0.004721325333031157,0.29071759656583757
2025-06-12 00:00:00-06:00,61.18961064070812,65.36079334645437,24,4.171182705746254,1.0681681524374869,100.0,1.0608447120346824,0.007323440402804415,0.4481184667980328
2025-06-13 00:00:00-06:00,62.82401885366496,67.12577966245247,24,4.301760808787513,1.0684731872822009,100.0,1.0608447120346824,0.007628475247518418,0.47925147277481356
2025-06-14 00:00:00-06:00,59.107418081816775,63.461792543879874,24,4.354374462063099,1.0736688321597088,100.0,1.0608447120346824,0.012824120125026317,0.758000629761371
2025-06-15 00:00:00-06:00,60.79455517468684,65.24515525845088,24,4.450600083764037,1.0732072152016854,100.0,1.0608447120346824,0.012362503167002936,0.7515728808836009
2025-06-16 00:00:00-06:00,59.960941089268054,64.3369997059501,24,4.376058616682052,1.0729818201179848,100.0,1.0608447120346824,0.012137108083302373,0.7277524227769727
2025-06-17 00:00:00-06:00,61.57451624085432,66.07017693944233,24,4.495660698588011,1.0730117096008165,100.0,1.0608447120346824,0.012166997566134041,0.7491769892383555
2025-06-18 00:00:00-06:00,64.42502822274554,68.77083588686246,24,4.3458076641169185,1.0674552698540007,100.0,1.0608447120346824,0.006610557819318297,0.42588537407767246
2025-06-19 00:00:00-06:00,65.63641125625993,69.958798590008,24,4.322387333748068,1.0658534988586206,100.0,1.0608447120346824,0.005008786823938127,0.3287587918709389
2025-06-20 00:00:00-06:00,47.54997388402189,51.03858159022224,22,3.488607706200355,1.073367184484882,91.66666666666667,1.0608447120346824,0.012522472450199551,0.5954432379703722
2025-06-21 00:00:00-06:00,65.87329416281351,70.2275462791868,24,4.354252116373289,1.0661004155281995,100.0,1.0608447120346824,0.0052557034935170055,0.34621050226097233
2025-06-22 00:00:00-06:00,66.59602627355359,71.3303525023233,24,4.734326228769703,1.0710902210489666,100.0,1.0608447120346824,0.010245509014284115,0.6823101875011951
2025-06-23 00:00:00-06:00,66.51511434064807,71.01504519318036,24,4.499930852532287,1.067652756777753,100.0,1.0608447120346824,0.006808044743070507,0.4528378745215828
2025-06-24 00:00:00-06:00,63.9397344217713,68.67812791763599,24,4.738393495864692,1.074107181375018,100.0,1.0608447120346824,0.013262469340335592,0.8479987673979421
2025-06-25 00:00:00-06:00,52.33937512546772,56.714669895523805,24,4.375294770056087,1.0835947078001533,100.0,1.0608447120346824,0.022749995765470876,1.1907205624717823
2025-06-26 00:00:00-06:00,11.694553120263004,13.589099136398787,14,1.8945460161357826,1.162002429391947,58.333333333333336,1.0608447120346824,0.10115771735726464,1.1829942991590823
2025-06-30 00:00:00-06:00,7.806160301005237,9.332251166416858,12,1.5260908654116214,1.1954982739997153,50.0,1.0607930695238132,0.13470520447590206,1.0515304195185797
2025-07-01 00:00:00-06:00,23.706154763532393,26.559630780844447,24,2.8534760173120546,1.1203685728780277,100.0,1.0607930695238132,0.059575503354214465,1.4123061026303512
2025-07-02 00:00:00-06:00,39.132153980279156,42.206312929355,24,3.0741589490758443,1.0785583883428722,100.0,1.0607930695238132,0.01776531881905896,0.6951951915361664
2025-07-03 00:00:00-06:00,62.33691865941897,65.92925972181791,24,3.592341062398944,1.057627825366632,100.0,1.0606172313265663,0.0,0.0
2025-07-04 00:00:00-06:00,64.62861550514417,68.62115987095677,24,3.9925443658126056,1.0617767274543397,100.0,1.0606172313265663,0.0011594961277734406,0.07493662942157321
2025-07-05 00:00:00-06:00,66.7164798509664,70.69901403226038,24,3.9825341812939854,1.0596934099369497,100.0,1.0604240867559815,0.0,0.0
2025-07-06 00:00:00-06:00,67.08771832144065,71.12449014395328,24,4.036771822512634,1.0601715473936832,100.0,1.0602498762302206,0.0,0.0
2025-07-07 00:00:00-06:00,65.07302771320647,68.95778238697778,24,3.8847546737713117,1.0596983851879833,100.0,1.0601755802123052,0.0,0.0
2025-07-08 00:00:00-06:00,61.98191350652432,65.6651856286988,24,3.683272122174472,1.0594249501798096,100.0,1.0601529762529203,0.0,0.0
2025-07-09 00:00:00-06:00,64.02280804201334,67.73817383693847,24,3.715365794925134,1.0580319093859023,100.0,1.0600173659955516,0.0,0.0
2025-07-10 00:00:00-06:00,63.845487632545805,67.62100356133988,24,3.7755159287940714,1.059135203892929,100.0,1.0597927954809223,0.0,0.0
2025-07-11 00:00:00-06:00,63.449478775462126,67.29409684562357,24,3.844618070161445,1.0605933751444507,100.0,1.0597927954809223,0.0008005796635284224,0.050796362369113245
2025-07-13 00:00:00-06:00,27.859521159719062,29.673368125845197,10,1.8138469661261354,1.0651068966952921,41.666666666666664,1.0597770604320993,0.005329836263192833,0.1484866861522587
2025-07-14 00:00:00-06:00,63.28325133972606,67.0701845298488,24,3.7869331901227454,1.0598410023181837,100.0,1.0597696937530836,7.130856510007e-05,0.004512637847902947
2025-07-15 00:00:00-06:00,63.63971024153391,67.48049640627752,24,3.840786164743612,1.0603520372761999,100.0,1.0597696937530836,0.0005823435231162577,0.03706017307215265
2025-07-16 00:00:00-06:00,63.565026189611736,67.94800469752064,24,4.382978507908909,1.0689526736736437,100.0,1.0597696937530836,0.009182979920560053,0.5837163591490785
2025-07-17 00:00:00-06:00,65.07610568257721,69.1707116825647,24,4.094605999987493,1.0629202678470009,100.0,1.0597696937530836,0.00315057409391728,0.20502709269655084
2025-07-18 00:00:00-06:00,66.31227212639453,70.40408222887918,24,4.091810102484644,1.0617051711738281,100.0,1.0597696937530836,0.0019354774207445136,0.1283459054189024
2025-07-19 00:00:00-06:00,65.44204418327247,69.50053357539628,24,4.058489392123803,1.0620165436879978,100.0,1.0597696937530836,0.002246849934914197,0.14703845271383775
2025-07-20 00:00:00-06:00,63.56344974376477,67.36810697804468,24,3.804657234279908,1.0598560532761696,100.0,1.0598483689971994,7.684278970243597e-06,0.0004884392801421473
2025-07-21 00:00:00-06:00,64.01902689516245,67.99334080652709,24,3.974313911364632,1.0620801987176869,100.0,1.0598558944761924,0.002224304241494446,0.14239779305925684
2025-07-22 00:00:00-06:00,64.29834004719008,68.48472097444116,24,4.186380927251079,1.0651086936953365,100.0,1.059990586408973,0.005118107286363527,0.3290858026966033
2025-07-23 00:00:00-06:00,61.453391583465304,65.57778030011436,24,4.124388716649051,1.0671140942814743,100.0,1.059990586408973,0.007123507872501378,0.437763718736725
2025-07-24 00:00:00-06:00,61.811920563082516,65.92432775713003,24,4.112407194047513,1.0665309726115138,100.0,1.059990586408973,0.006540386202540827,0.4042738324033345
2025-07-25 00:00:00-06:00,62.49522060706351,66.49993563489234,24,4.00471502782883,1.0640803406873036,100.0,1.059990586408973,0.004089754278330693,0.25559009585295844
2025-07-26 00:00:00-06:00,61.922730257421925,65.83441491604451,24,3.9116846586225833,1.0631704164587241,100.0,1.059990586408973,0.0031798300497511978,0.19690375843518795
2025-07-27 00:00:00-06:00,62.60006783948199,66.5307525752955,24,3.9306847358135073,1.0627904229415932,100.0,1.059990586408973,0.002799836532620281,0.17526995688148964
2025-07-28 00:00:00-06:00,63.33982024146653,67.32034932250761,24,3.9805290810410767,1.0628440223838076,100.0,1.059990586408973,0.0028534359748346727,0.180736121716562
2025-07-29 00:00:00-06:00,62.379075391511215,67.15217034402693,24,4.773094952515713,1.0765175649455885,100.0,1.059990586408973,0.016526978536615555,1.0309376401294295
2025-07-30 00:00:00-06:00,62.629024290436945,66.69618860447986,24,4.067164314042913,1.0649405664565645,100.0,1.059990586408973,0.004949980047591618,0.31001242063779366
2025-07-31 00:00:00-06:00,62.73879292696713,66.58792168648614,24,3.8491287595190116,1.061351654693129,100.0,1.059990586408973,0.0013610682841560529,0.08539178123912905
2025-08-01 00:00:00-06:00,62.44933441770282,66.32151315408971,24,3.8721787363868927,1.0620051241937531,100.0,1.059990586408973,0.0020145377847802237,0.12580654381883843
2025-08-02 00:00:00-06:00,59.94369209983505,63.75508190979605,24,3.8113898099609997,1.0635828337636128,100.0,1.059990586408973,0.0035922473546399214,0.2153325693729824
2025-08-03 00:00:00-06:00,61.008132946927375,64.52154611115324,24,3.5134131642258666,1.057589258915402,100.0,1.0598558944761924,0.0,0.0
2025-08-04 00:00:00-06:00,59.796322420395775,63.425840899875254,24,3.6295184794794793,1.0606980217606408,100.0,1.0598558944761924,0.0008421272844483241,0.05035611461988433
2025-08-05 00:00:00-06:00,58.160531339594655,61.72602357074763,24,3.565492231152973,1.0613043269899711,100.0,1.0598558944761924,0.0014484325137786858,0.08424160461091312
2025-08-06 00:00:00-06:00,64.24925256301073,67.91604085405518,24,3.6667882910444547,1.0570712988053572,100.0,1.0598483689971994,0.0,0.0
2025-08-07 00:00:00-06:00,63.61725198479933,67.48910960909463,24,3.871857624295295,1.0608617553178883,100.0,1.0598483689971994,0.0010133863206889249,0.064468852921216
2025-08-08 00:00:00-06:00,62.4592219155729,66.85659036053866,24,4.397368444965764,1.0704038300526664,100.0,1.0598483689971994,0.010555461055467008,0.6592858844846011
2025-08-09 00:00:00-06:00,62.595689178445525,67.26623001080516,24,4.6705408323596345,1.0746144166420954,100.0,1.0598483689971994,0.014766047644896085,0.924290928774033
2025-08-10 00:00:00-06:00,61.960178303998,66.54018332463133,24,4.58000502063333,1.0739185255110508,100.0,1.0598483689971994,0.014070156513851462,0.8717894063633954
2025-08-11 00:00:00-06:00,61.64193689663787,65.91175487968488,24,4.269817983047005,1.06926806972673,100.0,1.0598483689971994,0.009419700729530689,0.5806485979549445
2025-08-12 00:00:00-06:00,61.77635040250805,66.24949161749745,24,4.473141214989404,1.0724086351143172,100.0,1.0598483689971994,0.012560266117117802,0.7759274007998186
2025-08-13 00:00:00-06:00,64.5471751135733,69.07508029560928,24,4.52790518203598,1.0701487737312896,100.0,1.0598483689971994,0.010300404734090218,0.6648620281120008
2025-08-14 00:00:00-06:00,63.39015568465915,67.83051199022987,24,4.440356305570717,1.0700480422805667,100.0,1.0598483689971994,0.01019967328336735,0.6465588773653148
2025-08-15 00:00:00-06:00,64.84119802200128,69.45909741067221,24,4.617899388670935,1.0712186006665705,100.0,1.0598483689971994,0.011370231669371123,0.7372594432297231
2025-08-16 00:00:00-06:00,65.34514617303995,70.07634645691638,24,4.731200283876433,1.0724032397348653,100.0,1.0598483689971994,0.012554870737665924,0.8203998635364017
2025-08-17 00:00:00-06:00,66.37320205902206,71.06651297173967,24,4.693310912717607,1.0707109310252065,100.0,1.0598483689971994,0.010862562028007172,0.7209830243635805
2025-08-18 00:00:00-06:00,63.8777923378841,68.59349000487302,24,4.715697666988916,1.0738237420924794,100.0,1.0598483689971994,0.013975373095280075,0.8927159804247532
2025-08-19 00:00:00-06:00,54.788497192849505,59.399004334249234,24,4.610507141399729,1.0841510057333978,100.0,1.0598483689971994,0.02430263673619848,1.3315049446000518
2025-08-20 00:00:00-06:00,62.52393943135713,67.05778999822813,24,4.533850566871003,1.0725138340307006,100.0,1.0598483689971994,0.012665465033501189,0.7918947686246
2025-08-21 00:00:00-06:00,63.74719466399065,68.105504081743,24,4.358309417752359,1.0683686465063265,100.0,1.0598483689971994,0.008520277509127094,0.5431437889655463
2025-08-22 00:00:00-06:00,60.61780998027903,65.0073501462957,24,4.38954016601668,1.072413374344021,100.0,1.0598483689971994,0.01256500534682159,0.761663106514821
2025-08-23 00:00:00-06:00,57.17593270914053,61.52653511072128,24,4.350602401580744,1.0760914985630874,100.0,1.0598483689971994,0.016243129565888026,0.9287160830450648
2025-08-24 00:00:00-06:00,58.020298044896975,62.199719445965414,24,4.1794214010684385,1.0720337802786595,100.0,1.0598483689971994,0.012185411281460112,0.7070011943499657
2025-08-25 00:00:00-06:00,57.42285193445564,61.704991228406676,24,4.282139293951033,1.0745720414381161,100.0,1.0598483689971994,0.014723672440916769,0.8454752625061887
2025-08-26 00:00:00-06:00,57.79945065159034,62.16879696879739,24,4.369346317207047,1.0755949454181677,100.0,1.0598483689971994,0.015746576420968328,0.9101434667752549
2025-08-27 00:00:00-06:00,57.91564386114299,62.30265505168773,24,4.38701119054474,1.0757482935191556,100.0,1.0598483689971994,0.01589992452195621,0.92085436603267
2025-08-28 00:00:00-06:00,55.022023846164316,59.13288070610974,23,4.110856859945422,1.0747129344322,100.0,1.0598483689971994,0.014864565435000587,0.8178784738274721
